source_path,relative_path,label,class_name,modality,sha256,duplicate_group_size
C:\Users\dondo\OneDrive\Documents\ADBU CSE(AI & ML)\5th sem\Minor Project\Project Prototype\Brain-Tumor-Minor-Project\dataset\Brain Tumor MRI images\Healthy\mri_healthy (1).jpeg,Brain Tumor MRI images/Healthy/mri_healthy (1).jpeg,0,Healthy,MRI,29ab6ce248864049d1daf21326d2ff9a0b33dd0025086d6b578a866dba96c18e,1
C:\Users\dondo\OneDrive\Documents\ADBU CSE(AI & ML)\5th sem\Minor Project\Project Prototype\Brain-Tumor-Minor-Project\dataset\Brain Tumor MRI images\Healthy\mri_healthy (1).jpg,Brain Tumor MRI images/Healthy/mri_healthy (1).jpg,0,Healthy,MRI,95e36d8f2f63b5508be1a6fd48a493883fa65ebbec5d855d637f7eb89bb339b1,1
C:\Users\dondo\OneDrive\Documents\ADBU CSE(AI & ML)\5th sem\Minor Project\Project Prototype\Brain-Tumor-Minor-Project\dataset\Brain Tumor MRI images\Healthy\mri_healthy (10).jpg,Brain Tumor MRI images/Healthy/mri_healthy (10).jpg,0,Healthy,MRI,41afa888fa3fd23b1a8e1f0044a93f0fa10acbc87c83a968dfdd739dec33c194,6
C:\Users\dondo\OneDrive\Documents\ADBU CSE(AI & ML)\5th sem\Minor Project\Project Prototype\Brain-Tumor-Minor-Project\dataset\Brain Tumor MRI images\Healthy\mri_healthy (100).jpg,Brain Tumor MRI images/Healthy/mri_healthy (100).jpg,0,Healthy,MRI,8d91cda6da8bb8d45b8158d9acf244f5c38e55d6cea34b3a66ff63b48c9b0e2e,1
C:\Users\dondo\OneDrive\Documents\ADBU CSE(AI & ML)\5th sem\Minor Project\Project Prototype\Brain-Tumor-Minor-Project\dataset\Brain Tumor MRI images\Healthy\mri_healthy (1000).jpg,Brain Tumor MRI images/Healthy/mri_healthy (1000).jpg,0,Healthy,MRI,c7b8fb5874cf2a4d6914f7c45408516db1d2f6ea070642cd1ed70b6b156f6d14,1
C:\Users\dondo\OneDrive\Documents\ADBU CSE(AI & ML)\5th sem\Minor Project\Project Prototype\Brain-Tumor-Minor-Project\dataset\Brain Tumor MRI images\Healthy\mri_healthy (1001).jpg,Brain Tumor MRI images/Healthy/mri_healthy (1001).jpg,0,Healthy,MRI,10d1213d76982e436c94ce43790845a4b84439dccc4d2040767352ccf6820a6e,1
C:\Users\dondo\OneDrive\Documents\ADBU CSE(AI & ML)\5th sem\Minor Project\Project Prototype\Brain-Tumor-Minor-Project\dataset\Brain Tumor MRI images\Healthy\mri_healthy (1002).jpg,Brain Tumor MRI images/Healthy/mri_healthy (1002).jpg,0,Healthy,MRI,2fc3c90f835759ccae35440f9d405733173e2ff1cd6fb77dd0b7fef4854bfad8,1
C:\Users\dondo\OneDrive\Documents\ADBU CSE(AI & ML)\5th sem\Minor Project\Project Prototype\Brain-Tumor-Minor-Project\dataset\Brain Tumor MRI images\Healthy\mri_healthy (1003).jpg,Brain Tumor MRI images/Healthy/mri_healthy (1003).jpg,0,Healthy,MRI,c764368499ece0c1bd4612d05ec2c50d3e80f8944ec172a7830a2d329f9e5ce3,1
C:\Users\dondo\OneDrive\Documents\ADBU CSE(AI & ML)\5th sem\Minor Project\Project Prototype\Brain-Tumor-Minor-Project\dataset\Brain Tumor MRI images\Healthy\mri_healthy (1004).jpg,Brain Tumor MRI images/Healthy/mri_healthy (1004).jpg,0,Healthy,MRI,7cdb9f3bc37ee2639a2eecb6b8deb22b32d0d1ff686ce7766638ed65c8e09579,1
C:\Users\dondo\OneDrive\Documents\ADBU CSE(AI & ML)\5th sem\Minor Project\Project Prototype\Brain-Tumor-Minor-Project\dataset\Brain Tumor MRI images\Healthy\mri_healthy (1006).jpg,Brain Tumor MRI images/Healthy/mri_healthy (1006).jpg,0,Healthy,MRI,d883c0ebb999f98200db10fe9880844e15e747bef3d25e70076ccce3d319c4ae,1
C:\Users\dondo\OneDrive\Documents\ADBU CSE(AI & ML)\5th sem\Minor Project\Project Prototype\Brain-Tumor-Minor-Project\dataset\Brain Tumor MRI images\Healthy\mri_healthy (1008).jpg,Brain Tumor MRI images/Healthy/mri_healthy (1008).jpg,0,Healthy,MRI,8b5f0510e07aa36cc0007fb968db327981aa95c2ec964ab1b0d767ad348784e4,1
C:\Users\dondo\OneDrive\Documents\ADBU CSE(AI & ML)\5th sem\Minor Project\Project Prototype\Brain-Tumor-Minor-Project\dataset\Brain Tumor MRI images\Healthy\mri_healthy (101).jpg,Brain Tumor MRI images/Healthy/mri_healthy (101).jpg,0,Healthy,MRI,7025e1c1b1037237918f8f808858e459d7b633ff3c7100ff9bbe43163109f9ad,2
C:\Users\dondo\OneDrive\Documents\ADBU CSE(AI & ML)\5th sem\Minor Project\Project Prototype\Brain-Tumor-Minor-Project\dataset\Brain Tumor MRI images\Healthy\mri_healthy (1011).jpg,Brain Tumor MRI images/Healthy/mri_healthy (1011).jpg,0,Healthy,MRI,d5f5e1959590d43f76966a0fa3ad9f372bfe65724932a66ac4d5e3b672f22dd1,1
C:\Users\dondo\OneDrive\Documents\ADBU CSE(AI & ML)\5th sem\Minor Project\Project Prototype\Brain-Tumor-Minor-Project\dataset\Brain Tumor MRI images\Healthy\mri_healthy (1013).jpg,Brain Tumor MRI images/Healthy/mri_healthy (1013).jpg,0,Healthy,MRI,dd08f7706e5fa30c612350735944436c8c2c4035b0c2c69deed8c0d24e78c9a6,1
C:\Users\dondo\OneDrive\Documents\ADBU CSE(AI & ML)\5th sem\Minor Project\Project Prototype\Brain-Tumor-Minor-Project\dataset\Brain Tumor MRI images\Healthy\mri_healthy (1014).jpg,Brain Tumor MRI images/Healthy/mri_healthy (1014).jpg,0,Healthy,MRI,6cee4972fd7237d4be4048dab15520a114bce2694b8a0e7479159cb417aecbd5,1
C:\Users\dondo\OneDrive\Documents\ADBU CSE(AI & ML)\5th sem\Minor Project\Project Prototype\Brain-Tumor-Minor-Project\dataset\Brain Tumor MRI images\Healthy\mri_healthy (1016).jpg,Brain Tumor MRI images/Healthy/mri_healthy (1016).jpg,0,Healthy,MRI,f6748f4ebeddf7ef18b5866e5c5eab8879eff007f4e3652155cd9eb691d492de,1
C:\Users\dondo\OneDrive\Documents\ADBU CSE(AI & ML)\5th sem\Minor Project\Project Prototype\Brain-Tumor-Minor-Project\dataset\Brain Tumor MRI images\Healthy\mri_healthy (1017).jpg,Brain Tumor MRI images/Healthy/mri_healthy (1017).jpg,0,Healthy,MRI,03415dfa522c2996d1a677024dae247f8128725d73fd4b442d90d63a137c9d06,4
C:\Users\dondo\OneDrive\Documents\ADBU CSE(AI & ML)\5th sem\Minor Project\Project Prototype\Brain-Tumor-Minor-Project\dataset\Brain Tumor MRI images\Healthy\mri_healthy (1018).jpg,Brain Tumor MRI images/Healthy/mri_healthy (1018).jpg,0,Healthy,MRI,e42a3338588e8d2cbfd5d5865980944a0a335b6c117122413eac7dc356b12131,3
C:\Users\dondo\OneDrive\Documents\ADBU CSE(AI & ML)\5th sem\Minor Project\Project Prototype\Brain-Tumor-Minor-Project\dataset\Brain Tumor MRI images\Healthy\mri_healthy (1019).jpg,Brain Tumor MRI images/Healthy/mri_healthy (1019).jpg,0,Healthy,MRI,989489fe355ad3e208e0b0fe359e3714a7049c42b8a66c8a478a8fb16b01d9fe,2
C:\Users\dondo\OneDrive\Documents\ADBU CSE(AI & ML)\5th sem\Minor Project\Project Prototype\Brain-Tumor-Minor-Project\dataset\Brain Tumor MRI images\Healthy\mri_healthy (102).jpg,Brain Tumor MRI images/Healthy/mri_healthy (102).jpg,0,Healthy,MRI,1238dd02ab7ea56c9aca53bfc8098b28bdd258964f94c23f7c2fe8331f8447c7,2
C:\Users\dondo\OneDrive\Documents\ADBU CSE(AI & ML)\5th sem\Minor Project\Project Prototype\Brain-Tumor-Minor-Project\dataset\Brain Tumor MRI images\Healthy\mri_healthy (1021).jpg,Brain Tumor MRI images/Healthy/mri_healthy (1021).jpg,0,Healthy,MRI,60328a0fd5c5d5af6a8f459f3840030a1a12dac075c328b752f24ff398532650,1
C:\Users\dondo\OneDrive\Documents\ADBU CSE(AI & ML)\5th sem\Minor Project\Project Prototype\Brain-Tumor-Minor-Project\dataset\Brain Tumor MRI images\Healthy\mri_healthy (1026).jpg,Brain Tumor MRI images/Healthy/mri_healthy (1026).jpg,0,Healthy,MRI,ddba5cebb49c65a25ba446ac716a901e642dfe6b373d26ad55a0805581421f4b,1
C:\Users\dondo\OneDrive\Documents\ADBU CSE(AI & ML)\5th sem\Minor Project\Project Prototype\Brain-Tumor-Minor-Project\dataset\Brain Tumor MRI images\Healthy\mri_healthy (1027).jpg,Brain Tumor MRI images/Healthy/mri_healthy (1027).jpg,0,Healthy,MRI,0849ed953de7f1c898956c4c477147030a5088f9391bbf70e2308b57ebdc9fa5,1
C:\Users\dondo\OneDrive\Documents\ADBU CSE(AI & ML)\5th sem\Minor Project\Project Prototype\Brain-Tumor-Minor-Project\dataset\Brain Tumor MRI images\Healthy\mri_healthy (1029).jpg,Brain Tumor MRI images/Healthy/mri_healthy (1029).jpg,0,Healthy,MRI,51a6ccb22b54796e85c09ba2929fdc1ae717bab9eded72ff4ecf87ed5c666382,1
C:\Users\dondo\OneDrive\Documents\ADBU CSE(AI & ML)\5th sem\Minor Project\Project Prototype\Brain-Tumor-Minor-Project\dataset\Brain Tumor MRI images\Healthy\mri_healthy (1030).jpg,Brain Tumor MRI images/Healthy/mri_healthy (1030).jpg,0,Healthy,MRI,1248e434e0f2bab9a03ea3c86bef3641657b631bf535432d17070f5b584e2274,1
C:\Users\dondo\OneDrive\Documents\ADBU CSE(AI & ML)\5th sem\Minor Project\Project Prototype\Brain-Tumor-Minor-Project\dataset\Brain Tumor MRI images\Healthy\mri_healthy (1031).jpg,Brain Tumor MRI images/Healthy/mri_healthy (1031).jpg,0,Healthy,MRI,21165adcc22b12585aa72fa6144beebdc51f563714fd58984c355333014f5e34,1
C:\Users\dondo\OneDrive\Documents\ADBU CSE(AI & ML)\5th sem\Minor Project\Project Prototype\Brain-Tumor-Minor-Project\dataset\Brain Tumor MRI images\Healthy\mri_healthy (1036).jpg,Brain Tumor MRI images/Healthy/mri_healthy (1036).jpg,0,Healthy,MRI,3f4ef18315645e14a4707bee3669a82ee0b69a07a3b8520237a261d7aa375b06,1
C:\Users\dondo\OneDrive\Documents\ADBU CSE(AI & ML)\5th sem\Minor Project\Project Prototype\Brain-Tumor-Minor-Project\dataset\Brain Tumor MRI images\Healthy\mri_healthy (1038).jpg,Brain Tumor MRI images/Healthy/mri_healthy (1038).jpg,0,Healthy,MRI,b45b2b4537895d015722fa1c298c3c12cea66a625f0f160d79144bfcb3ebe0f7,1
C:\Users\dondo\OneDrive\Documents\ADBU CSE(AI & ML)\5th sem\Minor Project\Project Prototype\Brain-Tumor-Minor-Project\dataset\Brain Tumor MRI images\Healthy\mri_healthy (1039).jpg,Brain Tumor MRI images/Healthy/mri_healthy (1039).jpg,0,Healthy,MRI,60c9f064c68b184e71188b9d2c22f932f2ed244b64826c4aef71b3508a39710f,1
C:\Users\dondo\OneDrive\Documents\ADBU CSE(AI & ML)\5th sem\Minor Project\Project Prototype\Brain-Tumor-Minor-Project\dataset\Brain Tumor MRI images\Healthy\mri_healthy (104).jpg,Brain Tumor MRI images/Healthy/mri_healthy (104).jpg,0,Healthy,MRI,f39737bad11978780a3f3c1108f7929fdb7d17eee8cd4b442cf9b513af8190f1,1
C:\Users\dondo\OneDrive\Documents\ADBU CSE(AI & ML)\5th sem\Minor Project\Project Prototype\Brain-Tumor-Minor-Project\dataset\Brain Tumor MRI images\Healthy\mri_healthy (1040).jpg,Brain Tumor MRI images/Healthy/mri_healthy (1040).jpg,0,Healthy,MRI,27793a68bd2230d3466786d09879b875e59497ae9dc7b45629fa61bdc61c29b3,1
C:\Users\dondo\OneDrive\Documents\ADBU CSE(AI & ML)\5th sem\Minor Project\Project Prototype\Brain-Tumor-Minor-Project\dataset\Brain Tumor MRI images\Healthy\mri_healthy (1041).jpg,Brain Tumor MRI images/Healthy/mri_healthy (1041).jpg,0,Healthy,MRI,a42154fbcc6251ef2d79eda7ffcc70b4bea21f503b072e77d91e1b95fd8bc010,2
C:\Users\dondo\OneDrive\Documents\ADBU CSE(AI & ML)\5th sem\Minor Project\Project Prototype\Brain-Tumor-Minor-Project\dataset\Brain Tumor MRI images\Healthy\mri_healthy (1045).jpg,Brain Tumor MRI images/Healthy/mri_healthy (1045).jpg,0,Healthy,MRI,1f32fcff0a5bc468ccca6978b1764299973d71bc2ca5cdb584fa67de38d91661,2
C:\Users\dondo\OneDrive\Documents\ADBU CSE(AI & ML)\5th sem\Minor Project\Project Prototype\Brain-Tumor-Minor-Project\dataset\Brain Tumor MRI images\Healthy\mri_healthy (1048).jpg,Brain Tumor MRI images/Healthy/mri_healthy (1048).jpg,0,Healthy,MRI,9da66f8293b3f031f68a275a97008e7258615e816aec43fb5994ac9561764c47,1
C:\Users\dondo\OneDrive\Documents\ADBU CSE(AI & ML)\5th sem\Minor Project\Project Prototype\Brain-Tumor-Minor-Project\dataset\Brain Tumor MRI images\Healthy\mri_healthy (1049).jpg,Brain Tumor MRI images/Healthy/mri_healthy (1049).jpg,0,Healthy,MRI,111f269c8644ef8e87576b700918784f5b430450d8a7e1e534cc7bafeb92d3d0,1
C:\Users\dondo\OneDrive\Documents\ADBU CSE(AI & ML)\5th sem\Minor Project\Project Prototype\Brain-Tumor-Minor-Project\dataset\Brain Tumor MRI images\Healthy\mri_healthy (105).jpg,Brain Tumor MRI images/Healthy/mri_healthy (105).jpg,0,Healthy,MRI,edaec60d062123c172baeecfa798617856e8aa38bdd5eedc28c7fc818f393ffd,1
C:\Users\dondo\OneDrive\Documents\ADBU CSE(AI & ML)\5th sem\Minor Project\Project Prototype\Brain-Tumor-Minor-Project\dataset\Brain Tumor MRI images\Healthy\mri_healthy (1050).jpg,Brain Tumor MRI images/Healthy/mri_healthy (1050).jpg,0,Healthy,MRI,98d78daf76da6b9be56cf32ca8f4cd44b7dc782d08fa9abed8b386cf473ba1e8,3
C:\Users\dondo\OneDrive\Documents\ADBU CSE(AI & ML)\5th sem\Minor Project\Project Prototype\Brain-Tumor-Minor-Project\dataset\Brain Tumor MRI images\Healthy\mri_healthy (1051).jpg,Brain Tumor MRI images/Healthy/mri_healthy (1051).jpg,0,Healthy,MRI,6304e16ab0b680d2274ea2b116e8944c2471176a123cb8081bf4563dd5d67e39,1
C:\Users\dondo\OneDrive\Documents\ADBU CSE(AI & ML)\5th sem\Minor Project\Project Prototype\Brain-Tumor-Minor-Project\dataset\Brain Tumor MRI images\Healthy\mri_healthy (1052).jpg,Brain Tumor MRI images/Healthy/mri_healthy (1052).jpg,0,Healthy,MRI,5e758bf091465902311c64bef2968b86f1ea598c0f0e83d0c9d4194b2a920af9,1
C:\Users\dondo\OneDrive\Documents\ADBU CSE(AI & ML)\5th sem\Minor Project\Project Prototype\Brain-Tumor-Minor-Project\dataset\Brain Tumor MRI images\Healthy\mri_healthy (1053).jpg,Brain Tumor MRI images/Healthy/mri_healthy (1053).jpg,0,Healthy,MRI,f24732a1e11f2d40efacfac9ebeadc7cda6d8497db43f41ea7d2bc3ef6350da4,1
C:\Users\dondo\OneDrive\Documents\ADBU CSE(AI & ML)\5th sem\Minor Project\Project Prototype\Brain-Tumor-Minor-Project\dataset\Brain Tumor MRI images\Healthy\mri_healthy (1054).jpg,Brain Tumor MRI images/Healthy/mri_healthy (1054).jpg,0,Healthy,MRI,d5bfd0a34b8309806f8cbfe62c4b977aabd0ad5cc80b9a83bdbfd82fce170baa,1
C:\Users\dondo\OneDrive\Documents\ADBU CSE(AI & ML)\5th sem\Minor Project\Project Prototype\Brain-Tumor-Minor-Project\dataset\Brain Tumor MRI images\Healthy\mri_healthy (1056).jpg,Brain Tumor MRI images/Healthy/mri_healthy (1056).jpg,0,Healthy,MRI,9df95e53e1b7b0ec1dc69c557917cd90023432ebbf0d14ad833de2ebb4c76804,1
C:\Users\dondo\OneDrive\Documents\ADBU CSE(AI & ML)\5th sem\Minor Project\Project Prototype\Brain-Tumor-Minor-Project\dataset\Brain Tumor MRI images\Healthy\mri_healthy (1057).jpg,Brain Tumor MRI images/Healthy/mri_healthy (1057).jpg,0,Healthy,MRI,c9f53418ee2b2e729108284d23264815898c5f24b029c8356c404403c863b654,1
C:\Users\dondo\OneDrive\Documents\ADBU CSE(AI & ML)\5th sem\Minor Project\Project Prototype\Brain-Tumor-Minor-Project\dataset\Brain Tumor MRI images\Healthy\mri_healthy (1058).jpg,Brain Tumor MRI images/Healthy/mri_healthy (1058).jpg,0,Healthy,MRI,37c4f9d4cc05a664bc22e44ccbb9266c2368b96ddb47408fab2ea5d551b2b278,1
C:\Users\dondo\OneDrive\Documents\ADBU CSE(AI & ML)\5th sem\Minor Project\Project Prototype\Brain-Tumor-Minor-Project\dataset\Brain Tumor MRI images\Healthy\mri_healthy (1059).jpg,Brain Tumor MRI images/Healthy/mri_healthy (1059).jpg,0,Healthy,MRI,18696fd6bc1fc7849f6fa3299f0ddbce7ca73227b5383042c9c800c43e47af4b,1
C:\Users\dondo\OneDrive\Documents\ADBU CSE(AI & ML)\5th sem\Minor Project\Project Prototype\Brain-Tumor-Minor-Project\dataset\Brain Tumor MRI images\Healthy\mri_healthy (1061).jpg,Brain Tumor MRI images/Healthy/mri_healthy (1061).jpg,0,Healthy,MRI,98fdbde62c7ca949c1a83921d3656fc46ee35edfce3dcd8c2ace6cf74e23307b,1
C:\Users\dondo\OneDrive\Documents\ADBU CSE(AI & ML)\5th sem\Minor Project\Project Prototype\Brain-Tumor-Minor-Project\dataset\Brain Tumor MRI images\Healthy\mri_healthy (1062).jpg,Brain Tumor MRI images/Healthy/mri_healthy (1062).jpg,0,Healthy,MRI,9f9f25d9e2ebe19ee4b98cc2cae48099bf2b8d84756e5fd1f9b13ff25d001aa5,1
C:\Users\dondo\OneDrive\Documents\ADBU CSE(AI & ML)\5th sem\Minor Project\Project Prototype\Brain-Tumor-Minor-Project\dataset\Brain Tumor MRI images\Healthy\mri_healthy (1064).jpg,Brain Tumor MRI images/Healthy/mri_healthy (1064).jpg,0,Healthy,MRI,8079a2804af09e4867a6da037957c555b6d060ce755e68389ba0a36cb4a3c7b7,1
C:\Users\dondo\OneDrive\Documents\ADBU CSE(AI & ML)\5th sem\Minor Project\Project Prototype\Brain-Tumor-Minor-Project\dataset\Brain Tumor MRI images\Healthy\mri_healthy (1065).jpg,Brain Tumor MRI images/Healthy/mri_healthy (1065).jpg,0,Healthy,MRI,8b6e7c864fa60b06ed772372524c92374899b91b880834d30d540fd422ed8b88,1
C:\Users\dondo\OneDrive\Documents\ADBU CSE(AI & ML)\5th sem\Minor Project\Project Prototype\Brain-Tumor-Minor-Project\dataset\Brain Tumor MRI images\Healthy\mri_healthy (1067).jpg,Brain Tumor MRI images/Healthy/mri_healthy (1067).jpg,0,Healthy,MRI,31fb7cd33dcd935061fbef98667e55dae61fc3a808a311c6de0605276f65293e,1
C:\Users\dondo\OneDrive\Documents\ADBU CSE(AI & ML)\5th sem\Minor Project\Project Prototype\Brain-Tumor-Minor-Project\dataset\Brain Tumor MRI images\Healthy\mri_healthy (1068).jpg,Brain Tumor MRI images/Healthy/mri_healthy (1068).jpg,0,Healthy,MRI,ab36724e3829ffa3274957e60130524114cc897bf92a74e1c1e85bf7f1aa62be,1
C:\Users\dondo\OneDrive\Documents\ADBU CSE(AI & ML)\5th sem\Minor Project\Project Prototype\Brain-Tumor-Minor-Project\dataset\Brain Tumor MRI images\Healthy\mri_healthy (1069).jpg,Brain Tumor MRI images/Healthy/mri_healthy (1069).jpg,0,Healthy,MRI,9465e197a0e01a2287ea56dc03a821bce8495eb0bc02efd0367fedae67ad0699,2
C:\Users\dondo\OneDrive\Documents\ADBU CSE(AI & ML)\5th sem\Minor Project\Project Prototype\Brain-Tumor-Minor-Project\dataset\Brain Tumor MRI images\Healthy\mri_healthy (1070).jpg,Brain Tumor MRI images/Healthy/mri_healthy (1070).jpg,0,Healthy,MRI,d04d300ec2f9f1fee5a29184b9856a0e406755960b3ad37c03a40338551b72d3,1
C:\Users\dondo\OneDrive\Documents\ADBU CSE(AI & ML)\5th sem\Minor Project\Project Prototype\Brain-Tumor-Minor-Project\dataset\Brain Tumor MRI images\Healthy\mri_healthy (1071).jpg,Brain Tumor MRI images/Healthy/mri_healthy (1071).jpg,0,Healthy,MRI,4d5ec427ad092a56fa6b9b64a007e21b42d1273748ee8ab4d07729a2c0dfb414,1
C:\Users\dondo\OneDrive\Documents\ADBU CSE(AI & ML)\5th sem\Minor Project\Project Prototype\Brain-Tumor-Minor-Project\dataset\Brain Tumor MRI images\Healthy\mri_healthy (1072).jpg,Brain Tumor MRI images/Healthy/mri_healthy (1072).jpg,0,Healthy,MRI,64efff17fa3cf93d96227c113585fb45a6d4dbd22d348e048344a4f282f2c9ea,1
C:\Users\dondo\OneDrive\Documents\ADBU CSE(AI & ML)\5th sem\Minor Project\Project Prototype\Brain-Tumor-Minor-Project\dataset\Brain Tumor MRI images\Healthy\mri_healthy (1074).jpg,Brain Tumor MRI images/Healthy/mri_healthy (1074).jpg,0,Healthy,MRI,beb9938475e25fe1822e6b223cbedf834a2d15ad74391262a856165d2af7d110,1
C:\Users\dondo\OneDrive\Documents\ADBU CSE(AI & ML)\5th sem\Minor Project\Project Prototype\Brain-Tumor-Minor-Project\dataset\Brain Tumor MRI images\Healthy\mri_healthy (1076).jpg,Brain Tumor MRI images/Healthy/mri_healthy (1076).jpg,0,Healthy,MRI,96fc3905ee975099758c30d1c970b7986bd0a588810b5dfd22d4ad11bb6624df,1
C:\Users\dondo\OneDrive\Documents\ADBU CSE(AI & ML)\5th sem\Minor Project\Project Prototype\Brain-Tumor-Minor-Project\dataset\Brain Tumor MRI images\Healthy\mri_healthy (1082).jpg,Brain Tumor MRI images/Healthy/mri_healthy (1082).jpg,0,Healthy,MRI,55597c2c97480885fd75780cb024a6c283a291f036c72a96ac2a8fb77697e125,1
C:\Users\dondo\OneDrive\Documents\ADBU CSE(AI & ML)\5th sem\Minor Project\Project Prototype\Brain-Tumor-Minor-Project\dataset\Brain Tumor MRI images\Healthy\mri_healthy (1084).jpg,Brain Tumor MRI images/Healthy/mri_healthy (1084).jpg,0,Healthy,MRI,2ba7ab2d474d416a4004650b0eee6bbdd30bae97957c5015c62bb0f13c5de9ad,1
C:\Users\dondo\OneDrive\Documents\ADBU CSE(AI & ML)\5th sem\Minor Project\Project Prototype\Brain-Tumor-Minor-Project\dataset\Brain Tumor MRI images\Healthy\mri_healthy (1085).jpg,Brain Tumor MRI images/Healthy/mri_healthy (1085).jpg,0,Healthy,MRI,662e4c56594f62708c5e596ad7d1fd75e84fdd96f0ec82090c399f46a1f87952,1
C:\Users\dondo\OneDrive\Documents\ADBU CSE(AI & ML)\5th sem\Minor Project\Project Prototype\Brain-Tumor-Minor-Project\dataset\Brain Tumor MRI images\Healthy\mri_healthy (1086).jpg,Brain Tumor MRI images/Healthy/mri_healthy (1086).jpg,0,Healthy,MRI,7a043a3b1910c8e6818dd5a5d95113b0ebd4beafe58682cad060c6c0cea32500,2
C:\Users\dondo\OneDrive\Documents\ADBU CSE(AI & ML)\5th sem\Minor Project\Project Prototype\Brain-Tumor-Minor-Project\dataset\Brain Tumor MRI images\Healthy\mri_healthy (1088).jpg,Brain Tumor MRI images/Healthy/mri_healthy (1088).jpg,0,Healthy,MRI,e1bed760d1abc334f6bfd9b0139f9e68457f53aba0a5fd9a255ac616363dd930,1
C:\Users\dondo\OneDrive\Documents\ADBU CSE(AI & ML)\5th sem\Minor Project\Project Prototype\Brain-Tumor-Minor-Project\dataset\Brain Tumor MRI images\Healthy\mri_healthy (1090).jpg,Brain Tumor MRI images/Healthy/mri_healthy (1090).jpg,0,Healthy,MRI,889e6753b05329841d602091c23ac929c072b41ee5f81779248d26068c27d866,1
C:\Users\dondo\OneDrive\Documents\ADBU CSE(AI & ML)\5th sem\Minor Project\Project Prototype\Brain-Tumor-Minor-Project\dataset\Brain Tumor MRI images\Healthy\mri_healthy (1093).jpg,Brain Tumor MRI images/Healthy/mri_healthy (1093).jpg,0,Healthy,MRI,70c2cee5e5b5b947fae5b5f591367992b9edc54fdda31a7af821050d560ec8db,1
C:\Users\dondo\OneDrive\Documents\ADBU CSE(AI & ML)\5th sem\Minor Project\Project Prototype\Brain-Tumor-Minor-Project\dataset\Brain Tumor MRI images\Healthy\mri_healthy (1094).jpg,Brain Tumor MRI images/Healthy/mri_healthy (1094).jpg,0,Healthy,MRI,eb7e169446c3b7736f97f7f9aa29438f5f0f595e5b0505393db2a2a404714be5,1
C:\Users\dondo\OneDrive\Documents\ADBU CSE(AI & ML)\5th sem\Minor Project\Project Prototype\Brain-Tumor-Minor-Project\dataset\Brain Tumor MRI images\Healthy\mri_healthy (1095).jpg,Brain Tumor MRI images/Healthy/mri_healthy (1095).jpg,0,Healthy,MRI,17d71e346068b3b57499335c7de55f3ba0f5bcc7cacdadbef3cc096fcb49b42d,3
C:\Users\dondo\OneDrive\Documents\ADBU CSE(AI & ML)\5th sem\Minor Project\Project Prototype\Brain-Tumor-Minor-Project\dataset\Brain Tumor MRI images\Healthy\mri_healthy (1098).jpg,Brain Tumor MRI images/Healthy/mri_healthy (1098).jpg,0,Healthy,MRI,df27ad73847c581fddb79a06b7a4fc066722b90e9a7ed62a8665fc532d6e4181,1
C:\Users\dondo\OneDrive\Documents\ADBU CSE(AI & ML)\5th sem\Minor Project\Project Prototype\Brain-Tumor-Minor-Project\dataset\Brain Tumor MRI images\Healthy\mri_healthy (1099).jpg,Brain Tumor MRI images/Healthy/mri_healthy (1099).jpg,0,Healthy,MRI,fe70ad02fa83af4003d177ff514d867f54cb97ca8c091baa2c5bbe049295cf93,1
C:\Users\dondo\OneDrive\Documents\ADBU CSE(AI & ML)\5th sem\Minor Project\Project Prototype\Brain-Tumor-Minor-Project\dataset\Brain Tumor MRI images\Healthy\mri_healthy (11).jpg,Brain Tumor MRI images/Healthy/mri_healthy (11).jpg,0,Healthy,MRI,f7106bca8297c0d646a2a3a2ea9906883a5b1246fbd002d86577ad2611f9c340,1
C:\Users\dondo\OneDrive\Documents\ADBU CSE(AI & ML)\5th sem\Minor Project\Project Prototype\Brain-Tumor-Minor-Project\dataset\Brain Tumor MRI images\Healthy\mri_healthy (1101).jpg,Brain Tumor MRI images/Healthy/mri_healthy (1101).jpg,0,Healthy,MRI,ba334173ce10b6e73f50301c476c358ff9591e5db84a48c35e80294a1ac6304d,1
C:\Users\dondo\OneDrive\Documents\ADBU CSE(AI & ML)\5th sem\Minor Project\Project Prototype\Brain-Tumor-Minor-Project\dataset\Brain Tumor MRI images\Healthy\mri_healthy (1106).jpg,Brain Tumor MRI images/Healthy/mri_healthy (1106).jpg,0,Healthy,MRI,b2ec52de2af53c03abf73f73cb872edb1e16a8dd3357ba8fbdb02e06f6d60aee,5
C:\Users\dondo\OneDrive\Documents\ADBU CSE(AI & ML)\5th sem\Minor Project\Project Prototype\Brain-Tumor-Minor-Project\dataset\Brain Tumor MRI images\Healthy\mri_healthy (1107).jpg,Brain Tumor MRI images/Healthy/mri_healthy (1107).jpg,0,Healthy,MRI,8b0709431f142468f95dd7c44c26e4e59b87fbd467aedc955dfd9549dc4a981c,1
C:\Users\dondo\OneDrive\Documents\ADBU CSE(AI & ML)\5th sem\Minor Project\Project Prototype\Brain-Tumor-Minor-Project\dataset\Brain Tumor MRI images\Healthy\mri_healthy (1108).jpg,Brain Tumor MRI images/Healthy/mri_healthy (1108).jpg,0,Healthy,MRI,3bd65c457d16296332fc9c7eff912e627603cc1e4d589bbb984bec5293e77b12,1
C:\Users\dondo\OneDrive\Documents\ADBU CSE(AI & ML)\5th sem\Minor Project\Project Prototype\Brain-Tumor-Minor-Project\dataset\Brain Tumor MRI images\Healthy\mri_healthy (111).jpg,Brain Tumor MRI images/Healthy/mri_healthy (111).jpg,0,Healthy,MRI,982803a9bc6fee6f8c30c1e37c209d5909eca45009622d9135f845f71f15833f,1
C:\Users\dondo\OneDrive\Documents\ADBU CSE(AI & ML)\5th sem\Minor Project\Project Prototype\Brain-Tumor-Minor-Project\dataset\Brain Tumor MRI images\Healthy\mri_healthy (1111).jpg,Brain Tumor MRI images/Healthy/mri_healthy (1111).jpg,0,Healthy,MRI,51e3994ee17c71cde04aa6673eb3f98e65e4bf051fa126d5d1712622c7e0ef8e,1
C:\Users\dondo\OneDrive\Documents\ADBU CSE(AI & ML)\5th sem\Minor Project\Project Prototype\Brain-Tumor-Minor-Project\dataset\Brain Tumor MRI images\Healthy\mri_healthy (1115).jpg,Brain Tumor MRI images/Healthy/mri_healthy (1115).jpg,0,Healthy,MRI,a04eec2ace852d12dd52c416319813f34ca646c4c850eb656df19f233990d3cd,1
C:\Users\dondo\OneDrive\Documents\ADBU CSE(AI & ML)\5th sem\Minor Project\Project Prototype\Brain-Tumor-Minor-Project\dataset\Brain Tumor MRI images\Healthy\mri_healthy (1117).jpg,Brain Tumor MRI images/Healthy/mri_healthy (1117).jpg,0,Healthy,MRI,7c5cd416d44c9c63c4038ab5c8b4c4832b1c5f84a1251ae38f5074eb856cc5e1,1
C:\Users\dondo\OneDrive\Documents\ADBU CSE(AI & ML)\5th sem\Minor Project\Project Prototype\Brain-Tumor-Minor-Project\dataset\Brain Tumor MRI images\Healthy\mri_healthy (1118).jpg,Brain Tumor MRI images/Healthy/mri_healthy (1118).jpg,0,Healthy,MRI,116d72e4a80f9ee5e1c03e1b28ed5eae660ef41ca0dbfe46582c205fabc0202b,1
C:\Users\dondo\OneDrive\Documents\ADBU CSE(AI & ML)\5th sem\Minor Project\Project Prototype\Brain-Tumor-Minor-Project\dataset\Brain Tumor MRI images\Healthy\mri_healthy (1120).jpg,Brain Tumor MRI images/Healthy/mri_healthy (1120).jpg,0,Healthy,MRI,796d9a538e38a54a465b255093a4c6a05cfe75736753525491ef23ee65c4601e,1
C:\Users\dondo\OneDrive\Documents\ADBU CSE(AI & ML)\5th sem\Minor Project\Project Prototype\Brain-Tumor-Minor-Project\dataset\Brain Tumor MRI images\Healthy\mri_healthy (1122).jpg,Brain Tumor MRI images/Healthy/mri_healthy (1122).jpg,0,Healthy,MRI,0f3f3f56378bce9816ee49440a8f53a304b1e1b1e8bc89a96e4eea36165ad8af,1
C:\Users\dondo\OneDrive\Documents\ADBU CSE(AI & ML)\5th sem\Minor Project\Project Prototype\Brain-Tumor-Minor-Project\dataset\Brain Tumor MRI images\Healthy\mri_healthy (1123).jpg,Brain Tumor MRI images/Healthy/mri_healthy (1123).jpg,0,Healthy,MRI,be07f5a0451469a00367864371f1c452f12aef21928b5d8eef8799f9ccb0d4f7,1
C:\Users\dondo\OneDrive\Documents\ADBU CSE(AI & ML)\5th sem\Minor Project\Project Prototype\Brain-Tumor-Minor-Project\dataset\Brain Tumor MRI images\Healthy\mri_healthy (1125).jpg,Brain Tumor MRI images/Healthy/mri_healthy (1125).jpg,0,Healthy,MRI,8dd9751d301f3cbfbf814f48e76b8e57217fee341dea2154b8a2bebcb93ae444,1
C:\Users\dondo\OneDrive\Documents\ADBU CSE(AI & ML)\5th sem\Minor Project\Project Prototype\Brain-Tumor-Minor-Project\dataset\Brain Tumor MRI images\Healthy\mri_healthy (1126).jpg,Brain Tumor MRI images/Healthy/mri_healthy (1126).jpg,0,Healthy,MRI,1d618bf99f8cc6637fc8c102c14b500e81587be0255ed234bfd2d29f6e419848,1
C:\Users\dondo\OneDrive\Documents\ADBU CSE(AI & ML)\5th sem\Minor Project\Project Prototype\Brain-Tumor-Minor-Project\dataset\Brain Tumor MRI images\Healthy\mri_healthy (1127).jpg,Brain Tumor MRI images/Healthy/mri_healthy (1127).jpg,0,Healthy,MRI,84890221fad30066022a315c663af269e7e65f6e37513cf128d808320689274e,1
C:\Users\dondo\OneDrive\Documents\ADBU CSE(AI & ML)\5th sem\Minor Project\Project Prototype\Brain-Tumor-Minor-Project\dataset\Brain Tumor MRI images\Healthy\mri_healthy (1129).jpg,Brain Tumor MRI images/Healthy/mri_healthy (1129).jpg,0,Healthy,MRI,36d3095e31b8333d4334d4d28a2437bb37ed3a632bf65fb8954652f49bd6c96b,1
C:\Users\dondo\OneDrive\Documents\ADBU CSE(AI & ML)\5th sem\Minor Project\Project Prototype\Brain-Tumor-Minor-Project\dataset\Brain Tumor MRI images\Healthy\mri_healthy (113).jpg,Brain Tumor MRI images/Healthy/mri_healthy (113).jpg,0,Healthy,MRI,6a5c4490455a9896cb6faef31105ab3c0652c5df5883ca2f1c0d2d962e394f5c,1
C:\Users\dondo\OneDrive\Documents\ADBU CSE(AI & ML)\5th sem\Minor Project\Project Prototype\Brain-Tumor-Minor-Project\dataset\Brain Tumor MRI images\Healthy\mri_healthy (1130).jpg,Brain Tumor MRI images/Healthy/mri_healthy (1130).jpg,0,Healthy,MRI,88e30e927d1efa730891781a88e3ba0dcef8ccb830461a6f0da138109a16518c,1
C:\Users\dondo\OneDrive\Documents\ADBU CSE(AI & ML)\5th sem\Minor Project\Project Prototype\Brain-Tumor-Minor-Project\dataset\Brain Tumor MRI images\Healthy\mri_healthy (1131).jpg,Brain Tumor MRI images/Healthy/mri_healthy (1131).jpg,0,Healthy,MRI,92730b818c8c85a4a8e758133a9825beb5681d1dd10d124745792ff8939a408f,1
C:\Users\dondo\OneDrive\Documents\ADBU CSE(AI & ML)\5th sem\Minor Project\Project Prototype\Brain-Tumor-Minor-Project\dataset\Brain Tumor MRI images\Healthy\mri_healthy (1132).jpg,Brain Tumor MRI images/Healthy/mri_healthy (1132).jpg,0,Healthy,MRI,4eaed9683f97d13d5722301b3770443fa5e03872de7bd1083d63baad98bcd857,1
C:\Users\dondo\OneDrive\Documents\ADBU CSE(AI & ML)\5th sem\Minor Project\Project Prototype\Brain-Tumor-Minor-Project\dataset\Brain Tumor MRI images\Healthy\mri_healthy (1133).jpg,Brain Tumor MRI images/Healthy/mri_healthy (1133).jpg,0,Healthy,MRI,20a6f6dfeef9c5fa15cda67778c265b0c237f8ac94a132459d25378a33e04160,1
C:\Users\dondo\OneDrive\Documents\ADBU CSE(AI & ML)\5th sem\Minor Project\Project Prototype\Brain-Tumor-Minor-Project\dataset\Brain Tumor MRI images\Healthy\mri_healthy (1135).jpg,Brain Tumor MRI images/Healthy/mri_healthy (1135).jpg,0,Healthy,MRI,fa2e4d3d713ec6cee76c7e594a56824aacd6968cac3595df91d37e54290c4e1e,1
C:\Users\dondo\OneDrive\Documents\ADBU CSE(AI & ML)\5th sem\Minor Project\Project Prototype\Brain-Tumor-Minor-Project\dataset\Brain Tumor MRI images\Healthy\mri_healthy (1137).jpg,Brain Tumor MRI images/Healthy/mri_healthy (1137).jpg,0,Healthy,MRI,11a0c79c0e3aa39f2f605d676dd0c6e932b01511d5b40720fbd7d03ec703987a,1
C:\Users\dondo\OneDrive\Documents\ADBU CSE(AI & ML)\5th sem\Minor Project\Project Prototype\Brain-Tumor-Minor-Project\dataset\Brain Tumor MRI images\Healthy\mri_healthy (1139).jpg,Brain Tumor MRI images/Healthy/mri_healthy (1139).jpg,0,Healthy,MRI,0856f306fcf38dfbfd6e50508640fd0b6ad7c31e6d19897c3236bf97a080cd4b,1
C:\Users\dondo\OneDrive\Documents\ADBU CSE(AI & ML)\5th sem\Minor Project\Project Prototype\Brain-Tumor-Minor-Project\dataset\Brain Tumor MRI images\Healthy\mri_healthy (114).jpg,Brain Tumor MRI images/Healthy/mri_healthy (114).jpg,0,Healthy,MRI,be6fd2772d2dcb02e2603c4239cc95d079352d5fac8786b3b82075741f909144,3
C:\Users\dondo\OneDrive\Documents\ADBU CSE(AI & ML)\5th sem\Minor Project\Project Prototype\Brain-Tumor-Minor-Project\dataset\Brain Tumor MRI images\Healthy\mri_healthy (1140).jpg,Brain Tumor MRI images/Healthy/mri_healthy (1140).jpg,0,Healthy,MRI,3d3492cf9b71ed347337b5cb4aeddca7287bc18f24f2f205dd99af1fd0b652f2,1
C:\Users\dondo\OneDrive\Documents\ADBU CSE(AI & ML)\5th sem\Minor Project\Project Prototype\Brain-Tumor-Minor-Project\dataset\Brain Tumor MRI images\Healthy\mri_healthy (1141).jpg,Brain Tumor MRI images/Healthy/mri_healthy (1141).jpg,0,Healthy,MRI,e8c6bc1757ea56bd235cbd33d1b4c30003709042d111da9fbdb972a50de16d13,1
C:\Users\dondo\OneDrive\Documents\ADBU CSE(AI & ML)\5th sem\Minor Project\Project Prototype\Brain-Tumor-Minor-Project\dataset\Brain Tumor MRI images\Healthy\mri_healthy (1142).jpg,Brain Tumor MRI images/Healthy/mri_healthy (1142).jpg,0,Healthy,MRI,d9a432c079b75ab5be364a159b0a0aed4e9a716c6fc699188a39608153b0de8a,1
C:\Users\dondo\OneDrive\Documents\ADBU CSE(AI & ML)\5th sem\Minor Project\Project Prototype\Brain-Tumor-Minor-Project\dataset\Brain Tumor MRI images\Healthy\mri_healthy (1144).jpg,Brain Tumor MRI images/Healthy/mri_healthy (1144).jpg,0,Healthy,MRI,10101370fe554f8e983e4e3e165ac1adad042b79584180d82165ad2a2a5b5510,1
C:\Users\dondo\OneDrive\Documents\ADBU CSE(AI & ML)\5th sem\Minor Project\Project Prototype\Brain-Tumor-Minor-Project\dataset\Brain Tumor MRI images\Healthy\mri_healthy (1145).jpg,Brain Tumor MRI images/Healthy/mri_healthy (1145).jpg,0,Healthy,MRI,a75815f02efdad3bbb00e86846f26c9e1700feaaf3b6f27b12d3b17d0519aa5e,1
C:\Users\dondo\OneDrive\Documents\ADBU CSE(AI & ML)\5th sem\Minor Project\Project Prototype\Brain-Tumor-Minor-Project\dataset\Brain Tumor MRI images\Healthy\mri_healthy (1146).jpg,Brain Tumor MRI images/Healthy/mri_healthy (1146).jpg,0,Healthy,MRI,b2d4525c13d313842a7fa453239f8f8f1d7a13df9fd691d99470c3d5dfb64e3b,1
C:\Users\dondo\OneDrive\Documents\ADBU CSE(AI & ML)\5th sem\Minor Project\Project Prototype\Brain-Tumor-Minor-Project\dataset\Brain Tumor MRI images\Healthy\mri_healthy (1147).jpg,Brain Tumor MRI images/Healthy/mri_healthy (1147).jpg,0,Healthy,MRI,97aff95c75b1ad9483b7e029baaec0f7538e70a307422109d1ffd43aae7ea6f2,1
C:\Users\dondo\OneDrive\Documents\ADBU CSE(AI & ML)\5th sem\Minor Project\Project Prototype\Brain-Tumor-Minor-Project\dataset\Brain Tumor MRI images\Healthy\mri_healthy (1148).jpg,Brain Tumor MRI images/Healthy/mri_healthy (1148).jpg,0,Healthy,MRI,5a399215f226d1cc2241b764964a26ce5ec9094694f97e828378e555cf23ea17,1
C:\Users\dondo\OneDrive\Documents\ADBU CSE(AI & ML)\5th sem\Minor Project\Project Prototype\Brain-Tumor-Minor-Project\dataset\Brain Tumor MRI images\Healthy\mri_healthy (1149).jpg,Brain Tumor MRI images/Healthy/mri_healthy (1149).jpg,0,Healthy,MRI,316eb31ec89ba7359ebb67f4dbf05d060f7a4cbfc517f48d67073dfb9850b437,1
C:\Users\dondo\OneDrive\Documents\ADBU CSE(AI & ML)\5th sem\Minor Project\Project Prototype\Brain-Tumor-Minor-Project\dataset\Brain Tumor MRI images\Healthy\mri_healthy (1150).jpg,Brain Tumor MRI images/Healthy/mri_healthy (1150).jpg,0,Healthy,MRI,168aa840275c3d76ab174c885cd0a1df51bcb1ff375cf98943e9b4f4e2ec9b36,1
C:\Users\dondo\OneDrive\Documents\ADBU CSE(AI & ML)\5th sem\Minor Project\Project Prototype\Brain-Tumor-Minor-Project\dataset\Brain Tumor MRI images\Healthy\mri_healthy (1152).jpg,Brain Tumor MRI images/Healthy/mri_healthy (1152).jpg,0,Healthy,MRI,54fa25decfc3d44da9410b0795f4dfa6de1f096f99ddf67b9cbc036b3d9ed146,1
C:\Users\dondo\OneDrive\Documents\ADBU CSE(AI & ML)\5th sem\Minor Project\Project Prototype\Brain-Tumor-Minor-Project\dataset\Brain Tumor MRI images\Healthy\mri_healthy (1157).jpg,Brain Tumor MRI images/Healthy/mri_healthy (1157).jpg,0,Healthy,MRI,21671f2d65fbb7c2c71fe0e75c10f89d625d4b9abdff0f1767e87c1f8d805c50,1
C:\Users\dondo\OneDrive\Documents\ADBU CSE(AI & ML)\5th sem\Minor Project\Project Prototype\Brain-Tumor-Minor-Project\dataset\Brain Tumor MRI images\Healthy\mri_healthy (1158).jpg,Brain Tumor MRI images/Healthy/mri_healthy (1158).jpg,0,Healthy,MRI,54b89ec248d3bdafd939211ada2192eef3fe4b17234f8621c0a6adffad497dc9,1
C:\Users\dondo\OneDrive\Documents\ADBU CSE(AI & ML)\5th sem\Minor Project\Project Prototype\Brain-Tumor-Minor-Project\dataset\Brain Tumor MRI images\Healthy\mri_healthy (1159).jpg,Brain Tumor MRI images/Healthy/mri_healthy (1159).jpg,0,Healthy,MRI,627530948c5be2aca9342fa989f31fa1f6415a749cd87084872f52e3eca6f2ce,1
C:\Users\dondo\OneDrive\Documents\ADBU CSE(AI & ML)\5th sem\Minor Project\Project Prototype\Brain-Tumor-Minor-Project\dataset\Brain Tumor MRI images\Healthy\mri_healthy (116).jpg,Brain Tumor MRI images/Healthy/mri_healthy (116).jpg,0,Healthy,MRI,a40b07ddfe8f17293ff0642d49ffa3568ecb56efae27e538ce1c187ca8bf6440,4
C:\Users\dondo\OneDrive\Documents\ADBU CSE(AI & ML)\5th sem\Minor Project\Project Prototype\Brain-Tumor-Minor-Project\dataset\Brain Tumor MRI images\Healthy\mri_healthy (1160).jpg,Brain Tumor MRI images/Healthy/mri_healthy (1160).jpg,0,Healthy,MRI,f3352a1017721c911af2e0272b6253847718b912c5451621c489d40c45e42677,1
C:\Users\dondo\OneDrive\Documents\ADBU CSE(AI & ML)\5th sem\Minor Project\Project Prototype\Brain-Tumor-Minor-Project\dataset\Brain Tumor MRI images\Healthy\mri_healthy (1161).jpg,Brain Tumor MRI images/Healthy/mri_healthy (1161).jpg,0,Healthy,MRI,bba87e4f25a3dd24f43e165c99aecda66f22faa125b8b3e59a0715ef9fdc8818,1
C:\Users\dondo\OneDrive\Documents\ADBU CSE(AI & ML)\5th sem\Minor Project\Project Prototype\Brain-Tumor-Minor-Project\dataset\Brain Tumor MRI images\Healthy\mri_healthy (1162).jpg,Brain Tumor MRI images/Healthy/mri_healthy (1162).jpg,0,Healthy,MRI,568718b7ee2222bb51d914f24c44cf3c90096e2c8dbf56e8a69b806eebc9b7e4,1
C:\Users\dondo\OneDrive\Documents\ADBU CSE(AI & ML)\5th sem\Minor Project\Project Prototype\Brain-Tumor-Minor-Project\dataset\Brain Tumor MRI images\Healthy\mri_healthy (1163).jpg,Brain Tumor MRI images/Healthy/mri_healthy (1163).jpg,0,Healthy,MRI,7d35cc75e6629983922a6d705b58f1275e930db2fc5135e3c22b4deed8f6a75b,1
C:\Users\dondo\OneDrive\Documents\ADBU CSE(AI & ML)\5th sem\Minor Project\Project Prototype\Brain-Tumor-Minor-Project\dataset\Brain Tumor MRI images\Healthy\mri_healthy (1165).jpg,Brain Tumor MRI images/Healthy/mri_healthy (1165).jpg,0,Healthy,MRI,0dd9c896051fc5d01fab6fdd2a8483149fe56ada6b4176941c50410c8bfb9664,4
C:\Users\dondo\OneDrive\Documents\ADBU CSE(AI & ML)\5th sem\Minor Project\Project Prototype\Brain-Tumor-Minor-Project\dataset\Brain Tumor MRI images\Healthy\mri_healthy (1167).jpg,Brain Tumor MRI images/Healthy/mri_healthy (1167).jpg,0,Healthy,MRI,54131e3b71731de8152e8a767f7e589a2090a4eff83590018f672e51dcdc7382,2
C:\Users\dondo\OneDrive\Documents\ADBU CSE(AI & ML)\5th sem\Minor Project\Project Prototype\Brain-Tumor-Minor-Project\dataset\Brain Tumor MRI images\Healthy\mri_healthy (1168).jpg,Brain Tumor MRI images/Healthy/mri_healthy (1168).jpg,0,Healthy,MRI,4f5648fc6ca4f2307af22842012ef7bbd270c5c0fe0cf16dbf8637816c72f956,2
C:\Users\dondo\OneDrive\Documents\ADBU CSE(AI & ML)\5th sem\Minor Project\Project Prototype\Brain-Tumor-Minor-Project\dataset\Brain Tumor MRI images\Healthy\mri_healthy (117).jpg,Brain Tumor MRI images/Healthy/mri_healthy (117).jpg,0,Healthy,MRI,feaf62252159c9676aec469c50e188ad767e1dcada08ab4b7be55277203fd5bb,1
C:\Users\dondo\OneDrive\Documents\ADBU CSE(AI & ML)\5th sem\Minor Project\Project Prototype\Brain-Tumor-Minor-Project\dataset\Brain Tumor MRI images\Healthy\mri_healthy (1171).jpg,Brain Tumor MRI images/Healthy/mri_healthy (1171).jpg,0,Healthy,MRI,46a062cf1c74036ea90da1039866c6e655f7c22facf0e47088a1780bd6eb449d,1
C:\Users\dondo\OneDrive\Documents\ADBU CSE(AI & ML)\5th sem\Minor Project\Project Prototype\Brain-Tumor-Minor-Project\dataset\Brain Tumor MRI images\Healthy\mri_healthy (1173).jpg,Brain Tumor MRI images/Healthy/mri_healthy (1173).jpg,0,Healthy,MRI,6b9536017a2619e63c73ab2a2d10b3d62a6804352adcbc82c9cc6c5059cfcecb,1
C:\Users\dondo\OneDrive\Documents\ADBU CSE(AI & ML)\5th sem\Minor Project\Project Prototype\Brain-Tumor-Minor-Project\dataset\Brain Tumor MRI images\Healthy\mri_healthy (1175).jpg,Brain Tumor MRI images/Healthy/mri_healthy (1175).jpg,0,Healthy,MRI,43f1f88fbbcabc73123ac4a3cc9c44cf712e4e8faccf928091f8f097bdaf2eba,2
C:\Users\dondo\OneDrive\Documents\ADBU CSE(AI & ML)\5th sem\Minor Project\Project Prototype\Brain-Tumor-Minor-Project\dataset\Brain Tumor MRI images\Healthy\mri_healthy (1177).jpg,Brain Tumor MRI images/Healthy/mri_healthy (1177).jpg,0,Healthy,MRI,c3be5596e72dd7b2974adb84bfc1b6d6d4cba82b0c8b215d2bd5df505287e6b2,1
C:\Users\dondo\OneDrive\Documents\ADBU CSE(AI & ML)\5th sem\Minor Project\Project Prototype\Brain-Tumor-Minor-Project\dataset\Brain Tumor MRI images\Healthy\mri_healthy (1178).jpg,Brain Tumor MRI images/Healthy/mri_healthy (1178).jpg,0,Healthy,MRI,0b9c023602bd8f9cb8c707fb4ad6eadd6776931e6dda11b99e9c03ee414fa31b,2
C:\Users\dondo\OneDrive\Documents\ADBU CSE(AI & ML)\5th sem\Minor Project\Project Prototype\Brain-Tumor-Minor-Project\dataset\Brain Tumor MRI images\Healthy\mri_healthy (1180).jpg,Brain Tumor MRI images/Healthy/mri_healthy (1180).jpg,0,Healthy,MRI,fe8bc2909ef86a3771746dcd0f251c8e1b74658368a7bf450d8d824cb9c815ee,2
C:\Users\dondo\OneDrive\Documents\ADBU CSE(AI & ML)\5th sem\Minor Project\Project Prototype\Brain-Tumor-Minor-Project\dataset\Brain Tumor MRI images\Healthy\mri_healthy (1181).jpg,Brain Tumor MRI images/Healthy/mri_healthy (1181).jpg,0,Healthy,MRI,c4f3d3ea4e7128649a0a404f8ca78472e85ae60524c994f8ae07fff07568a3bd,2
C:\Users\dondo\OneDrive\Documents\ADBU CSE(AI & ML)\5th sem\Minor Project\Project Prototype\Brain-Tumor-Minor-Project\dataset\Brain Tumor MRI images\Healthy\mri_healthy (1185).jpg,Brain Tumor MRI images/Healthy/mri_healthy (1185).jpg,0,Healthy,MRI,1fdf58feab7fbe8c73d85bc2e2d126510bbe938d68bbcf36625316fe28122d3e,1
C:\Users\dondo\OneDrive\Documents\ADBU CSE(AI & ML)\5th sem\Minor Project\Project Prototype\Brain-Tumor-Minor-Project\dataset\Brain Tumor MRI images\Healthy\mri_healthy (1187).jpg,Brain Tumor MRI images/Healthy/mri_healthy (1187).jpg,0,Healthy,MRI,034a1e8900b8c8aa04ac8c619896959765478eb8d2987d7cd033ce00f812c74d,1
C:\Users\dondo\OneDrive\Documents\ADBU CSE(AI & ML)\5th sem\Minor Project\Project Prototype\Brain-Tumor-Minor-Project\dataset\Brain Tumor MRI images\Healthy\mri_healthy (1189).jpg,Brain Tumor MRI images/Healthy/mri_healthy (1189).jpg,0,Healthy,MRI,e12081444f90223ed08622ec9cf1e5f1b29dfbe0252bf1edb3bfb483302712c9,1
C:\Users\dondo\OneDrive\Documents\ADBU CSE(AI & ML)\5th sem\Minor Project\Project Prototype\Brain-Tumor-Minor-Project\dataset\Brain Tumor MRI images\Healthy\mri_healthy (119).jpg,Brain Tumor MRI images/Healthy/mri_healthy (119).jpg,0,Healthy,MRI,65f5166266fa29fc1bdd72b7b38bd467a416cc4ad67f362a8efcbc84da2461bd,1
C:\Users\dondo\OneDrive\Documents\ADBU CSE(AI & ML)\5th sem\Minor Project\Project Prototype\Brain-Tumor-Minor-Project\dataset\Brain Tumor MRI images\Healthy\mri_healthy (1190).jpg,Brain Tumor MRI images/Healthy/mri_healthy (1190).jpg,0,Healthy,MRI,56f62cf71753b6734a12940e1a0bc9b24ef701401af79bfd8417003c503eb4be,1
C:\Users\dondo\OneDrive\Documents\ADBU CSE(AI & ML)\5th sem\Minor Project\Project Prototype\Brain-Tumor-Minor-Project\dataset\Brain Tumor MRI images\Healthy\mri_healthy (1191).jpg,Brain Tumor MRI images/Healthy/mri_healthy (1191).jpg,0,Healthy,MRI,26d2e1be1666a770a9170ac10b7c098dd04bb97c2051687db1ac35bfbe4c72d2,1
C:\Users\dondo\OneDrive\Documents\ADBU CSE(AI & ML)\5th sem\Minor Project\Project Prototype\Brain-Tumor-Minor-Project\dataset\Brain Tumor MRI images\Healthy\mri_healthy (1192).jpg,Brain Tumor MRI images/Healthy/mri_healthy (1192).jpg,0,Healthy,MRI,5e12028d5d56a07b36f92652d500fccef5177271514a8b423df66332f85d0081,1
C:\Users\dondo\OneDrive\Documents\ADBU CSE(AI & ML)\5th sem\Minor Project\Project Prototype\Brain-Tumor-Minor-Project\dataset\Brain Tumor MRI images\Healthy\mri_healthy (1193).jpg,Brain Tumor MRI images/Healthy/mri_healthy (1193).jpg,0,Healthy,MRI,99174c374e94098691fc50347a4627202eb90665261999e59be79792cf013783,1
C:\Users\dondo\OneDrive\Documents\ADBU CSE(AI & ML)\5th sem\Minor Project\Project Prototype\Brain-Tumor-Minor-Project\dataset\Brain Tumor MRI images\Healthy\mri_healthy (1195).jpg,Brain Tumor MRI images/Healthy/mri_healthy (1195).jpg,0,Healthy,MRI,a54d257f6042715683ded3a7a08f02c6e9c0176914518744782eb7b2fc65800f,1
C:\Users\dondo\OneDrive\Documents\ADBU CSE(AI & ML)\5th sem\Minor Project\Project Prototype\Brain-Tumor-Minor-Project\dataset\Brain Tumor MRI images\Healthy\mri_healthy (12).jpg,Brain Tumor MRI images/Healthy/mri_healthy (12).jpg,0,Healthy,MRI,b615e4662d7a83ccbec45652927db99404b8c7e66e331908e95716bb46bfdd4a,1
C:\Users\dondo\OneDrive\Documents\ADBU CSE(AI & ML)\5th sem\Minor Project\Project Prototype\Brain-Tumor-Minor-Project\dataset\Brain Tumor MRI images\Healthy\mri_healthy (1209).jpg,Brain Tumor MRI images/Healthy/mri_healthy (1209).jpg,0,Healthy,MRI,f6a7a6440951d631d9a94e217eee733a06230f30d063554531e89813ef39fb5d,2
C:\Users\dondo\OneDrive\Documents\ADBU CSE(AI & ML)\5th sem\Minor Project\Project Prototype\Brain-Tumor-Minor-Project\dataset\Brain Tumor MRI images\Healthy\mri_healthy (121).jpg,Brain Tumor MRI images/Healthy/mri_healthy (121).jpg,0,Healthy,MRI,d883f3b8b03e21384073bceb7113c5636be4785727d8c9c698f079a586c3950b,1
C:\Users\dondo\OneDrive\Documents\ADBU CSE(AI & ML)\5th sem\Minor Project\Project Prototype\Brain-Tumor-Minor-Project\dataset\Brain Tumor MRI images\Healthy\mri_healthy (1212).jpg,Brain Tumor MRI images/Healthy/mri_healthy (1212).jpg,0,Healthy,MRI,b3ef3475c3c955c605c852cac58ab0a1de50dbc562545052f79237b1e34e4cf9,2
C:\Users\dondo\OneDrive\Documents\ADBU CSE(AI & ML)\5th sem\Minor Project\Project Prototype\Brain-Tumor-Minor-Project\dataset\Brain Tumor MRI images\Healthy\mri_healthy (1215).jpg,Brain Tumor MRI images/Healthy/mri_healthy (1215).jpg,0,Healthy,MRI,e6f01c3348611c3d395bf08e864840fee6adfbe15fbd8b73a4de59bdaca0595d,1
C:\Users\dondo\OneDrive\Documents\ADBU CSE(AI & ML)\5th sem\Minor Project\Project Prototype\Brain-Tumor-Minor-Project\dataset\Brain Tumor MRI images\Healthy\mri_healthy (1216).jpg,Brain Tumor MRI images/Healthy/mri_healthy (1216).jpg,0,Healthy,MRI,e982041b25f466815daeeee10413f548af1c78d1770261aee0e5a36710e3d55c,1
C:\Users\dondo\OneDrive\Documents\ADBU CSE(AI & ML)\5th sem\Minor Project\Project Prototype\Brain-Tumor-Minor-Project\dataset\Brain Tumor MRI images\Healthy\mri_healthy (1219).jpg,Brain Tumor MRI images/Healthy/mri_healthy (1219).jpg,0,Healthy,MRI,30671dfea0a114befa6971a356e2669050d3dc757caacbd1f1354fed0a1d5c41,1
C:\Users\dondo\OneDrive\Documents\ADBU CSE(AI & ML)\5th sem\Minor Project\Project Prototype\Brain-Tumor-Minor-Project\dataset\Brain Tumor MRI images\Healthy\mri_healthy (1220).jpg,Brain Tumor MRI images/Healthy/mri_healthy (1220).jpg,0,Healthy,MRI,39e2a6920aca557840bd36c21999d3be18b47c7a40803aeb55f0495bb57a92b0,1
C:\Users\dondo\OneDrive\Documents\ADBU CSE(AI & ML)\5th sem\Minor Project\Project Prototype\Brain-Tumor-Minor-Project\dataset\Brain Tumor MRI images\Healthy\mri_healthy (1221).jpg,Brain Tumor MRI images/Healthy/mri_healthy (1221).jpg,0,Healthy,MRI,971c087f187cb7c42164040a13ed882d45d25bfe6a252ab2278e14f0e5b81286,1
C:\Users\dondo\OneDrive\Documents\ADBU CSE(AI & ML)\5th sem\Minor Project\Project Prototype\Brain-Tumor-Minor-Project\dataset\Brain Tumor MRI images\Healthy\mri_healthy (1223).jpg,Brain Tumor MRI images/Healthy/mri_healthy (1223).jpg,0,Healthy,MRI,f979cc3134530c7092c010fce7d71c30122c44ce00b643301aefbad4faeea73a,1
C:\Users\dondo\OneDrive\Documents\ADBU CSE(AI & ML)\5th sem\Minor Project\Project Prototype\Brain-Tumor-Minor-Project\dataset\Brain Tumor MRI images\Healthy\mri_healthy (1224).jpg,Brain Tumor MRI images/Healthy/mri_healthy (1224).jpg,0,Healthy,MRI,f597096bc5078e991b99a1ef814c9f48f88999753097b18577cdc5c9751b28a6,1
C:\Users\dondo\OneDrive\Documents\ADBU CSE(AI & ML)\5th sem\Minor Project\Project Prototype\Brain-Tumor-Minor-Project\dataset\Brain Tumor MRI images\Healthy\mri_healthy (1225).jpg,Brain Tumor MRI images/Healthy/mri_healthy (1225).jpg,0,Healthy,MRI,50217b52b1cd8c80bea8ec999d65f33a2e4bb2c4f32a46de26efbf5b7c3f4bb2,1
C:\Users\dondo\OneDrive\Documents\ADBU CSE(AI & ML)\5th sem\Minor Project\Project Prototype\Brain-Tumor-Minor-Project\dataset\Brain Tumor MRI images\Healthy\mri_healthy (1226).jpg,Brain Tumor MRI images/Healthy/mri_healthy (1226).jpg,0,Healthy,MRI,3e55ce6b5fd6458e415df93d3f64730f556ae40cbab1a3faac40c1a048e8842d,1
C:\Users\dondo\OneDrive\Documents\ADBU CSE(AI & ML)\5th sem\Minor Project\Project Prototype\Brain-Tumor-Minor-Project\dataset\Brain Tumor MRI images\Healthy\mri_healthy (1227).jpg,Brain Tumor MRI images/Healthy/mri_healthy (1227).jpg,0,Healthy,MRI,9a62615e27c54f32bc5e6aac11df776dffa3b84e0d60a23de995b0c45f5d63e0,1
C:\Users\dondo\OneDrive\Documents\ADBU CSE(AI & ML)\5th sem\Minor Project\Project Prototype\Brain-Tumor-Minor-Project\dataset\Brain Tumor MRI images\Healthy\mri_healthy (1229).jpg,Brain Tumor MRI images/Healthy/mri_healthy (1229).jpg,0,Healthy,MRI,260de9483b52fc69019a19ced1ecbc07858f151d40151df3569f96f3e6dcc191,1
C:\Users\dondo\OneDrive\Documents\ADBU CSE(AI & ML)\5th sem\Minor Project\Project Prototype\Brain-Tumor-Minor-Project\dataset\Brain Tumor MRI images\Healthy\mri_healthy (123).jpg,Brain Tumor MRI images/Healthy/mri_healthy (123).jpg,0,Healthy,MRI,d9e114c5044d7e5860fcda53fc3403ebe0ef2d31dfb1b8da1ea1f6e7f2fe2788,1
C:\Users\dondo\OneDrive\Documents\ADBU CSE(AI & ML)\5th sem\Minor Project\Project Prototype\Brain-Tumor-Minor-Project\dataset\Brain Tumor MRI images\Healthy\mri_healthy (1230).jpg,Brain Tumor MRI images/Healthy/mri_healthy (1230).jpg,0,Healthy,MRI,565f68551842a1568fdfef2cab6b857e474ecdcc3bd1b30c160275c97b9c71aa,1
C:\Users\dondo\OneDrive\Documents\ADBU CSE(AI & ML)\5th sem\Minor Project\Project Prototype\Brain-Tumor-Minor-Project\dataset\Brain Tumor MRI images\Healthy\mri_healthy (1231).jpg,Brain Tumor MRI images/Healthy/mri_healthy (1231).jpg,0,Healthy,MRI,ae382ccd800e8362664b5fe90d3dd15318670d78482126229365a66b064f8528,1
C:\Users\dondo\OneDrive\Documents\ADBU CSE(AI & ML)\5th sem\Minor Project\Project Prototype\Brain-Tumor-Minor-Project\dataset\Brain Tumor MRI images\Healthy\mri_healthy (1232).jpg,Brain Tumor MRI images/Healthy/mri_healthy (1232).jpg,0,Healthy,MRI,e963bc587c30778bdbd34a282ddaa8592e009ec88ea4205ab3d7798f7f9f70c7,1
C:\Users\dondo\OneDrive\Documents\ADBU CSE(AI & ML)\5th sem\Minor Project\Project Prototype\Brain-Tumor-Minor-Project\dataset\Brain Tumor MRI images\Healthy\mri_healthy (1236).jpg,Brain Tumor MRI images/Healthy/mri_healthy (1236).jpg,0,Healthy,MRI,5e04bdc73542640f36ace9b5426ed8e7918a35ad6632800ace51ac4546049afb,1
C:\Users\dondo\OneDrive\Documents\ADBU CSE(AI & ML)\5th sem\Minor Project\Project Prototype\Brain-Tumor-Minor-Project\dataset\Brain Tumor MRI images\Healthy\mri_healthy (1237).jpg,Brain Tumor MRI images/Healthy/mri_healthy (1237).jpg,0,Healthy,MRI,c40c94e7ec291cd75b0da401a7bcb6b3e7bac6bc700004ec85020c20e6f1cbd7,1
C:\Users\dondo\OneDrive\Documents\ADBU CSE(AI & ML)\5th sem\Minor Project\Project Prototype\Brain-Tumor-Minor-Project\dataset\Brain Tumor MRI images\Healthy\mri_healthy (124).jpg,Brain Tumor MRI images/Healthy/mri_healthy (124).jpg,0,Healthy,MRI,57dd40bc7a19e94c6b6e696c74d9d25840cc921127393dc361b309fbf0d27750,2
C:\Users\dondo\OneDrive\Documents\ADBU CSE(AI & ML)\5th sem\Minor Project\Project Prototype\Brain-Tumor-Minor-Project\dataset\Brain Tumor MRI images\Healthy\mri_healthy (1241).jpg,Brain Tumor MRI images/Healthy/mri_healthy (1241).jpg,0,Healthy,MRI,c55ef4181ef15c971af2d4706782d88c77812c625e0f5ef14cd777000f03da79,1
C:\Users\dondo\OneDrive\Documents\ADBU CSE(AI & ML)\5th sem\Minor Project\Project Prototype\Brain-Tumor-Minor-Project\dataset\Brain Tumor MRI images\Healthy\mri_healthy (1242).jpg,Brain Tumor MRI images/Healthy/mri_healthy (1242).jpg,0,Healthy,MRI,07b61c41259f1948c330e68d62b0cb66761c8f2b206b54702e5c62630aeda16f,1
C:\Users\dondo\OneDrive\Documents\ADBU CSE(AI & ML)\5th sem\Minor Project\Project Prototype\Brain-Tumor-Minor-Project\dataset\Brain Tumor MRI images\Healthy\mri_healthy (1244).jpg,Brain Tumor MRI images/Healthy/mri_healthy (1244).jpg,0,Healthy,MRI,1148abf498ae829c5a620318b6a36e29a3a257a9add2bcfad4ac22450434fa74,1
C:\Users\dondo\OneDrive\Documents\ADBU CSE(AI & ML)\5th sem\Minor Project\Project Prototype\Brain-Tumor-Minor-Project\dataset\Brain Tumor MRI images\Healthy\mri_healthy (1245).jpg,Brain Tumor MRI images/Healthy/mri_healthy (1245).jpg,0,Healthy,MRI,76dcbc59c455353e28860139e9fbe834bd564c506aacbe9977871e5762304269,1
C:\Users\dondo\OneDrive\Documents\ADBU CSE(AI & ML)\5th sem\Minor Project\Project Prototype\Brain-Tumor-Minor-Project\dataset\Brain Tumor MRI images\Healthy\mri_healthy (1246).jpg,Brain Tumor MRI images/Healthy/mri_healthy (1246).jpg,0,Healthy,MRI,ea80021d3927dfdcd998ea2fba8e5b40687895c501bfe24e5a62d65ef12b6492,1
C:\Users\dondo\OneDrive\Documents\ADBU CSE(AI & ML)\5th sem\Minor Project\Project Prototype\Brain-Tumor-Minor-Project\dataset\Brain Tumor MRI images\Healthy\mri_healthy (1247).jpg,Brain Tumor MRI images/Healthy/mri_healthy (1247).jpg,0,Healthy,MRI,33ab22f36b7c73c7e0b5067fce7519f5151db12e59b3ab332e5a1f2cfaf6f2bf,1
C:\Users\dondo\OneDrive\Documents\ADBU CSE(AI & ML)\5th sem\Minor Project\Project Prototype\Brain-Tumor-Minor-Project\dataset\Brain Tumor MRI images\Healthy\mri_healthy (1248).jpg,Brain Tumor MRI images/Healthy/mri_healthy (1248).jpg,0,Healthy,MRI,a402315bfc3dd719a2158cd8d88242299854102dd9e2ddf3df460a130546f048,1
C:\Users\dondo\OneDrive\Documents\ADBU CSE(AI & ML)\5th sem\Minor Project\Project Prototype\Brain-Tumor-Minor-Project\dataset\Brain Tumor MRI images\Healthy\mri_healthy (1249).jpg,Brain Tumor MRI images/Healthy/mri_healthy (1249).jpg,0,Healthy,MRI,b99c89899f186c8bc11169a2251e45727f7c9daf3a8e5dcb71f28abbfb616fdc,1
C:\Users\dondo\OneDrive\Documents\ADBU CSE(AI & ML)\5th sem\Minor Project\Project Prototype\Brain-Tumor-Minor-Project\dataset\Brain Tumor MRI images\Healthy\mri_healthy (125).jpg,Brain Tumor MRI images/Healthy/mri_healthy (125).jpg,0,Healthy,MRI,aaf4a22fd07773655b548bd1f9fb7046e0a4be8060a9416b034749803c2abe1c,1
C:\Users\dondo\OneDrive\Documents\ADBU CSE(AI & ML)\5th sem\Minor Project\Project Prototype\Brain-Tumor-Minor-Project\dataset\Brain Tumor MRI images\Healthy\mri_healthy (1251).jpg,Brain Tumor MRI images/Healthy/mri_healthy (1251).jpg,0,Healthy,MRI,913a9bac43d9ff03881509651794256b86c4bac53be069bb69b70226ce9eb72d,1
C:\Users\dondo\OneDrive\Documents\ADBU CSE(AI & ML)\5th sem\Minor Project\Project Prototype\Brain-Tumor-Minor-Project\dataset\Brain Tumor MRI images\Healthy\mri_healthy (1252).jpg,Brain Tumor MRI images/Healthy/mri_healthy (1252).jpg,0,Healthy,MRI,d26e2af74589bdb45d5a14696190ca10eea9f2d045b45b067d7f6c1756dd2250,1
C:\Users\dondo\OneDrive\Documents\ADBU CSE(AI & ML)\5th sem\Minor Project\Project Prototype\Brain-Tumor-Minor-Project\dataset\Brain Tumor MRI images\Healthy\mri_healthy (1253).jpg,Brain Tumor MRI images/Healthy/mri_healthy (1253).jpg,0,Healthy,MRI,af97ccca6079ea55a46d7f001d40c57671bac7934f85397d504b6f7dcbab5987,1
C:\Users\dondo\OneDrive\Documents\ADBU CSE(AI & ML)\5th sem\Minor Project\Project Prototype\Brain-Tumor-Minor-Project\dataset\Brain Tumor MRI images\Healthy\mri_healthy (1254).jpg,Brain Tumor MRI images/Healthy/mri_healthy (1254).jpg,0,Healthy,MRI,f58494216c2b47238eb5e6e8030a7cfb78593bb1b57a599734e5c30535669ed3,1
C:\Users\dondo\OneDrive\Documents\ADBU CSE(AI & ML)\5th sem\Minor Project\Project Prototype\Brain-Tumor-Minor-Project\dataset\Brain Tumor MRI images\Healthy\mri_healthy (1256).jpg,Brain Tumor MRI images/Healthy/mri_healthy (1256).jpg,0,Healthy,MRI,5657f06336ee2f5a77e73dc788fac9147baff5bb1ccdff95a919e9897f4a2698,1
C:\Users\dondo\OneDrive\Documents\ADBU CSE(AI & ML)\5th sem\Minor Project\Project Prototype\Brain-Tumor-Minor-Project\dataset\Brain Tumor MRI images\Healthy\mri_healthy (1257).jpg,Brain Tumor MRI images/Healthy/mri_healthy (1257).jpg,0,Healthy,MRI,4493d4685def8aee8d9a833e9c9344ad4eadac5e3db257c57f2c5a8ef62759ef,1
C:\Users\dondo\OneDrive\Documents\ADBU CSE(AI & ML)\5th sem\Minor Project\Project Prototype\Brain-Tumor-Minor-Project\dataset\Brain Tumor MRI images\Healthy\mri_healthy (1259).jpg,Brain Tumor MRI images/Healthy/mri_healthy (1259).jpg,0,Healthy,MRI,fbd20dfd254f16cce2cb3107aeab37013cc685011e017b964284910e04a57ccd,1
C:\Users\dondo\OneDrive\Documents\ADBU CSE(AI & ML)\5th sem\Minor Project\Project Prototype\Brain-Tumor-Minor-Project\dataset\Brain Tumor MRI images\Healthy\mri_healthy (126).jpg,Brain Tumor MRI images/Healthy/mri_healthy (126).jpg,0,Healthy,MRI,019d4bcbb9950c5024b160c1b3b6cce57f81b9655fb3994c4c746901290b3bb5,5
C:\Users\dondo\OneDrive\Documents\ADBU CSE(AI & ML)\5th sem\Minor Project\Project Prototype\Brain-Tumor-Minor-Project\dataset\Brain Tumor MRI images\Healthy\mri_healthy (1260).jpg,Brain Tumor MRI images/Healthy/mri_healthy (1260).jpg,0,Healthy,MRI,3969e6275a69ac59a406b6d809e5c2407dc49b26432e56bb6a9ca31e9477e802,1
C:\Users\dondo\OneDrive\Documents\ADBU CSE(AI & ML)\5th sem\Minor Project\Project Prototype\Brain-Tumor-Minor-Project\dataset\Brain Tumor MRI images\Healthy\mri_healthy (1262).jpg,Brain Tumor MRI images/Healthy/mri_healthy (1262).jpg,0,Healthy,MRI,b4c538391f6ed6c280fbce828cb5bc28b29323941948760fed93401cae3a6f71,1
C:\Users\dondo\OneDrive\Documents\ADBU CSE(AI & ML)\5th sem\Minor Project\Project Prototype\Brain-Tumor-Minor-Project\dataset\Brain Tumor MRI images\Healthy\mri_healthy (1263).jpg,Brain Tumor MRI images/Healthy/mri_healthy (1263).jpg,0,Healthy,MRI,618307ee1c49972f6a4712fa0f0f7b88f6f71dc9e2bd619b85597a802efacb8f,1
C:\Users\dondo\OneDrive\Documents\ADBU CSE(AI & ML)\5th sem\Minor Project\Project Prototype\Brain-Tumor-Minor-Project\dataset\Brain Tumor MRI images\Healthy\mri_healthy (1266).jpg,Brain Tumor MRI images/Healthy/mri_healthy (1266).jpg,0,Healthy,MRI,62bb06e03b504eec81cb72b60af0188f6e4ff0d0bec56d0a2bb24629412b2cc9,1
C:\Users\dondo\OneDrive\Documents\ADBU CSE(AI & ML)\5th sem\Minor Project\Project Prototype\Brain-Tumor-Minor-Project\dataset\Brain Tumor MRI images\Healthy\mri_healthy (1267).jpg,Brain Tumor MRI images/Healthy/mri_healthy (1267).jpg,0,Healthy,MRI,4b931a3b9766c058d06eda70fda3fc64e1177517c2e907c6fb26a9ec254684c0,1
C:\Users\dondo\OneDrive\Documents\ADBU CSE(AI & ML)\5th sem\Minor Project\Project Prototype\Brain-Tumor-Minor-Project\dataset\Brain Tumor MRI images\Healthy\mri_healthy (127).jpg,Brain Tumor MRI images/Healthy/mri_healthy (127).jpg,0,Healthy,MRI,8c2a1557d5e953d7e91ef973a2b545890f43d351284b62dd43ed6ba24a7132a5,2
C:\Users\dondo\OneDrive\Documents\ADBU CSE(AI & ML)\5th sem\Minor Project\Project Prototype\Brain-Tumor-Minor-Project\dataset\Brain Tumor MRI images\Healthy\mri_healthy (1270).jpg,Brain Tumor MRI images/Healthy/mri_healthy (1270).jpg,0,Healthy,MRI,15610999630671e0d57398721f8f39fde1f600d26c8f8c1afefaeb18f072eadf,1
C:\Users\dondo\OneDrive\Documents\ADBU CSE(AI & ML)\5th sem\Minor Project\Project Prototype\Brain-Tumor-Minor-Project\dataset\Brain Tumor MRI images\Healthy\mri_healthy (1272).jpg,Brain Tumor MRI images/Healthy/mri_healthy (1272).jpg,0,Healthy,MRI,cdaff024d76bf308c35aae9deaeda26902785875d2ce1b68e4d24a95c42186fc,1
C:\Users\dondo\OneDrive\Documents\ADBU CSE(AI & ML)\5th sem\Minor Project\Project Prototype\Brain-Tumor-Minor-Project\dataset\Brain Tumor MRI images\Healthy\mri_healthy (1273).jpg,Brain Tumor MRI images/Healthy/mri_healthy (1273).jpg,0,Healthy,MRI,4e92ada8b88e0599d8c6f2fa645c5d5addc506dc8c5166d3f898a4a2839b2aa5,1
C:\Users\dondo\OneDrive\Documents\ADBU CSE(AI & ML)\5th sem\Minor Project\Project Prototype\Brain-Tumor-Minor-Project\dataset\Brain Tumor MRI images\Healthy\mri_healthy (1274).jpg,Brain Tumor MRI images/Healthy/mri_healthy (1274).jpg,0,Healthy,MRI,0eb05daee0c4579e5e0b0cff2ed9fa2f86fb057a91f3fcb35c98fd39d1382cf2,1
C:\Users\dondo\OneDrive\Documents\ADBU CSE(AI & ML)\5th sem\Minor Project\Project Prototype\Brain-Tumor-Minor-Project\dataset\Brain Tumor MRI images\Healthy\mri_healthy (1277).jpg,Brain Tumor MRI images/Healthy/mri_healthy (1277).jpg,0,Healthy,MRI,3c62fbc9fccac45021d6242b97ed8685359a6ba05b686388ed889e705d1bde1e,1
C:\Users\dondo\OneDrive\Documents\ADBU CSE(AI & ML)\5th sem\Minor Project\Project Prototype\Brain-Tumor-Minor-Project\dataset\Brain Tumor MRI images\Healthy\mri_healthy (1278).jpg,Brain Tumor MRI images/Healthy/mri_healthy (1278).jpg,0,Healthy,MRI,a744111317c2dda7730c0d281a0e27a89a040af6c45bea3b29b6aa334d892abb,1
C:\Users\dondo\OneDrive\Documents\ADBU CSE(AI & ML)\5th sem\Minor Project\Project Prototype\Brain-Tumor-Minor-Project\dataset\Brain Tumor MRI images\Healthy\mri_healthy (1279).jpg,Brain Tumor MRI images/Healthy/mri_healthy (1279).jpg,0,Healthy,MRI,f22fae35d6d7d64ab93793176e71dfc1f585a792087b9167369e563b8d3ba79a,1
C:\Users\dondo\OneDrive\Documents\ADBU CSE(AI & ML)\5th sem\Minor Project\Project Prototype\Brain-Tumor-Minor-Project\dataset\Brain Tumor MRI images\Healthy\mri_healthy (1280).jpg,Brain Tumor MRI images/Healthy/mri_healthy (1280).jpg,0,Healthy,MRI,22124f0193f0c7a37600bd4d56380a4ec4d5e0eb06c06a8c4128cef18fb09138,1
C:\Users\dondo\OneDrive\Documents\ADBU CSE(AI & ML)\5th sem\Minor Project\Project Prototype\Brain-Tumor-Minor-Project\dataset\Brain Tumor MRI images\Healthy\mri_healthy (1281).jpg,Brain Tumor MRI images/Healthy/mri_healthy (1281).jpg,0,Healthy,MRI,d039594a2eba2a56ecc3db3abe22faa437b6fce66ca8322150dcb0b95647c58b,1
C:\Users\dondo\OneDrive\Documents\ADBU CSE(AI & ML)\5th sem\Minor Project\Project Prototype\Brain-Tumor-Minor-Project\dataset\Brain Tumor MRI images\Healthy\mri_healthy (1283).jpg,Brain Tumor MRI images/Healthy/mri_healthy (1283).jpg,0,Healthy,MRI,9159f61538458e3cb986ce92a5ff0b3f921b8fac0d4ef2d1ee0c1caf8667c046,1
C:\Users\dondo\OneDrive\Documents\ADBU CSE(AI & ML)\5th sem\Minor Project\Project Prototype\Brain-Tumor-Minor-Project\dataset\Brain Tumor MRI images\Healthy\mri_healthy (1284).jpg,Brain Tumor MRI images/Healthy/mri_healthy (1284).jpg,0,Healthy,MRI,c2aadcb1fd9c2cd597e397c22e204e93062ef8942e0162006d81cb0816039e7c,1
C:\Users\dondo\OneDrive\Documents\ADBU CSE(AI & ML)\5th sem\Minor Project\Project Prototype\Brain-Tumor-Minor-Project\dataset\Brain Tumor MRI images\Healthy\mri_healthy (1285).jpg,Brain Tumor MRI images/Healthy/mri_healthy (1285).jpg,0,Healthy,MRI,33f76124b9b0078a5899daa7d5523464e6e1a435782f0ba0c835592a7851af5d,1
C:\Users\dondo\OneDrive\Documents\ADBU CSE(AI & ML)\5th sem\Minor Project\Project Prototype\Brain-Tumor-Minor-Project\dataset\Brain Tumor MRI images\Healthy\mri_healthy (1286).jpg,Brain Tumor MRI images/Healthy/mri_healthy (1286).jpg,0,Healthy,MRI,c8dd586e5455dfe6b6a6bc8e43c371848733ce11ebcf385b4e48ba1ea4dd5da9,1
C:\Users\dondo\OneDrive\Documents\ADBU CSE(AI & ML)\5th sem\Minor Project\Project Prototype\Brain-Tumor-Minor-Project\dataset\Brain Tumor MRI images\Healthy\mri_healthy (1287).jpg,Brain Tumor MRI images/Healthy/mri_healthy (1287).jpg,0,Healthy,MRI,daee83129f295e86b3da006ee64f1d9a45982fe22f522b55e5f40422652f3f45,1
C:\Users\dondo\OneDrive\Documents\ADBU CSE(AI & ML)\5th sem\Minor Project\Project Prototype\Brain-Tumor-Minor-Project\dataset\Brain Tumor MRI images\Healthy\mri_healthy (1288).jpg,Brain Tumor MRI images/Healthy/mri_healthy (1288).jpg,0,Healthy,MRI,c8048a1306b8c2108184d3339a762861de2444c6d2d335bc3308048d8bd288cf,1
C:\Users\dondo\OneDrive\Documents\ADBU CSE(AI & ML)\5th sem\Minor Project\Project Prototype\Brain-Tumor-Minor-Project\dataset\Brain Tumor MRI images\Healthy\mri_healthy (129).jpg,Brain Tumor MRI images/Healthy/mri_healthy (129).jpg,0,Healthy,MRI,34189e72f177d811922bb02184a834271b69319c3e7e637407912630cd6cd1da,1
C:\Users\dondo\OneDrive\Documents\ADBU CSE(AI & ML)\5th sem\Minor Project\Project Prototype\Brain-Tumor-Minor-Project\dataset\Brain Tumor MRI images\Healthy\mri_healthy (1290).jpg,Brain Tumor MRI images/Healthy/mri_healthy (1290).jpg,0,Healthy,MRI,8098b74b7e5b2f424760ed7d228ae92b9214b2d022c7df2fc651c371b3b7c365,1
C:\Users\dondo\OneDrive\Documents\ADBU CSE(AI & ML)\5th sem\Minor Project\Project Prototype\Brain-Tumor-Minor-Project\dataset\Brain Tumor MRI images\Healthy\mri_healthy (1291).jpg,Brain Tumor MRI images/Healthy/mri_healthy (1291).jpg,0,Healthy,MRI,14ffc5cf60fe885e399c9f92e34cf23384e04ed96ab4cb97d1c6f3365823e22f,1
C:\Users\dondo\OneDrive\Documents\ADBU CSE(AI & ML)\5th sem\Minor Project\Project Prototype\Brain-Tumor-Minor-Project\dataset\Brain Tumor MRI images\Healthy\mri_healthy (1293).jpg,Brain Tumor MRI images/Healthy/mri_healthy (1293).jpg,0,Healthy,MRI,f998b1e3b82e35ed76cc87539cbc1ec0c5773725c70c4a187d0d9c9473fcfc59,1
C:\Users\dondo\OneDrive\Documents\ADBU CSE(AI & ML)\5th sem\Minor Project\Project Prototype\Brain-Tumor-Minor-Project\dataset\Brain Tumor MRI images\Healthy\mri_healthy (1294).jpg,Brain Tumor MRI images/Healthy/mri_healthy (1294).jpg,0,Healthy,MRI,4ed35cf16f1cb69b8a76845e813e9db0d0878e69a3d9afab1c5900f5a3ad747a,1
C:\Users\dondo\OneDrive\Documents\ADBU CSE(AI & ML)\5th sem\Minor Project\Project Prototype\Brain-Tumor-Minor-Project\dataset\Brain Tumor MRI images\Healthy\mri_healthy (1295).jpg,Brain Tumor MRI images/Healthy/mri_healthy (1295).jpg,0,Healthy,MRI,7ea6c9f4271299e73498bddcda796e3de138a9ee693771da158ed5d88845d580,1
C:\Users\dondo\OneDrive\Documents\ADBU CSE(AI & ML)\5th sem\Minor Project\Project Prototype\Brain-Tumor-Minor-Project\dataset\Brain Tumor MRI images\Healthy\mri_healthy (1297).jpg,Brain Tumor MRI images/Healthy/mri_healthy (1297).jpg,0,Healthy,MRI,4b14df8aba14bc514a4d9fba79c86d22140133cb024335d455392782beb10ad3,1
C:\Users\dondo\OneDrive\Documents\ADBU CSE(AI & ML)\5th sem\Minor Project\Project Prototype\Brain-Tumor-Minor-Project\dataset\Brain Tumor MRI images\Healthy\mri_healthy (1298).jpg,Brain Tumor MRI images/Healthy/mri_healthy (1298).jpg,0,Healthy,MRI,643df82b562a9b0f4c324f6e0ad7600cd801b4d0011772915cf7e2d904e0824c,1
C:\Users\dondo\OneDrive\Documents\ADBU CSE(AI & ML)\5th sem\Minor Project\Project Prototype\Brain-Tumor-Minor-Project\dataset\Brain Tumor MRI images\Healthy\mri_healthy (1299).jpg,Brain Tumor MRI images/Healthy/mri_healthy (1299).jpg,0,Healthy,MRI,774043c8d13a0a69c57c8a44dd1cb5bd9a966a4cbda2458ec7a624219deaa6ab,1
C:\Users\dondo\OneDrive\Documents\ADBU CSE(AI & ML)\5th sem\Minor Project\Project Prototype\Brain-Tumor-Minor-Project\dataset\Brain Tumor MRI images\Healthy\mri_healthy (1300).jpg,Brain Tumor MRI images/Healthy/mri_healthy (1300).jpg,0,Healthy,MRI,a8e20f88882e4e8a7238170ec96cdf7ad1ac6f46f87f9254dbfd6046af0d96e3,1
C:\Users\dondo\OneDrive\Documents\ADBU CSE(AI & ML)\5th sem\Minor Project\Project Prototype\Brain-Tumor-Minor-Project\dataset\Brain Tumor MRI images\Healthy\mri_healthy (1304).jpg,Brain Tumor MRI images/Healthy/mri_healthy (1304).jpg,0,Healthy,MRI,fc043f8aa099e698b767cba0c5dd09249b5fdd35af1ad90c7318dcd30ca29e38,1
C:\Users\dondo\OneDrive\Documents\ADBU CSE(AI & ML)\5th sem\Minor Project\Project Prototype\Brain-Tumor-Minor-Project\dataset\Brain Tumor MRI images\Healthy\mri_healthy (1305).jpg,Brain Tumor MRI images/Healthy/mri_healthy (1305).jpg,0,Healthy,MRI,7f503b85d2aefd2cd9710743c04c93e84f759093510bcd9ad69bb0a1ff35b44c,1
C:\Users\dondo\OneDrive\Documents\ADBU CSE(AI & ML)\5th sem\Minor Project\Project Prototype\Brain-Tumor-Minor-Project\dataset\Brain Tumor MRI images\Healthy\mri_healthy (1306).jpg,Brain Tumor MRI images/Healthy/mri_healthy (1306).jpg,0,Healthy,MRI,4c5725c30a5e71c0496bf8bf3ac33f4f4bf7878e795e5906413f6fbc930e40dd,1
C:\Users\dondo\OneDrive\Documents\ADBU CSE(AI & ML)\5th sem\Minor Project\Project Prototype\Brain-Tumor-Minor-Project\dataset\Brain Tumor MRI images\Healthy\mri_healthy (1307).jpg,Brain Tumor MRI images/Healthy/mri_healthy (1307).jpg,0,Healthy,MRI,2d5954caec7ff917b5fd170143551b76f8f0458c5519102030710abe2ca02581,1
C:\Users\dondo\OneDrive\Documents\ADBU CSE(AI & ML)\5th sem\Minor Project\Project Prototype\Brain-Tumor-Minor-Project\dataset\Brain Tumor MRI images\Healthy\mri_healthy (1308).jpg,Brain Tumor MRI images/Healthy/mri_healthy (1308).jpg,0,Healthy,MRI,a82e76934fe97a6e00aa386811d75178253b73c03e5b3751db49b51bd9a956f4,1
C:\Users\dondo\OneDrive\Documents\ADBU CSE(AI & ML)\5th sem\Minor Project\Project Prototype\Brain-Tumor-Minor-Project\dataset\Brain Tumor MRI images\Healthy\mri_healthy (131).jpg,Brain Tumor MRI images/Healthy/mri_healthy (131).jpg,0,Healthy,MRI,7b15523516e988e509901c8fe269bbb53f157696f42badf56c7ce209d521dfea,1
C:\Users\dondo\OneDrive\Documents\ADBU CSE(AI & ML)\5th sem\Minor Project\Project Prototype\Brain-Tumor-Minor-Project\dataset\Brain Tumor MRI images\Healthy\mri_healthy (1310).jpg,Brain Tumor MRI images/Healthy/mri_healthy (1310).jpg,0,Healthy,MRI,e37e5ae733244a81807424a07a2f05f62dfd24241240a81c5d4394497eeb9ced,1
C:\Users\dondo\OneDrive\Documents\ADBU CSE(AI & ML)\5th sem\Minor Project\Project Prototype\Brain-Tumor-Minor-Project\dataset\Brain Tumor MRI images\Healthy\mri_healthy (1311).jpg,Brain Tumor MRI images/Healthy/mri_healthy (1311).jpg,0,Healthy,MRI,cf6b0261c562ac85f38f6caa162b025649ff019d83f38b5faa9d7af2873edc26,1
C:\Users\dondo\OneDrive\Documents\ADBU CSE(AI & ML)\5th sem\Minor Project\Project Prototype\Brain-Tumor-Minor-Project\dataset\Brain Tumor MRI images\Healthy\mri_healthy (1312).jpg,Brain Tumor MRI images/Healthy/mri_healthy (1312).jpg,0,Healthy,MRI,34b1189c445a951753f44495acfb18e109ac696e417912493e5902085ce46098,1
C:\Users\dondo\OneDrive\Documents\ADBU CSE(AI & ML)\5th sem\Minor Project\Project Prototype\Brain-Tumor-Minor-Project\dataset\Brain Tumor MRI images\Healthy\mri_healthy (1313).jpg,Brain Tumor MRI images/Healthy/mri_healthy (1313).jpg,0,Healthy,MRI,8a375aa63548f411bce85e953da2c2924bb0288fd9e5e78b8e27a9b9e6a61444,1
C:\Users\dondo\OneDrive\Documents\ADBU CSE(AI & ML)\5th sem\Minor Project\Project Prototype\Brain-Tumor-Minor-Project\dataset\Brain Tumor MRI images\Healthy\mri_healthy (1315).jpg,Brain Tumor MRI images/Healthy/mri_healthy (1315).jpg,0,Healthy,MRI,5d2c8a9d8c94ca865dea5a8097fb7b2aad8eb33acea665958ae592d92fc82d68,1
C:\Users\dondo\OneDrive\Documents\ADBU CSE(AI & ML)\5th sem\Minor Project\Project Prototype\Brain-Tumor-Minor-Project\dataset\Brain Tumor MRI images\Healthy\mri_healthy (1317).jpg,Brain Tumor MRI images/Healthy/mri_healthy (1317).jpg,0,Healthy,MRI,1221c592fb12e1f887dd4f05704006a67a68f06673c939047d181403e74aa0f4,1
C:\Users\dondo\OneDrive\Documents\ADBU CSE(AI & ML)\5th sem\Minor Project\Project Prototype\Brain-Tumor-Minor-Project\dataset\Brain Tumor MRI images\Healthy\mri_healthy (1320).jpg,Brain Tumor MRI images/Healthy/mri_healthy (1320).jpg,0,Healthy,MRI,f1d9387bba025f0731a1ee9f667d6421acd61fbba310434bfed5f2cc81bc54ed,1
C:\Users\dondo\OneDrive\Documents\ADBU CSE(AI & ML)\5th sem\Minor Project\Project Prototype\Brain-Tumor-Minor-Project\dataset\Brain Tumor MRI images\Healthy\mri_healthy (1321).jpg,Brain Tumor MRI images/Healthy/mri_healthy (1321).jpg,0,Healthy,MRI,515dc93c728bdc183b2632f05e569d0f7ea0fb7acabd492388c56969db444f49,1
C:\Users\dondo\OneDrive\Documents\ADBU CSE(AI & ML)\5th sem\Minor Project\Project Prototype\Brain-Tumor-Minor-Project\dataset\Brain Tumor MRI images\Healthy\mri_healthy (1323).jpg,Brain Tumor MRI images/Healthy/mri_healthy (1323).jpg,0,Healthy,MRI,a9c4a8271933c34f4300fd92269d4269645109fccaf424bff56a59f05da51199,1
C:\Users\dondo\OneDrive\Documents\ADBU CSE(AI & ML)\5th sem\Minor Project\Project Prototype\Brain-Tumor-Minor-Project\dataset\Brain Tumor MRI images\Healthy\mri_healthy (1324).jpg,Brain Tumor MRI images/Healthy/mri_healthy (1324).jpg,0,Healthy,MRI,330eee17f1f941e29e2881fc216d217bb26839165c9f7ca46ac38adcea07e317,1
C:\Users\dondo\OneDrive\Documents\ADBU CSE(AI & ML)\5th sem\Minor Project\Project Prototype\Brain-Tumor-Minor-Project\dataset\Brain Tumor MRI images\Healthy\mri_healthy (1325).jpg,Brain Tumor MRI images/Healthy/mri_healthy (1325).jpg,0,Healthy,MRI,58e53c4b718ec26dbe53188712a158ec4283c22134afa9bdd17a4bc58626aa15,1
C:\Users\dondo\OneDrive\Documents\ADBU CSE(AI & ML)\5th sem\Minor Project\Project Prototype\Brain-Tumor-Minor-Project\dataset\Brain Tumor MRI images\Healthy\mri_healthy (1326).jpg,Brain Tumor MRI images/Healthy/mri_healthy (1326).jpg,0,Healthy,MRI,baad5d569549f8c114777012fadcc4293725c2552a9ae2dd4bc95fa4f7a2bb42,1
C:\Users\dondo\OneDrive\Documents\ADBU CSE(AI & ML)\5th sem\Minor Project\Project Prototype\Brain-Tumor-Minor-Project\dataset\Brain Tumor MRI images\Healthy\mri_healthy (1327).jpg,Brain Tumor MRI images/Healthy/mri_healthy (1327).jpg,0,Healthy,MRI,5a139d1cec9ee1aca25d5329a7b1c1a8cec6bac1bfb77d3f3d2c5596a467ae47,1
C:\Users\dondo\OneDrive\Documents\ADBU CSE(AI & ML)\5th sem\Minor Project\Project Prototype\Brain-Tumor-Minor-Project\dataset\Brain Tumor MRI images\Healthy\mri_healthy (1328).jpg,Brain Tumor MRI images/Healthy/mri_healthy (1328).jpg,0,Healthy,MRI,d032200ac9269250e03d88fa9f4c9d4839bed3e353e43e213e4e013697ab702e,2
C:\Users\dondo\OneDrive\Documents\ADBU CSE(AI & ML)\5th sem\Minor Project\Project Prototype\Brain-Tumor-Minor-Project\dataset\Brain Tumor MRI images\Healthy\mri_healthy (1329).jpg,Brain Tumor MRI images/Healthy/mri_healthy (1329).jpg,0,Healthy,MRI,ab5a4d008a0c0645dc89a6313585e1caec68b34b2f8ee712c758ad458fcafd20,2
C:\Users\dondo\OneDrive\Documents\ADBU CSE(AI & ML)\5th sem\Minor Project\Project Prototype\Brain-Tumor-Minor-Project\dataset\Brain Tumor MRI images\Healthy\mri_healthy (133).jpg,Brain Tumor MRI images/Healthy/mri_healthy (133).jpg,0,Healthy,MRI,6c631cf3580b78ae66628d8451fcca2f87d100ddbb5b47e832d87229682ea75c,1
C:\Users\dondo\OneDrive\Documents\ADBU CSE(AI & ML)\5th sem\Minor Project\Project Prototype\Brain-Tumor-Minor-Project\dataset\Brain Tumor MRI images\Healthy\mri_healthy (1330).jpg,Brain Tumor MRI images/Healthy/mri_healthy (1330).jpg,0,Healthy,MRI,757cf19a5eb985f81eb16365e63dec3bda2bbb35c831c2bfd9ac487ebd3ed30f,1
C:\Users\dondo\OneDrive\Documents\ADBU CSE(AI & ML)\5th sem\Minor Project\Project Prototype\Brain-Tumor-Minor-Project\dataset\Brain Tumor MRI images\Healthy\mri_healthy (1331).jpg,Brain Tumor MRI images/Healthy/mri_healthy (1331).jpg,0,Healthy,MRI,a72771c9ba087dc1bb4eda9826bc1abf9d4032a5b3464ac68ffed94cab27ffe7,1
C:\Users\dondo\OneDrive\Documents\ADBU CSE(AI & ML)\5th sem\Minor Project\Project Prototype\Brain-Tumor-Minor-Project\dataset\Brain Tumor MRI images\Healthy\mri_healthy (1336).jpg,Brain Tumor MRI images/Healthy/mri_healthy (1336).jpg,0,Healthy,MRI,a9aa04288cbd9e1565908c4e33f22e6bb6891f98f9f411c17accb8e49ac2ce31,1
C:\Users\dondo\OneDrive\Documents\ADBU CSE(AI & ML)\5th sem\Minor Project\Project Prototype\Brain-Tumor-Minor-Project\dataset\Brain Tumor MRI images\Healthy\mri_healthy (1337).jpg,Brain Tumor MRI images/Healthy/mri_healthy (1337).jpg,0,Healthy,MRI,9588f82fee5ad08234cb9e87380502c4d02243aa5d147b1b1c345cb57b311bb3,1
C:\Users\dondo\OneDrive\Documents\ADBU CSE(AI & ML)\5th sem\Minor Project\Project Prototype\Brain-Tumor-Minor-Project\dataset\Brain Tumor MRI images\Healthy\mri_healthy (1338).jpg,Brain Tumor MRI images/Healthy/mri_healthy (1338).jpg,0,Healthy,MRI,24aebf4791417042a0bb507a39511b326f8172e6af99e5aa875ecb1fd8bcaa95,1
C:\Users\dondo\OneDrive\Documents\ADBU CSE(AI & ML)\5th sem\Minor Project\Project Prototype\Brain-Tumor-Minor-Project\dataset\Brain Tumor MRI images\Healthy\mri_healthy (1339).jpg,Brain Tumor MRI images/Healthy/mri_healthy (1339).jpg,0,Healthy,MRI,0a8d61b4ca286a99983e2261c25f2f56b3e9a0d865afe7b6168dc5695d50acce,1
C:\Users\dondo\OneDrive\Documents\ADBU CSE(AI & ML)\5th sem\Minor Project\Project Prototype\Brain-Tumor-Minor-Project\dataset\Brain Tumor MRI images\Healthy\mri_healthy (134).jpg,Brain Tumor MRI images/Healthy/mri_healthy (134).jpg,0,Healthy,MRI,86e9aa159cbf2fb4b349af67643d7de0d6bb49aac4ac0d3df897e4c5bdbbcc1f,2
C:\Users\dondo\OneDrive\Documents\ADBU CSE(AI & ML)\5th sem\Minor Project\Project Prototype\Brain-Tumor-Minor-Project\dataset\Brain Tumor MRI images\Healthy\mri_healthy (1342).jpg,Brain Tumor MRI images/Healthy/mri_healthy (1342).jpg,0,Healthy,MRI,df414aa66d02cc69c4e5b3b2f77b82b5ebf70355da90e1fb3cf6dd0db4155af0,2
C:\Users\dondo\OneDrive\Documents\ADBU CSE(AI & ML)\5th sem\Minor Project\Project Prototype\Brain-Tumor-Minor-Project\dataset\Brain Tumor MRI images\Healthy\mri_healthy (1344).jpg,Brain Tumor MRI images/Healthy/mri_healthy (1344).jpg,0,Healthy,MRI,a135f8fbd76326fc105241f6306fad1f45b16f0f1d8966a75406de5497a84abe,1
C:\Users\dondo\OneDrive\Documents\ADBU CSE(AI & ML)\5th sem\Minor Project\Project Prototype\Brain-Tumor-Minor-Project\dataset\Brain Tumor MRI images\Healthy\mri_healthy (1345).jpg,Brain Tumor MRI images/Healthy/mri_healthy (1345).jpg,0,Healthy,MRI,16c57a0f3c75148d6deaadca9163bbce749f6b1872bf203c10eb72f171952033,1
C:\Users\dondo\OneDrive\Documents\ADBU CSE(AI & ML)\5th sem\Minor Project\Project Prototype\Brain-Tumor-Minor-Project\dataset\Brain Tumor MRI images\Healthy\mri_healthy (1346).jpg,Brain Tumor MRI images/Healthy/mri_healthy (1346).jpg,0,Healthy,MRI,14d8c36b70c031d816b5cede494b744bd5b3878170dc5945e2f41e2ff829affc,1
C:\Users\dondo\OneDrive\Documents\ADBU CSE(AI & ML)\5th sem\Minor Project\Project Prototype\Brain-Tumor-Minor-Project\dataset\Brain Tumor MRI images\Healthy\mri_healthy (1347).jpg,Brain Tumor MRI images/Healthy/mri_healthy (1347).jpg,0,Healthy,MRI,1c119c454b1a7038ed262192fc38e935d8e53748952e9e5065d4d73c741ef113,1
C:\Users\dondo\OneDrive\Documents\ADBU CSE(AI & ML)\5th sem\Minor Project\Project Prototype\Brain-Tumor-Minor-Project\dataset\Brain Tumor MRI images\Healthy\mri_healthy (1348).jpg,Brain Tumor MRI images/Healthy/mri_healthy (1348).jpg,0,Healthy,MRI,1180077ac7a624f9e665a787871cbeb198e7686a475ea3f010d0fa77ed578de2,1
C:\Users\dondo\OneDrive\Documents\ADBU CSE(AI & ML)\5th sem\Minor Project\Project Prototype\Brain-Tumor-Minor-Project\dataset\Brain Tumor MRI images\Healthy\mri_healthy (1349).jpg,Brain Tumor MRI images/Healthy/mri_healthy (1349).jpg,0,Healthy,MRI,0409a9795d5fc552b381ee5a42173ec94ceff1a2789e205004d9adf3eed6b826,1
C:\Users\dondo\OneDrive\Documents\ADBU CSE(AI & ML)\5th sem\Minor Project\Project Prototype\Brain-Tumor-Minor-Project\dataset\Brain Tumor MRI images\Healthy\mri_healthy (135).jpg,Brain Tumor MRI images/Healthy/mri_healthy (135).jpg,0,Healthy,MRI,1706331416adb3d9aad78fe449614f390dbd81c73806f330cb6fadb1751bc1d3,1
C:\Users\dondo\OneDrive\Documents\ADBU CSE(AI & ML)\5th sem\Minor Project\Project Prototype\Brain-Tumor-Minor-Project\dataset\Brain Tumor MRI images\Healthy\mri_healthy (1350).jpg,Brain Tumor MRI images/Healthy/mri_healthy (1350).jpg,0,Healthy,MRI,470899391f90770e2c831a0a6e5b745e2f66b57109b672d9b9c3064fba796e8d,1
C:\Users\dondo\OneDrive\Documents\ADBU CSE(AI & ML)\5th sem\Minor Project\Project Prototype\Brain-Tumor-Minor-Project\dataset\Brain Tumor MRI images\Healthy\mri_healthy (1352).jpg,Brain Tumor MRI images/Healthy/mri_healthy (1352).jpg,0,Healthy,MRI,b9803d1a4e3d4e60dbb1ed5fc6295d53de1f53cf08100134e1ddf48596c8e388,1
C:\Users\dondo\OneDrive\Documents\ADBU CSE(AI & ML)\5th sem\Minor Project\Project Prototype\Brain-Tumor-Minor-Project\dataset\Brain Tumor MRI images\Healthy\mri_healthy (1353).jpg,Brain Tumor MRI images/Healthy/mri_healthy (1353).jpg,0,Healthy,MRI,47489c9dce2df03e362656d64ecbdceb5c9ee85d923ac9c5e63648f20b445596,1
C:\Users\dondo\OneDrive\Documents\ADBU CSE(AI & ML)\5th sem\Minor Project\Project Prototype\Brain-Tumor-Minor-Project\dataset\Brain Tumor MRI images\Healthy\mri_healthy (1355).jpg,Brain Tumor MRI images/Healthy/mri_healthy (1355).jpg,0,Healthy,MRI,8cc6c9adfb41dd8c58494f7eb76e5c7ac3fa0a091234221c82f7de8b282775af,1
C:\Users\dondo\OneDrive\Documents\ADBU CSE(AI & ML)\5th sem\Minor Project\Project Prototype\Brain-Tumor-Minor-Project\dataset\Brain Tumor MRI images\Healthy\mri_healthy (1356).jpg,Brain Tumor MRI images/Healthy/mri_healthy (1356).jpg,0,Healthy,MRI,1213151beb55d93092e91424b41f143b379271cc04b27d5602a85bf10d5521aa,1
C:\Users\dondo\OneDrive\Documents\ADBU CSE(AI & ML)\5th sem\Minor Project\Project Prototype\Brain-Tumor-Minor-Project\dataset\Brain Tumor MRI images\Healthy\mri_healthy (1357).jpg,Brain Tumor MRI images/Healthy/mri_healthy (1357).jpg,0,Healthy,MRI,20cde0671a8ab5777a659d3b39d0a0b48ad3b41bb5a4adbe6e36d0dd980dcfc5,1
C:\Users\dondo\OneDrive\Documents\ADBU CSE(AI & ML)\5th sem\Minor Project\Project Prototype\Brain-Tumor-Minor-Project\dataset\Brain Tumor MRI images\Healthy\mri_healthy (1358).jpg,Brain Tumor MRI images/Healthy/mri_healthy (1358).jpg,0,Healthy,MRI,ba2a10fdc694b2ed9ab9fde95be5afa4cabe7b22d1f896798446f4248f9dad51,1
C:\Users\dondo\OneDrive\Documents\ADBU CSE(AI & ML)\5th sem\Minor Project\Project Prototype\Brain-Tumor-Minor-Project\dataset\Brain Tumor MRI images\Healthy\mri_healthy (1360).jpg,Brain Tumor MRI images/Healthy/mri_healthy (1360).jpg,0,Healthy,MRI,62e29911169f5565cc3c584ccdbd4794d2aafec7b6a3574acb23ebbf32adcc95,1
C:\Users\dondo\OneDrive\Documents\ADBU CSE(AI & ML)\5th sem\Minor Project\Project Prototype\Brain-Tumor-Minor-Project\dataset\Brain Tumor MRI images\Healthy\mri_healthy (1361).jpg,Brain Tumor MRI images/Healthy/mri_healthy (1361).jpg,0,Healthy,MRI,eec8044d6e1f2f27708eda3e937238a1a2a8fe4211ddc01dc3d60ee256dc9c38,1
C:\Users\dondo\OneDrive\Documents\ADBU CSE(AI & ML)\5th sem\Minor Project\Project Prototype\Brain-Tumor-Minor-Project\dataset\Brain Tumor MRI images\Healthy\mri_healthy (1362).jpg,Brain Tumor MRI images/Healthy/mri_healthy (1362).jpg,0,Healthy,MRI,cab4d2d1f16ee9925e03fdc421fa6c6b46cadf7195c2099042c814c5a801cf44,1
C:\Users\dondo\OneDrive\Documents\ADBU CSE(AI & ML)\5th sem\Minor Project\Project Prototype\Brain-Tumor-Minor-Project\dataset\Brain Tumor MRI images\Healthy\mri_healthy (1363).jpg,Brain Tumor MRI images/Healthy/mri_healthy (1363).jpg,0,Healthy,MRI,05413e7be55ca276bcc4ff2d305e5ce1b5bdf5070a522ebf7fc6b56c7b22069d,1
C:\Users\dondo\OneDrive\Documents\ADBU CSE(AI & ML)\5th sem\Minor Project\Project Prototype\Brain-Tumor-Minor-Project\dataset\Brain Tumor MRI images\Healthy\mri_healthy (1366).jpg,Brain Tumor MRI images/Healthy/mri_healthy (1366).jpg,0,Healthy,MRI,c879a4c8a615c366345e9a360a2aa8868e50ba906a834bcb73f28b158d4319f1,1
C:\Users\dondo\OneDrive\Documents\ADBU CSE(AI & ML)\5th sem\Minor Project\Project Prototype\Brain-Tumor-Minor-Project\dataset\Brain Tumor MRI images\Healthy\mri_healthy (1367).jpg,Brain Tumor MRI images/Healthy/mri_healthy (1367).jpg,0,Healthy,MRI,d9fbe7b689fc6ce485dd6a32ba86f3ba772cf81108238585d6c05d28eafc3bbc,1
C:\Users\dondo\OneDrive\Documents\ADBU CSE(AI & ML)\5th sem\Minor Project\Project Prototype\Brain-Tumor-Minor-Project\dataset\Brain Tumor MRI images\Healthy\mri_healthy (1368).jpg,Brain Tumor MRI images/Healthy/mri_healthy (1368).jpg,0,Healthy,MRI,49b729089b12a6634bd641daee337e04a14cf0715bdd386d93409b8ec9305f7a,1
C:\Users\dondo\OneDrive\Documents\ADBU CSE(AI & ML)\5th sem\Minor Project\Project Prototype\Brain-Tumor-Minor-Project\dataset\Brain Tumor MRI images\Healthy\mri_healthy (1369).jpg,Brain Tumor MRI images/Healthy/mri_healthy (1369).jpg,0,Healthy,MRI,fbe5ea1487338c9662a7c676cf6e6fcec1127309e0df7ac6c2b024154c9faabc,1
C:\Users\dondo\OneDrive\Documents\ADBU CSE(AI & ML)\5th sem\Minor Project\Project Prototype\Brain-Tumor-Minor-Project\dataset\Brain Tumor MRI images\Healthy\mri_healthy (1370).jpg,Brain Tumor MRI images/Healthy/mri_healthy (1370).jpg,0,Healthy,MRI,3e33d67b98171d1dd06d06bf781858558fea5aa06506c8b2a900aaee85108e21,1
C:\Users\dondo\OneDrive\Documents\ADBU CSE(AI & ML)\5th sem\Minor Project\Project Prototype\Brain-Tumor-Minor-Project\dataset\Brain Tumor MRI images\Healthy\mri_healthy (1372).jpg,Brain Tumor MRI images/Healthy/mri_healthy (1372).jpg,0,Healthy,MRI,8411f47a22d2665522936ae98c67918ea244eeba26b47f637d12b3dda3203ae5,1
C:\Users\dondo\OneDrive\Documents\ADBU CSE(AI & ML)\5th sem\Minor Project\Project Prototype\Brain-Tumor-Minor-Project\dataset\Brain Tumor MRI images\Healthy\mri_healthy (1373).jpg,Brain Tumor MRI images/Healthy/mri_healthy (1373).jpg,0,Healthy,MRI,8c5741b850c3a892166b2ba145e7b83ddd3d6c87f66ac3163e4c176f12947355,1
C:\Users\dondo\OneDrive\Documents\ADBU CSE(AI & ML)\5th sem\Minor Project\Project Prototype\Brain-Tumor-Minor-Project\dataset\Brain Tumor MRI images\Healthy\mri_healthy (1374).jpg,Brain Tumor MRI images/Healthy/mri_healthy (1374).jpg,0,Healthy,MRI,fc081a6d50cf101e84e911e4be6491bd208cd6a4fd07d357e3a16f546ad582e6,1
C:\Users\dondo\OneDrive\Documents\ADBU CSE(AI & ML)\5th sem\Minor Project\Project Prototype\Brain-Tumor-Minor-Project\dataset\Brain Tumor MRI images\Healthy\mri_healthy (1377).jpg,Brain Tumor MRI images/Healthy/mri_healthy (1377).jpg,0,Healthy,MRI,2453f69953c5b54ac441b1d3252ab9724bd4c3b0ca44c032be6720a69c50d2e0,1
C:\Users\dondo\OneDrive\Documents\ADBU CSE(AI & ML)\5th sem\Minor Project\Project Prototype\Brain-Tumor-Minor-Project\dataset\Brain Tumor MRI images\Healthy\mri_healthy (1378).jpg,Brain Tumor MRI images/Healthy/mri_healthy (1378).jpg,0,Healthy,MRI,ab8b503c64681dfe083624e368a1f10f822aefd9a283f6182dfa6de1dbd83e2f,1
C:\Users\dondo\OneDrive\Documents\ADBU CSE(AI & ML)\5th sem\Minor Project\Project Prototype\Brain-Tumor-Minor-Project\dataset\Brain Tumor MRI images\Healthy\mri_healthy (1379).jpg,Brain Tumor MRI images/Healthy/mri_healthy (1379).jpg,0,Healthy,MRI,8bc3f2f2a5975efdcd40d65ac31166592f7a094c89428840d20fa9ba85c9f44c,1
C:\Users\dondo\OneDrive\Documents\ADBU CSE(AI & ML)\5th sem\Minor Project\Project Prototype\Brain-Tumor-Minor-Project\dataset\Brain Tumor MRI images\Healthy\mri_healthy (138).jpg,Brain Tumor MRI images/Healthy/mri_healthy (138).jpg,0,Healthy,MRI,d2fe353b425e1abbcb8b1ea42968549c38dd4cfae250b2e9885de559f04aa782,2
C:\Users\dondo\OneDrive\Documents\ADBU CSE(AI & ML)\5th sem\Minor Project\Project Prototype\Brain-Tumor-Minor-Project\dataset\Brain Tumor MRI images\Healthy\mri_healthy (1383).jpg,Brain Tumor MRI images/Healthy/mri_healthy (1383).jpg,0,Healthy,MRI,14b9e231cc3bfefc92b9414c086fcba58ec2e749463eb4150f011f11903a8d36,1
C:\Users\dondo\OneDrive\Documents\ADBU CSE(AI & ML)\5th sem\Minor Project\Project Prototype\Brain-Tumor-Minor-Project\dataset\Brain Tumor MRI images\Healthy\mri_healthy (1385).jpg,Brain Tumor MRI images/Healthy/mri_healthy (1385).jpg,0,Healthy,MRI,9bc4b1888c1cd1fa410162f26c0b68b88eb38b41b6c62d5120e91a27bd65ffbd,1
C:\Users\dondo\OneDrive\Documents\ADBU CSE(AI & ML)\5th sem\Minor Project\Project Prototype\Brain-Tumor-Minor-Project\dataset\Brain Tumor MRI images\Healthy\mri_healthy (1386).jpg,Brain Tumor MRI images/Healthy/mri_healthy (1386).jpg,0,Healthy,MRI,cc8f8ee6020f116573a6e6e326c34dbc99fe6566954b4eac7e88104696938917,1
C:\Users\dondo\OneDrive\Documents\ADBU CSE(AI & ML)\5th sem\Minor Project\Project Prototype\Brain-Tumor-Minor-Project\dataset\Brain Tumor MRI images\Healthy\mri_healthy (1387).jpg,Brain Tumor MRI images/Healthy/mri_healthy (1387).jpg,0,Healthy,MRI,456fde696e7db0c397cf608b96ba4bb123479c6b3b9ea0c87a0ba9c9b95dbfce,1
C:\Users\dondo\OneDrive\Documents\ADBU CSE(AI & ML)\5th sem\Minor Project\Project Prototype\Brain-Tumor-Minor-Project\dataset\Brain Tumor MRI images\Healthy\mri_healthy (1388).jpg,Brain Tumor MRI images/Healthy/mri_healthy (1388).jpg,0,Healthy,MRI,affbe55180485f7309e91c47567e7e926abcab61836414f48e0ab6f8537b12d6,1
C:\Users\dondo\OneDrive\Documents\ADBU CSE(AI & ML)\5th sem\Minor Project\Project Prototype\Brain-Tumor-Minor-Project\dataset\Brain Tumor MRI images\Healthy\mri_healthy (1389).jpg,Brain Tumor MRI images/Healthy/mri_healthy (1389).jpg,0,Healthy,MRI,567f1a241923f4346ec73efe6138bbf3a73f19e736b9765146223717e14a9c27,1
C:\Users\dondo\OneDrive\Documents\ADBU CSE(AI & ML)\5th sem\Minor Project\Project Prototype\Brain-Tumor-Minor-Project\dataset\Brain Tumor MRI images\Healthy\mri_healthy (139).jpg,Brain Tumor MRI images/Healthy/mri_healthy (139).jpg,0,Healthy,MRI,6ff72f30f05c100730083a1021711f76cad19d8fd47a1f6d76ea1d9b0ce175f2,1
C:\Users\dondo\OneDrive\Documents\ADBU CSE(AI & ML)\5th sem\Minor Project\Project Prototype\Brain-Tumor-Minor-Project\dataset\Brain Tumor MRI images\Healthy\mri_healthy (1390).jpg,Brain Tumor MRI images/Healthy/mri_healthy (1390).jpg,0,Healthy,MRI,a19ed54fbe4b8913ceebde862558a9dd675af53e1ba9e9a7746d2a98d6e10dcc,1
C:\Users\dondo\OneDrive\Documents\ADBU CSE(AI & ML)\5th sem\Minor Project\Project Prototype\Brain-Tumor-Minor-Project\dataset\Brain Tumor MRI images\Healthy\mri_healthy (1391).jpg,Brain Tumor MRI images/Healthy/mri_healthy (1391).jpg,0,Healthy,MRI,0f1418a797efaa0087ea5506320cbe837e5d1ee52e28096ebb34b878cb38d8bc,1
C:\Users\dondo\OneDrive\Documents\ADBU CSE(AI & ML)\5th sem\Minor Project\Project Prototype\Brain-Tumor-Minor-Project\dataset\Brain Tumor MRI images\Healthy\mri_healthy (1394).jpg,Brain Tumor MRI images/Healthy/mri_healthy (1394).jpg,0,Healthy,MRI,8ae6c6cbf8278a548d94bac0a7d03f7edf1a0998dadd5555c74861ca02d96ff3,1
C:\Users\dondo\OneDrive\Documents\ADBU CSE(AI & ML)\5th sem\Minor Project\Project Prototype\Brain-Tumor-Minor-Project\dataset\Brain Tumor MRI images\Healthy\mri_healthy (1395).jpg,Brain Tumor MRI images/Healthy/mri_healthy (1395).jpg,0,Healthy,MRI,ce115894d3927f24664db53e35fb8d291ea11a5a62c5c6d686283995e7494ed1,1
C:\Users\dondo\OneDrive\Documents\ADBU CSE(AI & ML)\5th sem\Minor Project\Project Prototype\Brain-Tumor-Minor-Project\dataset\Brain Tumor MRI images\Healthy\mri_healthy (1396).jpg,Brain Tumor MRI images/Healthy/mri_healthy (1396).jpg,0,Healthy,MRI,df28700bca3414b598ef517405bf53e5432f7fac64db8e515b6623bda0cb41f1,1
C:\Users\dondo\OneDrive\Documents\ADBU CSE(AI & ML)\5th sem\Minor Project\Project Prototype\Brain-Tumor-Minor-Project\dataset\Brain Tumor MRI images\Healthy\mri_healthy (1397).jpg,Brain Tumor MRI images/Healthy/mri_healthy (1397).jpg,0,Healthy,MRI,4eb5a7fbc79710c77fefbf1e007cdcdd0691db28c50ee7b35ac879fd504636e7,1
C:\Users\dondo\OneDrive\Documents\ADBU CSE(AI & ML)\5th sem\Minor Project\Project Prototype\Brain-Tumor-Minor-Project\dataset\Brain Tumor MRI images\Healthy\mri_healthy (1398).jpg,Brain Tumor MRI images/Healthy/mri_healthy (1398).jpg,0,Healthy,MRI,a9636a303be1e9dc7febd8261a397af2c2c3d6e61b76efaca11dee6fe3cb36e8,1
C:\Users\dondo\OneDrive\Documents\ADBU CSE(AI & ML)\5th sem\Minor Project\Project Prototype\Brain-Tumor-Minor-Project\dataset\Brain Tumor MRI images\Healthy\mri_healthy (1399).jpg,Brain Tumor MRI images/Healthy/mri_healthy (1399).jpg,0,Healthy,MRI,86316b4116e404a5a822526ebec1dfea548b031aaeb1061dc300f419899c46f3,1
C:\Users\dondo\OneDrive\Documents\ADBU CSE(AI & ML)\5th sem\Minor Project\Project Prototype\Brain-Tumor-Minor-Project\dataset\Brain Tumor MRI images\Healthy\mri_healthy (14).jpg,Brain Tumor MRI images/Healthy/mri_healthy (14).jpg,0,Healthy,MRI,fce184bb1e59e3b267b5c90cb2c73e974802cbfda2fe516882617b5b375fb944,1
C:\Users\dondo\OneDrive\Documents\ADBU CSE(AI & ML)\5th sem\Minor Project\Project Prototype\Brain-Tumor-Minor-Project\dataset\Brain Tumor MRI images\Healthy\mri_healthy (140).jpg,Brain Tumor MRI images/Healthy/mri_healthy (140).jpg,0,Healthy,MRI,4d031b21d155a46a5e07b03f96e27552f7947267cbc302fe73a157308c0c3ca2,1
C:\Users\dondo\OneDrive\Documents\ADBU CSE(AI & ML)\5th sem\Minor Project\Project Prototype\Brain-Tumor-Minor-Project\dataset\Brain Tumor MRI images\Healthy\mri_healthy (1400).jpg,Brain Tumor MRI images/Healthy/mri_healthy (1400).jpg,0,Healthy,MRI,01b21d9598381e1632bda0cc29c4ac5f08f122de4123bf543dce438fb7cd39e1,1
C:\Users\dondo\OneDrive\Documents\ADBU CSE(AI & ML)\5th sem\Minor Project\Project Prototype\Brain-Tumor-Minor-Project\dataset\Brain Tumor MRI images\Healthy\mri_healthy (1401).jpg,Brain Tumor MRI images/Healthy/mri_healthy (1401).jpg,0,Healthy,MRI,8799b0d2942ef06ff73a4ef63848b9fd6aa48fbe7432a9e4ccf681b1c445f6b0,1
C:\Users\dondo\OneDrive\Documents\ADBU CSE(AI & ML)\5th sem\Minor Project\Project Prototype\Brain-Tumor-Minor-Project\dataset\Brain Tumor MRI images\Healthy\mri_healthy (1402).jpg,Brain Tumor MRI images/Healthy/mri_healthy (1402).jpg,0,Healthy,MRI,19a5070c56a5231c34e9bca614d11c627823e3e7dcca26bd953075802ce392c6,1
C:\Users\dondo\OneDrive\Documents\ADBU CSE(AI & ML)\5th sem\Minor Project\Project Prototype\Brain-Tumor-Minor-Project\dataset\Brain Tumor MRI images\Healthy\mri_healthy (1403).jpg,Brain Tumor MRI images/Healthy/mri_healthy (1403).jpg,0,Healthy,MRI,e2cc52709239b4c7cc875945e6e6240aa5639a0c5b0617d38e9e790497b37cdc,1
C:\Users\dondo\OneDrive\Documents\ADBU CSE(AI & ML)\5th sem\Minor Project\Project Prototype\Brain-Tumor-Minor-Project\dataset\Brain Tumor MRI images\Healthy\mri_healthy (1404).jpg,Brain Tumor MRI images/Healthy/mri_healthy (1404).jpg,0,Healthy,MRI,9cea8d1e50a3e03caa719a4be4447fb93ae18e04429f603917e576d636d43a45,1
C:\Users\dondo\OneDrive\Documents\ADBU CSE(AI & ML)\5th sem\Minor Project\Project Prototype\Brain-Tumor-Minor-Project\dataset\Brain Tumor MRI images\Healthy\mri_healthy (1405).jpg,Brain Tumor MRI images/Healthy/mri_healthy (1405).jpg,0,Healthy,MRI,ec82459daaf2c31f1725f812564022524fa5382bb7274a15a0592170c1e9062b,1
C:\Users\dondo\OneDrive\Documents\ADBU CSE(AI & ML)\5th sem\Minor Project\Project Prototype\Brain-Tumor-Minor-Project\dataset\Brain Tumor MRI images\Healthy\mri_healthy (1406).jpg,Brain Tumor MRI images/Healthy/mri_healthy (1406).jpg,0,Healthy,MRI,1bd2651fce0278e5b08aaa76458c1d105a2528869d96c4af446edd49e6d052a2,1
C:\Users\dondo\OneDrive\Documents\ADBU CSE(AI & ML)\5th sem\Minor Project\Project Prototype\Brain-Tumor-Minor-Project\dataset\Brain Tumor MRI images\Healthy\mri_healthy (1407).jpg,Brain Tumor MRI images/Healthy/mri_healthy (1407).jpg,0,Healthy,MRI,06ec260ab97b49d77ad7fdda1cde797457f1037d1cb4f30495e3fcd519c82d1d,1
C:\Users\dondo\OneDrive\Documents\ADBU CSE(AI & ML)\5th sem\Minor Project\Project Prototype\Brain-Tumor-Minor-Project\dataset\Brain Tumor MRI images\Healthy\mri_healthy (1408).jpg,Brain Tumor MRI images/Healthy/mri_healthy (1408).jpg,0,Healthy,MRI,0252943929e269ed4cf27ebacdfe6fc9a9a10fb5ef0a222ecd27aa8aea83a8e3,1
C:\Users\dondo\OneDrive\Documents\ADBU CSE(AI & ML)\5th sem\Minor Project\Project Prototype\Brain-Tumor-Minor-Project\dataset\Brain Tumor MRI images\Healthy\mri_healthy (141).jpg,Brain Tumor MRI images/Healthy/mri_healthy (141).jpg,0,Healthy,MRI,6088f5a1e24ca2916f338985daebf1d8dcc0478ba27f9c066c79743ff147da06,2
C:\Users\dondo\OneDrive\Documents\ADBU CSE(AI & ML)\5th sem\Minor Project\Project Prototype\Brain-Tumor-Minor-Project\dataset\Brain Tumor MRI images\Healthy\mri_healthy (1410).jpg,Brain Tumor MRI images/Healthy/mri_healthy (1410).jpg,0,Healthy,MRI,247cdff09bcec58ac02dd2567e5663ed8d1c47faf66107b72921d54e3dbc192d,1
C:\Users\dondo\OneDrive\Documents\ADBU CSE(AI & ML)\5th sem\Minor Project\Project Prototype\Brain-Tumor-Minor-Project\dataset\Brain Tumor MRI images\Healthy\mri_healthy (1411).jpg,Brain Tumor MRI images/Healthy/mri_healthy (1411).jpg,0,Healthy,MRI,e7338d4dce8e6ab8013a5f0b6205b77c3e289cea22bb18ee83e4c0a1d9ab433b,1
C:\Users\dondo\OneDrive\Documents\ADBU CSE(AI & ML)\5th sem\Minor Project\Project Prototype\Brain-Tumor-Minor-Project\dataset\Brain Tumor MRI images\Healthy\mri_healthy (1412).jpg,Brain Tumor MRI images/Healthy/mri_healthy (1412).jpg,0,Healthy,MRI,36ecb094d84f2f5fb4e74199d9cd9eb48e04ff94acef2512fe249f928069b90c,1
C:\Users\dondo\OneDrive\Documents\ADBU CSE(AI & ML)\5th sem\Minor Project\Project Prototype\Brain-Tumor-Minor-Project\dataset\Brain Tumor MRI images\Healthy\mri_healthy (1414).jpg,Brain Tumor MRI images/Healthy/mri_healthy (1414).jpg,0,Healthy,MRI,26bf3bfbb409a9dbc9bbddf166df7f099deec327e43e27bea15591e16dda530d,1
C:\Users\dondo\OneDrive\Documents\ADBU CSE(AI & ML)\5th sem\Minor Project\Project Prototype\Brain-Tumor-Minor-Project\dataset\Brain Tumor MRI images\Healthy\mri_healthy (1415).jpg,Brain Tumor MRI images/Healthy/mri_healthy (1415).jpg,0,Healthy,MRI,dca7dc95d9a2be4c4dfd3c75ea6edc24b4272b5aed677a91971b14b7bc96489f,1
C:\Users\dondo\OneDrive\Documents\ADBU CSE(AI & ML)\5th sem\Minor Project\Project Prototype\Brain-Tumor-Minor-Project\dataset\Brain Tumor MRI images\Healthy\mri_healthy (1416).jpg,Brain Tumor MRI images/Healthy/mri_healthy (1416).jpg,0,Healthy,MRI,9b6235f3229035a231566281b4406de304e1d9354bb161b59a46268c97228492,1
C:\Users\dondo\OneDrive\Documents\ADBU CSE(AI & ML)\5th sem\Minor Project\Project Prototype\Brain-Tumor-Minor-Project\dataset\Brain Tumor MRI images\Healthy\mri_healthy (1418).jpg,Brain Tumor MRI images/Healthy/mri_healthy (1418).jpg,0,Healthy,MRI,df71105247cc7a93694fa7df7686258ee786cb7cd47757e0d4d42adea5143dfd,1
C:\Users\dondo\OneDrive\Documents\ADBU CSE(AI & ML)\5th sem\Minor Project\Project Prototype\Brain-Tumor-Minor-Project\dataset\Brain Tumor MRI images\Healthy\mri_healthy (1419).jpg,Brain Tumor MRI images/Healthy/mri_healthy (1419).jpg,0,Healthy,MRI,f0db180a1c10ab186f928d71d238c14bd4b9ed7a50d4e906110e7eaf8d24f4f0,1
C:\Users\dondo\OneDrive\Documents\ADBU CSE(AI & ML)\5th sem\Minor Project\Project Prototype\Brain-Tumor-Minor-Project\dataset\Brain Tumor MRI images\Healthy\mri_healthy (1422).jpg,Brain Tumor MRI images/Healthy/mri_healthy (1422).jpg,0,Healthy,MRI,6880571f71cc257e3d7c55bfdcac8435c7fb7cfd5eaac34cf067a8ddc72e48ab,1
C:\Users\dondo\OneDrive\Documents\ADBU CSE(AI & ML)\5th sem\Minor Project\Project Prototype\Brain-Tumor-Minor-Project\dataset\Brain Tumor MRI images\Healthy\mri_healthy (1423).jpg,Brain Tumor MRI images/Healthy/mri_healthy (1423).jpg,0,Healthy,MRI,410012479b12bc4bd66978047a53c9a809106c05e236d23b858e4c690c6c5491,1
C:\Users\dondo\OneDrive\Documents\ADBU CSE(AI & ML)\5th sem\Minor Project\Project Prototype\Brain-Tumor-Minor-Project\dataset\Brain Tumor MRI images\Healthy\mri_healthy (1424).jpg,Brain Tumor MRI images/Healthy/mri_healthy (1424).jpg,0,Healthy,MRI,e8bf0969bde5052f5b40ea4cc361c34bc322918860a3376e1b63fea07b1efb72,1
C:\Users\dondo\OneDrive\Documents\ADBU CSE(AI & ML)\5th sem\Minor Project\Project Prototype\Brain-Tumor-Minor-Project\dataset\Brain Tumor MRI images\Healthy\mri_healthy (1425).jpg,Brain Tumor MRI images/Healthy/mri_healthy (1425).jpg,0,Healthy,MRI,d049300b5272056a766d8f7cbbc7e9d21ff54cce445365e92c52683ccd7399dc,1
C:\Users\dondo\OneDrive\Documents\ADBU CSE(AI & ML)\5th sem\Minor Project\Project Prototype\Brain-Tumor-Minor-Project\dataset\Brain Tumor MRI images\Healthy\mri_healthy (1427).jpg,Brain Tumor MRI images/Healthy/mri_healthy (1427).jpg,0,Healthy,MRI,37ff81a9e182c986ba67f1131da0b2743996bd1a3cc4131b7b34306ddffddc33,1
C:\Users\dondo\OneDrive\Documents\ADBU CSE(AI & ML)\5th sem\Minor Project\Project Prototype\Brain-Tumor-Minor-Project\dataset\Brain Tumor MRI images\Healthy\mri_healthy (1428).jpg,Brain Tumor MRI images/Healthy/mri_healthy (1428).jpg,0,Healthy,MRI,e54c41dce06b33374a46b9be3c6e865c51290967402b780dc42111005c6b2d00,1
C:\Users\dondo\OneDrive\Documents\ADBU CSE(AI & ML)\5th sem\Minor Project\Project Prototype\Brain-Tumor-Minor-Project\dataset\Brain Tumor MRI images\Healthy\mri_healthy (1429).jpg,Brain Tumor MRI images/Healthy/mri_healthy (1429).jpg,0,Healthy,MRI,38a17c40cdb3ce10d560975fdcad0db86384c91c1a0a5d50b4abc8b247f6d15b,1
C:\Users\dondo\OneDrive\Documents\ADBU CSE(AI & ML)\5th sem\Minor Project\Project Prototype\Brain-Tumor-Minor-Project\dataset\Brain Tumor MRI images\Healthy\mri_healthy (143).jpg,Brain Tumor MRI images/Healthy/mri_healthy (143).jpg,0,Healthy,MRI,189e94026b8e3aeca09468468df471541371c2fda382c558a6b5083f5bdc465b,1
C:\Users\dondo\OneDrive\Documents\ADBU CSE(AI & ML)\5th sem\Minor Project\Project Prototype\Brain-Tumor-Minor-Project\dataset\Brain Tumor MRI images\Healthy\mri_healthy (1430).jpg,Brain Tumor MRI images/Healthy/mri_healthy (1430).jpg,0,Healthy,MRI,f177437dd06b9b18ed00f7feeef4ca80185d47c0a5f1e888ba91c5174ee7f006,1
C:\Users\dondo\OneDrive\Documents\ADBU CSE(AI & ML)\5th sem\Minor Project\Project Prototype\Brain-Tumor-Minor-Project\dataset\Brain Tumor MRI images\Healthy\mri_healthy (1431).jpg,Brain Tumor MRI images/Healthy/mri_healthy (1431).jpg,0,Healthy,MRI,dfdabda468f2518d2b5caf5b6542c535e47f1270119e4a5c6bae1bf98b77d26e,1
C:\Users\dondo\OneDrive\Documents\ADBU CSE(AI & ML)\5th sem\Minor Project\Project Prototype\Brain-Tumor-Minor-Project\dataset\Brain Tumor MRI images\Healthy\mri_healthy (1432).jpg,Brain Tumor MRI images/Healthy/mri_healthy (1432).jpg,0,Healthy,MRI,bd19bb2c9e43754237c702087f58948e62a04a70d04f101b7d256e0ad9872738,1
C:\Users\dondo\OneDrive\Documents\ADBU CSE(AI & ML)\5th sem\Minor Project\Project Prototype\Brain-Tumor-Minor-Project\dataset\Brain Tumor MRI images\Healthy\mri_healthy (1433).jpg,Brain Tumor MRI images/Healthy/mri_healthy (1433).jpg,0,Healthy,MRI,6b5250fe5c8300b06444368ea904a93364d6b4f0e05d27f3725f5207145be41e,1
C:\Users\dondo\OneDrive\Documents\ADBU CSE(AI & ML)\5th sem\Minor Project\Project Prototype\Brain-Tumor-Minor-Project\dataset\Brain Tumor MRI images\Healthy\mri_healthy (1434).jpg,Brain Tumor MRI images/Healthy/mri_healthy (1434).jpg,0,Healthy,MRI,4d1dad085a3168fb9867df2289544c89fcdda7633b4f4903361fae1832c98e5b,1
C:\Users\dondo\OneDrive\Documents\ADBU CSE(AI & ML)\5th sem\Minor Project\Project Prototype\Brain-Tumor-Minor-Project\dataset\Brain Tumor MRI images\Healthy\mri_healthy (1435).jpg,Brain Tumor MRI images/Healthy/mri_healthy (1435).jpg,0,Healthy,MRI,8a9fa2e0df8d6593b90019dc68023f7c7e4ac458ad99073192ae79389c194ab8,1
C:\Users\dondo\OneDrive\Documents\ADBU CSE(AI & ML)\5th sem\Minor Project\Project Prototype\Brain-Tumor-Minor-Project\dataset\Brain Tumor MRI images\Healthy\mri_healthy (1436).jpg,Brain Tumor MRI images/Healthy/mri_healthy (1436).jpg,0,Healthy,MRI,86343339b9c7921fef763013217056357149c8e36d8d2834c3d380e561819783,1
C:\Users\dondo\OneDrive\Documents\ADBU CSE(AI & ML)\5th sem\Minor Project\Project Prototype\Brain-Tumor-Minor-Project\dataset\Brain Tumor MRI images\Healthy\mri_healthy (1437).jpg,Brain Tumor MRI images/Healthy/mri_healthy (1437).jpg,0,Healthy,MRI,de7737cb0fbf925c0a5f8bf62aaee072f77ed9737be82dc6276d2df175cb8219,1
C:\Users\dondo\OneDrive\Documents\ADBU CSE(AI & ML)\5th sem\Minor Project\Project Prototype\Brain-Tumor-Minor-Project\dataset\Brain Tumor MRI images\Healthy\mri_healthy (1439).jpg,Brain Tumor MRI images/Healthy/mri_healthy (1439).jpg,0,Healthy,MRI,a1d92a79c7fe89d8fd68978652ecdea36a919e3c8c10c4215af94a3002c93066,1
C:\Users\dondo\OneDrive\Documents\ADBU CSE(AI & ML)\5th sem\Minor Project\Project Prototype\Brain-Tumor-Minor-Project\dataset\Brain Tumor MRI images\Healthy\mri_healthy (144).jpg,Brain Tumor MRI images/Healthy/mri_healthy (144).jpg,0,Healthy,MRI,f70055f450e098015d37313988016435cee3ac1154655e5dfa9b741f2185ebec,1
C:\Users\dondo\OneDrive\Documents\ADBU CSE(AI & ML)\5th sem\Minor Project\Project Prototype\Brain-Tumor-Minor-Project\dataset\Brain Tumor MRI images\Healthy\mri_healthy (1440).jpg,Brain Tumor MRI images/Healthy/mri_healthy (1440).jpg,0,Healthy,MRI,e920b5ad778579da12120bcb66f5bf3c23c1799f6966176145e6f8c01b906f8b,1
C:\Users\dondo\OneDrive\Documents\ADBU CSE(AI & ML)\5th sem\Minor Project\Project Prototype\Brain-Tumor-Minor-Project\dataset\Brain Tumor MRI images\Healthy\mri_healthy (1442).jpg,Brain Tumor MRI images/Healthy/mri_healthy (1442).jpg,0,Healthy,MRI,200ecd74b9a134af51b0730e92873a7cc2fb5d14282eb81018b654912e509fd8,1
C:\Users\dondo\OneDrive\Documents\ADBU CSE(AI & ML)\5th sem\Minor Project\Project Prototype\Brain-Tumor-Minor-Project\dataset\Brain Tumor MRI images\Healthy\mri_healthy (1443).jpg,Brain Tumor MRI images/Healthy/mri_healthy (1443).jpg,0,Healthy,MRI,d903dac6561ad4b4c29ef954e38768c1ef3fb14aef5f5c2f0da1c8836b2cb32e,1
C:\Users\dondo\OneDrive\Documents\ADBU CSE(AI & ML)\5th sem\Minor Project\Project Prototype\Brain-Tumor-Minor-Project\dataset\Brain Tumor MRI images\Healthy\mri_healthy (1444).jpg,Brain Tumor MRI images/Healthy/mri_healthy (1444).jpg,0,Healthy,MRI,c46ee3975566eef4533418099494520cdb8f41b03d469476700fe19dd612982f,1
C:\Users\dondo\OneDrive\Documents\ADBU CSE(AI & ML)\5th sem\Minor Project\Project Prototype\Brain-Tumor-Minor-Project\dataset\Brain Tumor MRI images\Healthy\mri_healthy (1445).jpg,Brain Tumor MRI images/Healthy/mri_healthy (1445).jpg,0,Healthy,MRI,18c93242794643189d96632b5a72c2eecc91133bf803a2ab4f0126ef42bfefc5,1
C:\Users\dondo\OneDrive\Documents\ADBU CSE(AI & ML)\5th sem\Minor Project\Project Prototype\Brain-Tumor-Minor-Project\dataset\Brain Tumor MRI images\Healthy\mri_healthy (145).jpg,Brain Tumor MRI images/Healthy/mri_healthy (145).jpg,0,Healthy,MRI,37b5e9326a23ee9157418bf91dad961397ce6011d8db6d29ef1590533c9b0c01,3
C:\Users\dondo\OneDrive\Documents\ADBU CSE(AI & ML)\5th sem\Minor Project\Project Prototype\Brain-Tumor-Minor-Project\dataset\Brain Tumor MRI images\Healthy\mri_healthy (1451).jpg,Brain Tumor MRI images/Healthy/mri_healthy (1451).jpg,0,Healthy,MRI,ad55f13348c24529a4fdb5a565a28c62ee9097c1bf964a9bfb7c0a3b44ac97ad,1
C:\Users\dondo\OneDrive\Documents\ADBU CSE(AI & ML)\5th sem\Minor Project\Project Prototype\Brain-Tumor-Minor-Project\dataset\Brain Tumor MRI images\Healthy\mri_healthy (1452).jpg,Brain Tumor MRI images/Healthy/mri_healthy (1452).jpg,0,Healthy,MRI,06b026caa372a52d5ee4f4df13b6835a837be25ad90c73271339003265c8cf88,1
C:\Users\dondo\OneDrive\Documents\ADBU CSE(AI & ML)\5th sem\Minor Project\Project Prototype\Brain-Tumor-Minor-Project\dataset\Brain Tumor MRI images\Healthy\mri_healthy (1455).jpg,Brain Tumor MRI images/Healthy/mri_healthy (1455).jpg,0,Healthy,MRI,4f3c00ef520660295576c472a0cafc9f1bb400d736b352b736966af08bf09235,4
C:\Users\dondo\OneDrive\Documents\ADBU CSE(AI & ML)\5th sem\Minor Project\Project Prototype\Brain-Tumor-Minor-Project\dataset\Brain Tumor MRI images\Healthy\mri_healthy (1456).jpg,Brain Tumor MRI images/Healthy/mri_healthy (1456).jpg,0,Healthy,MRI,9d338079dd3288665657816ebeec6ada298761e0ff9f4c22a59f05c46768db14,3
C:\Users\dondo\OneDrive\Documents\ADBU CSE(AI & ML)\5th sem\Minor Project\Project Prototype\Brain-Tumor-Minor-Project\dataset\Brain Tumor MRI images\Healthy\mri_healthy (1457).jpg,Brain Tumor MRI images/Healthy/mri_healthy (1457).jpg,0,Healthy,MRI,c6b37dbcc8c59a18f68c4ecde7f081eb0caa8cae6edb6d438e11170f0736bf01,3
C:\Users\dondo\OneDrive\Documents\ADBU CSE(AI & ML)\5th sem\Minor Project\Project Prototype\Brain-Tumor-Minor-Project\dataset\Brain Tumor MRI images\Healthy\mri_healthy (1458).jpg,Brain Tumor MRI images/Healthy/mri_healthy (1458).jpg,0,Healthy,MRI,94721a1b47a80cb0533acdbac52f92ad7614d4685284b74b2a96914b038947a9,3
C:\Users\dondo\OneDrive\Documents\ADBU CSE(AI & ML)\5th sem\Minor Project\Project Prototype\Brain-Tumor-Minor-Project\dataset\Brain Tumor MRI images\Healthy\mri_healthy (1461).jpg,Brain Tumor MRI images/Healthy/mri_healthy (1461).jpg,0,Healthy,MRI,733e77e4b6da2d851bddbf9cf2768c02db39d5fa0f7be61fdbcb9d1e044abb76,4
C:\Users\dondo\OneDrive\Documents\ADBU CSE(AI & ML)\5th sem\Minor Project\Project Prototype\Brain-Tumor-Minor-Project\dataset\Brain Tumor MRI images\Healthy\mri_healthy (1462).jpg,Brain Tumor MRI images/Healthy/mri_healthy (1462).jpg,0,Healthy,MRI,c3f2d52e1a996bea716774c0051492202d3bdf76fdb53f9ade2b5c6289a6cb36,2
C:\Users\dondo\OneDrive\Documents\ADBU CSE(AI & ML)\5th sem\Minor Project\Project Prototype\Brain-Tumor-Minor-Project\dataset\Brain Tumor MRI images\Healthy\mri_healthy (1464).jpg,Brain Tumor MRI images/Healthy/mri_healthy (1464).jpg,0,Healthy,MRI,7b73d6019deb1482bc5fb7027f12719bea983c8eb0b0c0f3e95feb61c90fafb3,3
C:\Users\dondo\OneDrive\Documents\ADBU CSE(AI & ML)\5th sem\Minor Project\Project Prototype\Brain-Tumor-Minor-Project\dataset\Brain Tumor MRI images\Healthy\mri_healthy (1468).jpg,Brain Tumor MRI images/Healthy/mri_healthy (1468).jpg,0,Healthy,MRI,19d1e5fece32f25cffe40d78ee005f41ff3c2598c7765ed122ffb29518274326,4
C:\Users\dondo\OneDrive\Documents\ADBU CSE(AI & ML)\5th sem\Minor Project\Project Prototype\Brain-Tumor-Minor-Project\dataset\Brain Tumor MRI images\Healthy\mri_healthy (1469).jpg,Brain Tumor MRI images/Healthy/mri_healthy (1469).jpg,0,Healthy,MRI,d4a0013422890229eb540f461ddc0dd0066df275044a7efbdcdc08e45a92e22e,1
C:\Users\dondo\OneDrive\Documents\ADBU CSE(AI & ML)\5th sem\Minor Project\Project Prototype\Brain-Tumor-Minor-Project\dataset\Brain Tumor MRI images\Healthy\mri_healthy (1470).jpg,Brain Tumor MRI images/Healthy/mri_healthy (1470).jpg,0,Healthy,MRI,6704decba9d274a14f6782f894c2442ca11bcc28fdd50b2d9900fdcc4e895148,1
C:\Users\dondo\OneDrive\Documents\ADBU CSE(AI & ML)\5th sem\Minor Project\Project Prototype\Brain-Tumor-Minor-Project\dataset\Brain Tumor MRI images\Healthy\mri_healthy (1471).jpg,Brain Tumor MRI images/Healthy/mri_healthy (1471).jpg,0,Healthy,MRI,9b74381b29ad55596077b474a31922d7238489653360270dc16e41ae0f5ef9b1,1
C:\Users\dondo\OneDrive\Documents\ADBU CSE(AI & ML)\5th sem\Minor Project\Project Prototype\Brain-Tumor-Minor-Project\dataset\Brain Tumor MRI images\Healthy\mri_healthy (1472).jpg,Brain Tumor MRI images/Healthy/mri_healthy (1472).jpg,0,Healthy,MRI,716d7d3a5cbe64d8597a9ddd2b21b98fc57e49444a0d129a2cd4aca1b3d4a0be,1
C:\Users\dondo\OneDrive\Documents\ADBU CSE(AI & ML)\5th sem\Minor Project\Project Prototype\Brain-Tumor-Minor-Project\dataset\Brain Tumor MRI images\Healthy\mri_healthy (1473).jpg,Brain Tumor MRI images/Healthy/mri_healthy (1473).jpg,0,Healthy,MRI,16ab208a9c6b5abc07b1e95560877726818015426d83fbb71430edd1f52a2f8c,1
C:\Users\dondo\OneDrive\Documents\ADBU CSE(AI & ML)\5th sem\Minor Project\Project Prototype\Brain-Tumor-Minor-Project\dataset\Brain Tumor MRI images\Healthy\mri_healthy (1474).jpg,Brain Tumor MRI images/Healthy/mri_healthy (1474).jpg,0,Healthy,MRI,595703f13f08668ed8a34af782f3c811ca2db45531c22119cdda94a5ad5ee07c,1
C:\Users\dondo\OneDrive\Documents\ADBU CSE(AI & ML)\5th sem\Minor Project\Project Prototype\Brain-Tumor-Minor-Project\dataset\Brain Tumor MRI images\Healthy\mri_healthy (148).jpg,Brain Tumor MRI images/Healthy/mri_healthy (148).jpg,0,Healthy,MRI,0455208c0754e9685fc6255e8fb0a05174317abfe8bf8d1af0b3d374f26754ec,1
C:\Users\dondo\OneDrive\Documents\ADBU CSE(AI & ML)\5th sem\Minor Project\Project Prototype\Brain-Tumor-Minor-Project\dataset\Brain Tumor MRI images\Healthy\mri_healthy (1480).jpg,Brain Tumor MRI images/Healthy/mri_healthy (1480).jpg,0,Healthy,MRI,087372e4a26a25cdb85b53cc04a5bcd76fd1901d58deb09a6db4bf8d46eaca78,1
C:\Users\dondo\OneDrive\Documents\ADBU CSE(AI & ML)\5th sem\Minor Project\Project Prototype\Brain-Tumor-Minor-Project\dataset\Brain Tumor MRI images\Healthy\mri_healthy (1481).jpg,Brain Tumor MRI images/Healthy/mri_healthy (1481).jpg,0,Healthy,MRI,b703c66346fe60a9d59f7716c69a08352d4811712c086ab67ed98043d3c6ea00,1
C:\Users\dondo\OneDrive\Documents\ADBU CSE(AI & ML)\5th sem\Minor Project\Project Prototype\Brain-Tumor-Minor-Project\dataset\Brain Tumor MRI images\Healthy\mri_healthy (1482).jpg,Brain Tumor MRI images/Healthy/mri_healthy (1482).jpg,0,Healthy,MRI,2cb17e0b64010e0dbe87f9509c1901b37bd685025f77e6a7de68e848824b63ac,1
C:\Users\dondo\OneDrive\Documents\ADBU CSE(AI & ML)\5th sem\Minor Project\Project Prototype\Brain-Tumor-Minor-Project\dataset\Brain Tumor MRI images\Healthy\mri_healthy (1484).jpg,Brain Tumor MRI images/Healthy/mri_healthy (1484).jpg,0,Healthy,MRI,c1bf41ddb56396fd0e74b2eb7212c96a6a915ee86737c060c9db8e1439ff0390,4
C:\Users\dondo\OneDrive\Documents\ADBU CSE(AI & ML)\5th sem\Minor Project\Project Prototype\Brain-Tumor-Minor-Project\dataset\Brain Tumor MRI images\Healthy\mri_healthy (1487).jpg,Brain Tumor MRI images/Healthy/mri_healthy (1487).jpg,0,Healthy,MRI,6296fc94ca1dba543a77ac0312ae4eda86053a44d81a9151e77e1e6b90bd91d3,3
C:\Users\dondo\OneDrive\Documents\ADBU CSE(AI & ML)\5th sem\Minor Project\Project Prototype\Brain-Tumor-Minor-Project\dataset\Brain Tumor MRI images\Healthy\mri_healthy (1489).jpg,Brain Tumor MRI images/Healthy/mri_healthy (1489).jpg,0,Healthy,MRI,24d874e516a3da5ce8ada80135a0a62c8474538f72f098ad9d3e7ff794595f35,3
C:\Users\dondo\OneDrive\Documents\ADBU CSE(AI & ML)\5th sem\Minor Project\Project Prototype\Brain-Tumor-Minor-Project\dataset\Brain Tumor MRI images\Healthy\mri_healthy (1491).jpg,Brain Tumor MRI images/Healthy/mri_healthy (1491).jpg,0,Healthy,MRI,7ed6a811bd909ad0ff886e4f72f0a05f58e63cdfd2cc7284a7bf08c83089c6cb,2
C:\Users\dondo\OneDrive\Documents\ADBU CSE(AI & ML)\5th sem\Minor Project\Project Prototype\Brain-Tumor-Minor-Project\dataset\Brain Tumor MRI images\Healthy\mri_healthy (1495).jpg,Brain Tumor MRI images/Healthy/mri_healthy (1495).jpg,0,Healthy,MRI,c5482c04ad0af03abc08de261901fdaa6811a99ca11a270e8dc89c550e3ccdfa,2
C:\Users\dondo\OneDrive\Documents\ADBU CSE(AI & ML)\5th sem\Minor Project\Project Prototype\Brain-Tumor-Minor-Project\dataset\Brain Tumor MRI images\Healthy\mri_healthy (1497).jpg,Brain Tumor MRI images/Healthy/mri_healthy (1497).jpg,0,Healthy,MRI,84b2155377f2b5ec87d3988642b885d5b6249e7907486184ac311e15a8a599a9,2
C:\Users\dondo\OneDrive\Documents\ADBU CSE(AI & ML)\5th sem\Minor Project\Project Prototype\Brain-Tumor-Minor-Project\dataset\Brain Tumor MRI images\Healthy\mri_healthy (1498).jpg,Brain Tumor MRI images/Healthy/mri_healthy (1498).jpg,0,Healthy,MRI,d22f76ae6780bc947ddeb36446b3bb97bfcc5ada33b8db69753949c9d214111a,2
C:\Users\dondo\OneDrive\Documents\ADBU CSE(AI & ML)\5th sem\Minor Project\Project Prototype\Brain-Tumor-Minor-Project\dataset\Brain Tumor MRI images\Healthy\mri_healthy (1499).jpg,Brain Tumor MRI images/Healthy/mri_healthy (1499).jpg,0,Healthy,MRI,ee17905768c01705c6abcc330d664f063c5ceada4e3ea6722be796cc9bc9986f,2
C:\Users\dondo\OneDrive\Documents\ADBU CSE(AI & ML)\5th sem\Minor Project\Project Prototype\Brain-Tumor-Minor-Project\dataset\Brain Tumor MRI images\Healthy\mri_healthy (15).jpg,Brain Tumor MRI images/Healthy/mri_healthy (15).jpg,0,Healthy,MRI,78dce791a342916f9f4f7b7984ba80422ff68403cfb7ea2e05d9f01e3930e7b6,1
C:\Users\dondo\OneDrive\Documents\ADBU CSE(AI & ML)\5th sem\Minor Project\Project Prototype\Brain-Tumor-Minor-Project\dataset\Brain Tumor MRI images\Healthy\mri_healthy (150).jpg,Brain Tumor MRI images/Healthy/mri_healthy (150).jpg,0,Healthy,MRI,a62b6676c2f96cecf07f12d442da31d2c1dafe4cd1d7fc72fe779d9cefaf01e1,1
C:\Users\dondo\OneDrive\Documents\ADBU CSE(AI & ML)\5th sem\Minor Project\Project Prototype\Brain-Tumor-Minor-Project\dataset\Brain Tumor MRI images\Healthy\mri_healthy (1500).jpg,Brain Tumor MRI images/Healthy/mri_healthy (1500).jpg,0,Healthy,MRI,1672cc111ae4b8ef3c5b78264f8045177a3a5e9037d8eebed8edcd9a3fbc468b,1
C:\Users\dondo\OneDrive\Documents\ADBU CSE(AI & ML)\5th sem\Minor Project\Project Prototype\Brain-Tumor-Minor-Project\dataset\Brain Tumor MRI images\Healthy\mri_healthy (1501).jpg,Brain Tumor MRI images/Healthy/mri_healthy (1501).jpg,0,Healthy,MRI,de08225737a2a8a8ddda2e0684baa925356b9c0fe77585f2992a0980398c2d07,3
C:\Users\dondo\OneDrive\Documents\ADBU CSE(AI & ML)\5th sem\Minor Project\Project Prototype\Brain-Tumor-Minor-Project\dataset\Brain Tumor MRI images\Healthy\mri_healthy (1502).jpg,Brain Tumor MRI images/Healthy/mri_healthy (1502).jpg,0,Healthy,MRI,e22f980ae6f8f79a1fd96c0e2711d06767493d2d7c19d885fd89f6207702c3f3,2
C:\Users\dondo\OneDrive\Documents\ADBU CSE(AI & ML)\5th sem\Minor Project\Project Prototype\Brain-Tumor-Minor-Project\dataset\Brain Tumor MRI images\Healthy\mri_healthy (1503).jpg,Brain Tumor MRI images/Healthy/mri_healthy (1503).jpg,0,Healthy,MRI,1180fefcd5ba2a8f43c541c3158c3d6b3edb8309eab8dc9c61f109d10d5b5050,3
C:\Users\dondo\OneDrive\Documents\ADBU CSE(AI & ML)\5th sem\Minor Project\Project Prototype\Brain-Tumor-Minor-Project\dataset\Brain Tumor MRI images\Healthy\mri_healthy (1505).jpg,Brain Tumor MRI images/Healthy/mri_healthy (1505).jpg,0,Healthy,MRI,848319fa803a07c09363808d245bba2de5e74d769cf46770d39d357a3dad6b0b,2
C:\Users\dondo\OneDrive\Documents\ADBU CSE(AI & ML)\5th sem\Minor Project\Project Prototype\Brain-Tumor-Minor-Project\dataset\Brain Tumor MRI images\Healthy\mri_healthy (1508).jpg,Brain Tumor MRI images/Healthy/mri_healthy (1508).jpg,0,Healthy,MRI,4b232c157377de5c12642778035cbe40afb0344707bb4333f05a5b4a84b20bbd,1
C:\Users\dondo\OneDrive\Documents\ADBU CSE(AI & ML)\5th sem\Minor Project\Project Prototype\Brain-Tumor-Minor-Project\dataset\Brain Tumor MRI images\Healthy\mri_healthy (1509).jpg,Brain Tumor MRI images/Healthy/mri_healthy (1509).jpg,0,Healthy,MRI,70dcee96fcf70d803e3203f15fc691bffc6c0a6ca38780c530bc7d45a9b4bf32,1
C:\Users\dondo\OneDrive\Documents\ADBU CSE(AI & ML)\5th sem\Minor Project\Project Prototype\Brain-Tumor-Minor-Project\dataset\Brain Tumor MRI images\Healthy\mri_healthy (151).jpg,Brain Tumor MRI images/Healthy/mri_healthy (151).jpg,0,Healthy,MRI,f2e190a8930417db0494f3058777732eec48427a1a0fb614df0c7dc1e8a1269c,1
C:\Users\dondo\OneDrive\Documents\ADBU CSE(AI & ML)\5th sem\Minor Project\Project Prototype\Brain-Tumor-Minor-Project\dataset\Brain Tumor MRI images\Healthy\mri_healthy (1510).jpg,Brain Tumor MRI images/Healthy/mri_healthy (1510).jpg,0,Healthy,MRI,22bf0f1e359f334d7346fe81383649fd75079daf61d151614dfdf9d19c766be4,1
C:\Users\dondo\OneDrive\Documents\ADBU CSE(AI & ML)\5th sem\Minor Project\Project Prototype\Brain-Tumor-Minor-Project\dataset\Brain Tumor MRI images\Healthy\mri_healthy (1511).jpg,Brain Tumor MRI images/Healthy/mri_healthy (1511).jpg,0,Healthy,MRI,e2624788382fce1d1c00840375cdd541241d61de6137e9c1c6d69f83d7c99307,2
C:\Users\dondo\OneDrive\Documents\ADBU CSE(AI & ML)\5th sem\Minor Project\Project Prototype\Brain-Tumor-Minor-Project\dataset\Brain Tumor MRI images\Healthy\mri_healthy (1514).jpg,Brain Tumor MRI images/Healthy/mri_healthy (1514).jpg,0,Healthy,MRI,9e4d567cc1c9654db6c31518f61e6f3832fd18f2c07551468ab0becf30ccd345,2
C:\Users\dondo\OneDrive\Documents\ADBU CSE(AI & ML)\5th sem\Minor Project\Project Prototype\Brain-Tumor-Minor-Project\dataset\Brain Tumor MRI images\Healthy\mri_healthy (1516).jpg,Brain Tumor MRI images/Healthy/mri_healthy (1516).jpg,0,Healthy,MRI,6b1af9a0b1a46d75fd390ae192911ef530cdb9e2a49fd92566453b87a34310e7,1
C:\Users\dondo\OneDrive\Documents\ADBU CSE(AI & ML)\5th sem\Minor Project\Project Prototype\Brain-Tumor-Minor-Project\dataset\Brain Tumor MRI images\Healthy\mri_healthy (1517).jpg,Brain Tumor MRI images/Healthy/mri_healthy (1517).jpg,0,Healthy,MRI,c7aa5e9c98960d18f83a7ab785422ab2de8429200f83dd733962225b42a86672,2
C:\Users\dondo\OneDrive\Documents\ADBU CSE(AI & ML)\5th sem\Minor Project\Project Prototype\Brain-Tumor-Minor-Project\dataset\Brain Tumor MRI images\Healthy\mri_healthy (1518).jpg,Brain Tumor MRI images/Healthy/mri_healthy (1518).jpg,0,Healthy,MRI,f2d9f0979df98ce2e4aab669d3c141ca02ebce9eb15775267bfd6d4eae2a7d7f,3
C:\Users\dondo\OneDrive\Documents\ADBU CSE(AI & ML)\5th sem\Minor Project\Project Prototype\Brain-Tumor-Minor-Project\dataset\Brain Tumor MRI images\Healthy\mri_healthy (1519).jpg,Brain Tumor MRI images/Healthy/mri_healthy (1519).jpg,0,Healthy,MRI,489efee379052cc461b946dd57f42b7c7e76d0a5c9592eacce4f5ced5d79e6bc,1
C:\Users\dondo\OneDrive\Documents\ADBU CSE(AI & ML)\5th sem\Minor Project\Project Prototype\Brain-Tumor-Minor-Project\dataset\Brain Tumor MRI images\Healthy\mri_healthy (152).jpg,Brain Tumor MRI images/Healthy/mri_healthy (152).jpg,0,Healthy,MRI,b8628244f7b1e896623a96aaaac1232cdf2f5eb070722bb07beaca4e3891bffe,1
C:\Users\dondo\OneDrive\Documents\ADBU CSE(AI & ML)\5th sem\Minor Project\Project Prototype\Brain-Tumor-Minor-Project\dataset\Brain Tumor MRI images\Healthy\mri_healthy (1520).jpg,Brain Tumor MRI images/Healthy/mri_healthy (1520).jpg,0,Healthy,MRI,6f3bdbdba45d1f985b33e51c93c318e0f04f2c3186dfae874050a99a11b1af02,3
C:\Users\dondo\OneDrive\Documents\ADBU CSE(AI & ML)\5th sem\Minor Project\Project Prototype\Brain-Tumor-Minor-Project\dataset\Brain Tumor MRI images\Healthy\mri_healthy (1521).jpg,Brain Tumor MRI images/Healthy/mri_healthy (1521).jpg,0,Healthy,MRI,29f5011764730ed401f04b4978195c0b9fcedb005c3408f89a7586259cb1b675,3
C:\Users\dondo\OneDrive\Documents\ADBU CSE(AI & ML)\5th sem\Minor Project\Project Prototype\Brain-Tumor-Minor-Project\dataset\Brain Tumor MRI images\Healthy\mri_healthy (1523).jpg,Brain Tumor MRI images/Healthy/mri_healthy (1523).jpg,0,Healthy,MRI,f3ce33b26a3784299fc2bc72215752b531bb1ff11e9b65dc39376039f8809f64,4
C:\Users\dondo\OneDrive\Documents\ADBU CSE(AI & ML)\5th sem\Minor Project\Project Prototype\Brain-Tumor-Minor-Project\dataset\Brain Tumor MRI images\Healthy\mri_healthy (1530).jpg,Brain Tumor MRI images/Healthy/mri_healthy (1530).jpg,0,Healthy,MRI,fd392bbd9dcdf2b793db3a1c5b04b3b336949388258bcf34f8b5ab5a6f8edfbb,2
C:\Users\dondo\OneDrive\Documents\ADBU CSE(AI & ML)\5th sem\Minor Project\Project Prototype\Brain-Tumor-Minor-Project\dataset\Brain Tumor MRI images\Healthy\mri_healthy (1531).jpg,Brain Tumor MRI images/Healthy/mri_healthy (1531).jpg,0,Healthy,MRI,957befb0c21fb7516256b50dc0bc5547436412fcd3d2288d4b776d4977a9f970,2
C:\Users\dondo\OneDrive\Documents\ADBU CSE(AI & ML)\5th sem\Minor Project\Project Prototype\Brain-Tumor-Minor-Project\dataset\Brain Tumor MRI images\Healthy\mri_healthy (1534).jpg,Brain Tumor MRI images/Healthy/mri_healthy (1534).jpg,0,Healthy,MRI,0ff08a1e38749c259d1cb4a8cdeb1bd4d435ca9ccd7e1256d7f711f2f0d10160,2
C:\Users\dondo\OneDrive\Documents\ADBU CSE(AI & ML)\5th sem\Minor Project\Project Prototype\Brain-Tumor-Minor-Project\dataset\Brain Tumor MRI images\Healthy\mri_healthy (1535).jpg,Brain Tumor MRI images/Healthy/mri_healthy (1535).jpg,0,Healthy,MRI,78c3277fad899d2b2314dc4d6a4e0de0f3bd783aab09e63af69f0f0b39683ec9,1
C:\Users\dondo\OneDrive\Documents\ADBU CSE(AI & ML)\5th sem\Minor Project\Project Prototype\Brain-Tumor-Minor-Project\dataset\Brain Tumor MRI images\Healthy\mri_healthy (1536).jpg,Brain Tumor MRI images/Healthy/mri_healthy (1536).jpg,0,Healthy,MRI,65053e5b65f0e3d78a8144e6de01578efd3e4462f4d527077e959ab41787dfa7,2
C:\Users\dondo\OneDrive\Documents\ADBU CSE(AI & ML)\5th sem\Minor Project\Project Prototype\Brain-Tumor-Minor-Project\dataset\Brain Tumor MRI images\Healthy\mri_healthy (1537).jpg,Brain Tumor MRI images/Healthy/mri_healthy (1537).jpg,0,Healthy,MRI,d168f347a54feb783afa919862c42f7a703df0a1607bda2bce52f6996d106dfe,1
C:\Users\dondo\OneDrive\Documents\ADBU CSE(AI & ML)\5th sem\Minor Project\Project Prototype\Brain-Tumor-Minor-Project\dataset\Brain Tumor MRI images\Healthy\mri_healthy (1538).jpg,Brain Tumor MRI images/Healthy/mri_healthy (1538).jpg,0,Healthy,MRI,f9ab73351fe5dd8b0cac9d28282c9faff3f83bb3aad1a4fb2769c6e94cb25eb4,4
C:\Users\dondo\OneDrive\Documents\ADBU CSE(AI & ML)\5th sem\Minor Project\Project Prototype\Brain-Tumor-Minor-Project\dataset\Brain Tumor MRI images\Healthy\mri_healthy (1539).jpg,Brain Tumor MRI images/Healthy/mri_healthy (1539).jpg,0,Healthy,MRI,5c7f84410c09db7c2ad867d7da9ce7231be7c97e347b17aa1a76a06a9c3b3de4,2
C:\Users\dondo\OneDrive\Documents\ADBU CSE(AI & ML)\5th sem\Minor Project\Project Prototype\Brain-Tumor-Minor-Project\dataset\Brain Tumor MRI images\Healthy\mri_healthy (154).jpg,Brain Tumor MRI images/Healthy/mri_healthy (154).jpg,0,Healthy,MRI,64714964cb18401b6c7b0c643700bbed6404dc2bc8116dee153291204a2b6c53,2
C:\Users\dondo\OneDrive\Documents\ADBU CSE(AI & ML)\5th sem\Minor Project\Project Prototype\Brain-Tumor-Minor-Project\dataset\Brain Tumor MRI images\Healthy\mri_healthy (1540).jpg,Brain Tumor MRI images/Healthy/mri_healthy (1540).jpg,0,Healthy,MRI,4bad8f733f5502738f467db1919c6daaa64d6101649a1cd949ea55d71b88c869,2
C:\Users\dondo\OneDrive\Documents\ADBU CSE(AI & ML)\5th sem\Minor Project\Project Prototype\Brain-Tumor-Minor-Project\dataset\Brain Tumor MRI images\Healthy\mri_healthy (1544).jpg,Brain Tumor MRI images/Healthy/mri_healthy (1544).jpg,0,Healthy,MRI,43c7fb765b0d878dca03cd26cb414b56a2e3280ce2510f3a84dac11003bbd0a0,3
C:\Users\dondo\OneDrive\Documents\ADBU CSE(AI & ML)\5th sem\Minor Project\Project Prototype\Brain-Tumor-Minor-Project\dataset\Brain Tumor MRI images\Healthy\mri_healthy (1546).jpg,Brain Tumor MRI images/Healthy/mri_healthy (1546).jpg,0,Healthy,MRI,e0469797181b80d7dbc8d52ad3bd187ed938065ff6d85a25c73eb8c0d0bae700,2
C:\Users\dondo\OneDrive\Documents\ADBU CSE(AI & ML)\5th sem\Minor Project\Project Prototype\Brain-Tumor-Minor-Project\dataset\Brain Tumor MRI images\Healthy\mri_healthy (1547).jpg,Brain Tumor MRI images/Healthy/mri_healthy (1547).jpg,0,Healthy,MRI,8c7a08207a2f8e5bf03ed590b3a482491a6abeb9b233a40604f3422065424112,6
C:\Users\dondo\OneDrive\Documents\ADBU CSE(AI & ML)\5th sem\Minor Project\Project Prototype\Brain-Tumor-Minor-Project\dataset\Brain Tumor MRI images\Healthy\mri_healthy (1548).jpg,Brain Tumor MRI images/Healthy/mri_healthy (1548).jpg,0,Healthy,MRI,2ed15a662d8dcdf6077f3bf8bb4d21722e2a3b90ff2cf194db18b75933a4d322,1
C:\Users\dondo\OneDrive\Documents\ADBU CSE(AI & ML)\5th sem\Minor Project\Project Prototype\Brain-Tumor-Minor-Project\dataset\Brain Tumor MRI images\Healthy\mri_healthy (1549).jpg,Brain Tumor MRI images/Healthy/mri_healthy (1549).jpg,0,Healthy,MRI,1e1a27e88f2812b4b950fca09bf5f4b8fe20514826756ac69b37b43c0c73214b,6
C:\Users\dondo\OneDrive\Documents\ADBU CSE(AI & ML)\5th sem\Minor Project\Project Prototype\Brain-Tumor-Minor-Project\dataset\Brain Tumor MRI images\Healthy\mri_healthy (1551).jpg,Brain Tumor MRI images/Healthy/mri_healthy (1551).jpg,0,Healthy,MRI,25dbc9664f03a7af82b74aec6c5497cd94dc5f6f639907656725d0ac88cfd111,8
C:\Users\dondo\OneDrive\Documents\ADBU CSE(AI & ML)\5th sem\Minor Project\Project Prototype\Brain-Tumor-Minor-Project\dataset\Brain Tumor MRI images\Healthy\mri_healthy (1552).jpg,Brain Tumor MRI images/Healthy/mri_healthy (1552).jpg,0,Healthy,MRI,6eb81fdade7fe9fd565c5e71c5ae80afdae447935f0ac443ca1d1b9d8cb0909e,2
C:\Users\dondo\OneDrive\Documents\ADBU CSE(AI & ML)\5th sem\Minor Project\Project Prototype\Brain-Tumor-Minor-Project\dataset\Brain Tumor MRI images\Healthy\mri_healthy (1556).jpg,Brain Tumor MRI images/Healthy/mri_healthy (1556).jpg,0,Healthy,MRI,96c6e3e42abf41478d3c86c8edad8f89549957870de664a6b5d043dcb2afadab,2
C:\Users\dondo\OneDrive\Documents\ADBU CSE(AI & ML)\5th sem\Minor Project\Project Prototype\Brain-Tumor-Minor-Project\dataset\Brain Tumor MRI images\Healthy\mri_healthy (1558).jpg,Brain Tumor MRI images/Healthy/mri_healthy (1558).jpg,0,Healthy,MRI,25c13de1f058a3b2d081828fab9a6589ac1feba9a0c3963e8033115e3b9bc2ee,4
C:\Users\dondo\OneDrive\Documents\ADBU CSE(AI & ML)\5th sem\Minor Project\Project Prototype\Brain-Tumor-Minor-Project\dataset\Brain Tumor MRI images\Healthy\mri_healthy (1559).jpg,Brain Tumor MRI images/Healthy/mri_healthy (1559).jpg,0,Healthy,MRI,b91fea611b8064eb12f0682b4c1f24d6b16fb0a536b8c3f5c059a2c156a82294,2
C:\Users\dondo\OneDrive\Documents\ADBU CSE(AI & ML)\5th sem\Minor Project\Project Prototype\Brain-Tumor-Minor-Project\dataset\Brain Tumor MRI images\Healthy\mri_healthy (1563).jpg,Brain Tumor MRI images/Healthy/mri_healthy (1563).jpg,0,Healthy,MRI,ab198f545810b5a1455ffd1a56e82d1acbf5a22230bc2dea24c92d5ec73af1eb,1
C:\Users\dondo\OneDrive\Documents\ADBU CSE(AI & ML)\5th sem\Minor Project\Project Prototype\Brain-Tumor-Minor-Project\dataset\Brain Tumor MRI images\Healthy\mri_healthy (1566).jpg,Brain Tumor MRI images/Healthy/mri_healthy (1566).jpg,0,Healthy,MRI,2636d6ed84dc4e696bb7a75db106fdc31496baf23f1ce5cc50222d47410894ec,1
C:\Users\dondo\OneDrive\Documents\ADBU CSE(AI & ML)\5th sem\Minor Project\Project Prototype\Brain-Tumor-Minor-Project\dataset\Brain Tumor MRI images\Healthy\mri_healthy (1568).jpg,Brain Tumor MRI images/Healthy/mri_healthy (1568).jpg,0,Healthy,MRI,e9a63334af63a2ec8cab2149ec091466c60df5fe115cf36cc30c9304dacbb376,3
C:\Users\dondo\OneDrive\Documents\ADBU CSE(AI & ML)\5th sem\Minor Project\Project Prototype\Brain-Tumor-Minor-Project\dataset\Brain Tumor MRI images\Healthy\mri_healthy (1569).jpg,Brain Tumor MRI images/Healthy/mri_healthy (1569).jpg,0,Healthy,MRI,299e6bfe83723c62b02c0ba1ac8216e980b6ae6a11a37faf7be527ad987e0980,1
C:\Users\dondo\OneDrive\Documents\ADBU CSE(AI & ML)\5th sem\Minor Project\Project Prototype\Brain-Tumor-Minor-Project\dataset\Brain Tumor MRI images\Healthy\mri_healthy (1572).jpg,Brain Tumor MRI images/Healthy/mri_healthy (1572).jpg,0,Healthy,MRI,17bd1588f84aafbccb846c974ae1f24cef5ce6f0fc0f32a4417af50bfe9f52cd,3
C:\Users\dondo\OneDrive\Documents\ADBU CSE(AI & ML)\5th sem\Minor Project\Project Prototype\Brain-Tumor-Minor-Project\dataset\Brain Tumor MRI images\Healthy\mri_healthy (1573).jpg,Brain Tumor MRI images/Healthy/mri_healthy (1573).jpg,0,Healthy,MRI,5b32b70fee5498a7e242f40fd975486691a248ef53c7657ac4c5831133ade0fb,6
C:\Users\dondo\OneDrive\Documents\ADBU CSE(AI & ML)\5th sem\Minor Project\Project Prototype\Brain-Tumor-Minor-Project\dataset\Brain Tumor MRI images\Healthy\mri_healthy (1575).jpg,Brain Tumor MRI images/Healthy/mri_healthy (1575).jpg,0,Healthy,MRI,2ad6ffff97ce8cbfd5d4785955ea16a6ccf7090eb67a8015e47cd8902571b827,4
C:\Users\dondo\OneDrive\Documents\ADBU CSE(AI & ML)\5th sem\Minor Project\Project Prototype\Brain-Tumor-Minor-Project\dataset\Brain Tumor MRI images\Healthy\mri_healthy (1576).jpg,Brain Tumor MRI images/Healthy/mri_healthy (1576).jpg,0,Healthy,MRI,64eee5cd2516c265ea888fc3d784e97daed289385a487567e66b2aabacf50555,1
C:\Users\dondo\OneDrive\Documents\ADBU CSE(AI & ML)\5th sem\Minor Project\Project Prototype\Brain-Tumor-Minor-Project\dataset\Brain Tumor MRI images\Healthy\mri_healthy (1577).jpg,Brain Tumor MRI images/Healthy/mri_healthy (1577).jpg,0,Healthy,MRI,0fadab68bfdbea3a058334b19a656a26343e74598a908067b99f087857744200,1
C:\Users\dondo\OneDrive\Documents\ADBU CSE(AI & ML)\5th sem\Minor Project\Project Prototype\Brain-Tumor-Minor-Project\dataset\Brain Tumor MRI images\Healthy\mri_healthy (158).jpg,Brain Tumor MRI images/Healthy/mri_healthy (158).jpg,0,Healthy,MRI,d1ea45adc690cb1d744b8e14544f43f423c17ba190168c888d3dc0d408b2ac6e,1
C:\Users\dondo\OneDrive\Documents\ADBU CSE(AI & ML)\5th sem\Minor Project\Project Prototype\Brain-Tumor-Minor-Project\dataset\Brain Tumor MRI images\Healthy\mri_healthy (1580).jpg,Brain Tumor MRI images/Healthy/mri_healthy (1580).jpg,0,Healthy,MRI,49db0659a53802695ac4af817cff544f8034e7c9883a6751e0e321c86337f86a,2
C:\Users\dondo\OneDrive\Documents\ADBU CSE(AI & ML)\5th sem\Minor Project\Project Prototype\Brain-Tumor-Minor-Project\dataset\Brain Tumor MRI images\Healthy\mri_healthy (1582).jpg,Brain Tumor MRI images/Healthy/mri_healthy (1582).jpg,0,Healthy,MRI,1760da4ac516c8564bf06bc349176a1463dbb49f4de7b6d0b986ff015b96bd62,2
C:\Users\dondo\OneDrive\Documents\ADBU CSE(AI & ML)\5th sem\Minor Project\Project Prototype\Brain-Tumor-Minor-Project\dataset\Brain Tumor MRI images\Healthy\mri_healthy (1583).jpg,Brain Tumor MRI images/Healthy/mri_healthy (1583).jpg,0,Healthy,MRI,72c6acac6e7547ab9b9fa58f8e6f4f9fc26b1b8e09f9a5cbc2d4902415f85e20,2
C:\Users\dondo\OneDrive\Documents\ADBU CSE(AI & ML)\5th sem\Minor Project\Project Prototype\Brain-Tumor-Minor-Project\dataset\Brain Tumor MRI images\Healthy\mri_healthy (1586).jpg,Brain Tumor MRI images/Healthy/mri_healthy (1586).jpg,0,Healthy,MRI,ca0417b4c4dc6ac92ebdeeb71231b1a60a16299d04b7735c1bf725aa0649d8c2,4
C:\Users\dondo\OneDrive\Documents\ADBU CSE(AI & ML)\5th sem\Minor Project\Project Prototype\Brain-Tumor-Minor-Project\dataset\Brain Tumor MRI images\Healthy\mri_healthy (1587).jpg,Brain Tumor MRI images/Healthy/mri_healthy (1587).jpg,0,Healthy,MRI,092a6997f62fdbaa2bc49469a827ef799ebd70cc75d1b0bf8466c5054241905b,2
C:\Users\dondo\OneDrive\Documents\ADBU CSE(AI & ML)\5th sem\Minor Project\Project Prototype\Brain-Tumor-Minor-Project\dataset\Brain Tumor MRI images\Healthy\mri_healthy (159).jpg,Brain Tumor MRI images/Healthy/mri_healthy (159).jpg,0,Healthy,MRI,c2d129fab16952ec33cf96020c7ab662e8283b181231ba26e36a0971b5f7d596,1
C:\Users\dondo\OneDrive\Documents\ADBU CSE(AI & ML)\5th sem\Minor Project\Project Prototype\Brain-Tumor-Minor-Project\dataset\Brain Tumor MRI images\Healthy\mri_healthy (1591).jpg,Brain Tumor MRI images/Healthy/mri_healthy (1591).jpg,0,Healthy,MRI,ef972f0c0ccaaef5fbf0e519361cb62641e9afea1ebfa0ed3831461434aa0172,2
C:\Users\dondo\OneDrive\Documents\ADBU CSE(AI & ML)\5th sem\Minor Project\Project Prototype\Brain-Tumor-Minor-Project\dataset\Brain Tumor MRI images\Healthy\mri_healthy (1592).jpg,Brain Tumor MRI images/Healthy/mri_healthy (1592).jpg,0,Healthy,MRI,840e12a9d0fc509d61fab11db74d1716234312bd96939b632e19b8f102ace3cf,2
C:\Users\dondo\OneDrive\Documents\ADBU CSE(AI & ML)\5th sem\Minor Project\Project Prototype\Brain-Tumor-Minor-Project\dataset\Brain Tumor MRI images\Healthy\mri_healthy (1593).jpg,Brain Tumor MRI images/Healthy/mri_healthy (1593).jpg,0,Healthy,MRI,92477bd71863c6bb92a759c01baf1da541f95a14748204a33319cd7fb5201ed2,2
C:\Users\dondo\OneDrive\Documents\ADBU CSE(AI & ML)\5th sem\Minor Project\Project Prototype\Brain-Tumor-Minor-Project\dataset\Brain Tumor MRI images\Healthy\mri_healthy (1598).jpg,Brain Tumor MRI images/Healthy/mri_healthy (1598).jpg,0,Healthy,MRI,270d8daa78d030858d13b95aad0f59bf3cd78b17a6ab1604e0118342676de60f,2
C:\Users\dondo\OneDrive\Documents\ADBU CSE(AI & ML)\5th sem\Minor Project\Project Prototype\Brain-Tumor-Minor-Project\dataset\Brain Tumor MRI images\Healthy\mri_healthy (1599).jpg,Brain Tumor MRI images/Healthy/mri_healthy (1599).jpg,0,Healthy,MRI,fd701e8cdd7a47b2b7198334e09d7947edf3d2efdd68b73b8d47282256f9f475,2
C:\Users\dondo\OneDrive\Documents\ADBU CSE(AI & ML)\5th sem\Minor Project\Project Prototype\Brain-Tumor-Minor-Project\dataset\Brain Tumor MRI images\Healthy\mri_healthy (16).jpg,Brain Tumor MRI images/Healthy/mri_healthy (16).jpg,0,Healthy,MRI,41b919be4d2e553b83c3b73d6dd7cced4bc5ae1eea750b083cf581908ea89301,1
C:\Users\dondo\OneDrive\Documents\ADBU CSE(AI & ML)\5th sem\Minor Project\Project Prototype\Brain-Tumor-Minor-Project\dataset\Brain Tumor MRI images\Healthy\mri_healthy (160).jpg,Brain Tumor MRI images/Healthy/mri_healthy (160).jpg,0,Healthy,MRI,cdefede1ae7a35d90a8288b5046194f181aaa69a1aec9d83dd58c851630a0489,1
C:\Users\dondo\OneDrive\Documents\ADBU CSE(AI & ML)\5th sem\Minor Project\Project Prototype\Brain-Tumor-Minor-Project\dataset\Brain Tumor MRI images\Healthy\mri_healthy (1600).jpg,Brain Tumor MRI images/Healthy/mri_healthy (1600).jpg,0,Healthy,MRI,f431914175104f5eed55c65b44347820eefcb61dff8ad47cacf6596f239266a2,1
C:\Users\dondo\OneDrive\Documents\ADBU CSE(AI & ML)\5th sem\Minor Project\Project Prototype\Brain-Tumor-Minor-Project\dataset\Brain Tumor MRI images\Healthy\mri_healthy (1602).jpg,Brain Tumor MRI images/Healthy/mri_healthy (1602).jpg,0,Healthy,MRI,7d0e904594eb462df4711a65e663881b180690be7c6d70c2279323332c468c86,1
C:\Users\dondo\OneDrive\Documents\ADBU CSE(AI & ML)\5th sem\Minor Project\Project Prototype\Brain-Tumor-Minor-Project\dataset\Brain Tumor MRI images\Healthy\mri_healthy (1603).jpg,Brain Tumor MRI images/Healthy/mri_healthy (1603).jpg,0,Healthy,MRI,41efe60c9486d5c559d6ede0449c1da09b12bfbf8241ba4f28c60f82634cfe04,2
C:\Users\dondo\OneDrive\Documents\ADBU CSE(AI & ML)\5th sem\Minor Project\Project Prototype\Brain-Tumor-Minor-Project\dataset\Brain Tumor MRI images\Healthy\mri_healthy (1605).jpg,Brain Tumor MRI images/Healthy/mri_healthy (1605).jpg,0,Healthy,MRI,34da25bd2e6f77deed656d4125459dd79a068f89a15aed64b4490fbf7b279a46,2
C:\Users\dondo\OneDrive\Documents\ADBU CSE(AI & ML)\5th sem\Minor Project\Project Prototype\Brain-Tumor-Minor-Project\dataset\Brain Tumor MRI images\Healthy\mri_healthy (1607).jpg,Brain Tumor MRI images/Healthy/mri_healthy (1607).jpg,0,Healthy,MRI,fd518cc4043e52697c3fafc977c6a95e23ed850d2056d0b39cff3875ece52807,1
C:\Users\dondo\OneDrive\Documents\ADBU CSE(AI & ML)\5th sem\Minor Project\Project Prototype\Brain-Tumor-Minor-Project\dataset\Brain Tumor MRI images\Healthy\mri_healthy (1608).jpg,Brain Tumor MRI images/Healthy/mri_healthy (1608).jpg,0,Healthy,MRI,3dcd8366363463939aad20fb3421a4aff7b2539b9ecd7fb3ba6471915caa0b81,1
C:\Users\dondo\OneDrive\Documents\ADBU CSE(AI & ML)\5th sem\Minor Project\Project Prototype\Brain-Tumor-Minor-Project\dataset\Brain Tumor MRI images\Healthy\mri_healthy (1609).jpg,Brain Tumor MRI images/Healthy/mri_healthy (1609).jpg,0,Healthy,MRI,75fc5ddbe818ca8cb36cdf4aea83dba0f038a49c761e356c1e968c4ecd17774e,1
C:\Users\dondo\OneDrive\Documents\ADBU CSE(AI & ML)\5th sem\Minor Project\Project Prototype\Brain-Tumor-Minor-Project\dataset\Brain Tumor MRI images\Healthy\mri_healthy (161).jpg,Brain Tumor MRI images/Healthy/mri_healthy (161).jpg,0,Healthy,MRI,d6de25a08382dbc154067bc07c6279cb01b39f026b78c327327b6c18179c2680,2
C:\Users\dondo\OneDrive\Documents\ADBU CSE(AI & ML)\5th sem\Minor Project\Project Prototype\Brain-Tumor-Minor-Project\dataset\Brain Tumor MRI images\Healthy\mri_healthy (1610).jpg,Brain Tumor MRI images/Healthy/mri_healthy (1610).jpg,0,Healthy,MRI,02d84c8f215bb8f8f94ad1456041dd8e0fd8e76097cecad324e06d40b429baf8,1
C:\Users\dondo\OneDrive\Documents\ADBU CSE(AI & ML)\5th sem\Minor Project\Project Prototype\Brain-Tumor-Minor-Project\dataset\Brain Tumor MRI images\Healthy\mri_healthy (1613).jpg,Brain Tumor MRI images/Healthy/mri_healthy (1613).jpg,0,Healthy,MRI,b3d48eaa67fc8a46bf8ef134ffa3b797c6d118804369ad6d981b800529787bc1,1
C:\Users\dondo\OneDrive\Documents\ADBU CSE(AI & ML)\5th sem\Minor Project\Project Prototype\Brain-Tumor-Minor-Project\dataset\Brain Tumor MRI images\Healthy\mri_healthy (1616).jpg,Brain Tumor MRI images/Healthy/mri_healthy (1616).jpg,0,Healthy,MRI,a8bf58f1fee6cc15adfbbbbe78513606502269b917a52dfe0991621ad5ba401c,1
C:\Users\dondo\OneDrive\Documents\ADBU CSE(AI & ML)\5th sem\Minor Project\Project Prototype\Brain-Tumor-Minor-Project\dataset\Brain Tumor MRI images\Healthy\mri_healthy (1618).jpg,Brain Tumor MRI images/Healthy/mri_healthy (1618).jpg,0,Healthy,MRI,537e7ad0a496f23042626741b362e936fc711da2aa25d4c5ce628d03bf4109cb,2
C:\Users\dondo\OneDrive\Documents\ADBU CSE(AI & ML)\5th sem\Minor Project\Project Prototype\Brain-Tumor-Minor-Project\dataset\Brain Tumor MRI images\Healthy\mri_healthy (1619).jpg,Brain Tumor MRI images/Healthy/mri_healthy (1619).jpg,0,Healthy,MRI,24994786d576883215ebeccd522d9b4eebf01a374fccdb30c3cb5e56035cd425,1
C:\Users\dondo\OneDrive\Documents\ADBU CSE(AI & ML)\5th sem\Minor Project\Project Prototype\Brain-Tumor-Minor-Project\dataset\Brain Tumor MRI images\Healthy\mri_healthy (162).jpg,Brain Tumor MRI images/Healthy/mri_healthy (162).jpg,0,Healthy,MRI,de78050c58a77bbeff248d300cbc15ead856b835ea39b6b1d6e89a26780af82c,1
C:\Users\dondo\OneDrive\Documents\ADBU CSE(AI & ML)\5th sem\Minor Project\Project Prototype\Brain-Tumor-Minor-Project\dataset\Brain Tumor MRI images\Healthy\mri_healthy (1623).jpg,Brain Tumor MRI images/Healthy/mri_healthy (1623).jpg,0,Healthy,MRI,b7217d07fe4b60f472aaeee4b36e8429d4a1685bbb9fd13c1d471835326e801d,1
C:\Users\dondo\OneDrive\Documents\ADBU CSE(AI & ML)\5th sem\Minor Project\Project Prototype\Brain-Tumor-Minor-Project\dataset\Brain Tumor MRI images\Healthy\mri_healthy (1624).jpg,Brain Tumor MRI images/Healthy/mri_healthy (1624).jpg,0,Healthy,MRI,e2883675188861ceba2436c5356ffbf253dc537731b257643c6544788acd52b9,1
C:\Users\dondo\OneDrive\Documents\ADBU CSE(AI & ML)\5th sem\Minor Project\Project Prototype\Brain-Tumor-Minor-Project\dataset\Brain Tumor MRI images\Healthy\mri_healthy (1626).jpg,Brain Tumor MRI images/Healthy/mri_healthy (1626).jpg,0,Healthy,MRI,72f5f6723c7b92f641fb5d44513b6111c348e43005f8c1f4829f28eebd1117b2,4
C:\Users\dondo\OneDrive\Documents\ADBU CSE(AI & ML)\5th sem\Minor Project\Project Prototype\Brain-Tumor-Minor-Project\dataset\Brain Tumor MRI images\Healthy\mri_healthy (1628).jpg,Brain Tumor MRI images/Healthy/mri_healthy (1628).jpg,0,Healthy,MRI,2779f5d9e97ff8a2283e34ab88a7e6de22c561367944758e2796f427fd2dddd9,3
C:\Users\dondo\OneDrive\Documents\ADBU CSE(AI & ML)\5th sem\Minor Project\Project Prototype\Brain-Tumor-Minor-Project\dataset\Brain Tumor MRI images\Healthy\mri_healthy (163).jpg,Brain Tumor MRI images/Healthy/mri_healthy (163).jpg,0,Healthy,MRI,e1a4e41d6f9d1501f35e1c85d6b2ae79ea57b190f40e9f65a0fea14f28b39dc1,1
C:\Users\dondo\OneDrive\Documents\ADBU CSE(AI & ML)\5th sem\Minor Project\Project Prototype\Brain-Tumor-Minor-Project\dataset\Brain Tumor MRI images\Healthy\mri_healthy (1631).jpg,Brain Tumor MRI images/Healthy/mri_healthy (1631).jpg,0,Healthy,MRI,ca5a51914cad005d72af57fa6c9142fc9d650ca06ba23f3e839991c3fa4c8b36,3
C:\Users\dondo\OneDrive\Documents\ADBU CSE(AI & ML)\5th sem\Minor Project\Project Prototype\Brain-Tumor-Minor-Project\dataset\Brain Tumor MRI images\Healthy\mri_healthy (1633).jpg,Brain Tumor MRI images/Healthy/mri_healthy (1633).jpg,0,Healthy,MRI,989159596f076ad1884731aa32f6dd88f5f9acacdfbfc3531c07c9102ed56550,1
C:\Users\dondo\OneDrive\Documents\ADBU CSE(AI & ML)\5th sem\Minor Project\Project Prototype\Brain-Tumor-Minor-Project\dataset\Brain Tumor MRI images\Healthy\mri_healthy (1634).jpg,Brain Tumor MRI images/Healthy/mri_healthy (1634).jpg,0,Healthy,MRI,aa66d8e967787f1f68a537f5300e72131b53cc4706620d41e67f74b1eb53d931,2
C:\Users\dondo\OneDrive\Documents\ADBU CSE(AI & ML)\5th sem\Minor Project\Project Prototype\Brain-Tumor-Minor-Project\dataset\Brain Tumor MRI images\Healthy\mri_healthy (1636).jpg,Brain Tumor MRI images/Healthy/mri_healthy (1636).jpg,0,Healthy,MRI,457bb992bb7e34fa6aab66824086e47d6751f00578cf6fac23016408b751f6cc,2
C:\Users\dondo\OneDrive\Documents\ADBU CSE(AI & ML)\5th sem\Minor Project\Project Prototype\Brain-Tumor-Minor-Project\dataset\Brain Tumor MRI images\Healthy\mri_healthy (1637).jpg,Brain Tumor MRI images/Healthy/mri_healthy (1637).jpg,0,Healthy,MRI,7a7fcfb55378e4367cb3f163dc510df7e4b5f95d8fee5e4407b6ef397d56e243,3
C:\Users\dondo\OneDrive\Documents\ADBU CSE(AI & ML)\5th sem\Minor Project\Project Prototype\Brain-Tumor-Minor-Project\dataset\Brain Tumor MRI images\Healthy\mri_healthy (1638).jpg,Brain Tumor MRI images/Healthy/mri_healthy (1638).jpg,0,Healthy,MRI,4c2c103442bacc20c289e01799a028f732816b392a316671549e21810560ac30,3
C:\Users\dondo\OneDrive\Documents\ADBU CSE(AI & ML)\5th sem\Minor Project\Project Prototype\Brain-Tumor-Minor-Project\dataset\Brain Tumor MRI images\Healthy\mri_healthy (1640).jpg,Brain Tumor MRI images/Healthy/mri_healthy (1640).jpg,0,Healthy,MRI,c515996f4519dbd88019480d9e6442c71bc2513a7e2cb35a776b56af27b1021a,1
C:\Users\dondo\OneDrive\Documents\ADBU CSE(AI & ML)\5th sem\Minor Project\Project Prototype\Brain-Tumor-Minor-Project\dataset\Brain Tumor MRI images\Healthy\mri_healthy (1642).jpg,Brain Tumor MRI images/Healthy/mri_healthy (1642).jpg,0,Healthy,MRI,816f1f8b04796ca9fd174c859d5da8e9c5a0d55bc243ffe4ab26387552247c12,1
C:\Users\dondo\OneDrive\Documents\ADBU CSE(AI & ML)\5th sem\Minor Project\Project Prototype\Brain-Tumor-Minor-Project\dataset\Brain Tumor MRI images\Healthy\mri_healthy (1643).jpg,Brain Tumor MRI images/Healthy/mri_healthy (1643).jpg,0,Healthy,MRI,e834d68ccf89fc7d5f8a93f0718fb614dd3591102ee4ed5c5d851ac43dbd9e1c,2
C:\Users\dondo\OneDrive\Documents\ADBU CSE(AI & ML)\5th sem\Minor Project\Project Prototype\Brain-Tumor-Minor-Project\dataset\Brain Tumor MRI images\Healthy\mri_healthy (1644).jpg,Brain Tumor MRI images/Healthy/mri_healthy (1644).jpg,0,Healthy,MRI,d3e965a356f6f569b2cdc45e70fbb9aadcf98d4b82b6b3060e4cdfc584bf6d3a,1
C:\Users\dondo\OneDrive\Documents\ADBU CSE(AI & ML)\5th sem\Minor Project\Project Prototype\Brain-Tumor-Minor-Project\dataset\Brain Tumor MRI images\Healthy\mri_healthy (1645).jpg,Brain Tumor MRI images/Healthy/mri_healthy (1645).jpg,0,Healthy,MRI,d8ea17fdb98908199591b41310c56ae6a2b90408287403a45333653e079944b1,1
C:\Users\dondo\OneDrive\Documents\ADBU CSE(AI & ML)\5th sem\Minor Project\Project Prototype\Brain-Tumor-Minor-Project\dataset\Brain Tumor MRI images\Healthy\mri_healthy (1646).jpg,Brain Tumor MRI images/Healthy/mri_healthy (1646).jpg,0,Healthy,MRI,b509413a0acc8c116cabf3ba89af7be6e0b1ce1edcc9c73e24791d32204f5432,2
C:\Users\dondo\OneDrive\Documents\ADBU CSE(AI & ML)\5th sem\Minor Project\Project Prototype\Brain-Tumor-Minor-Project\dataset\Brain Tumor MRI images\Healthy\mri_healthy (1647).jpg,Brain Tumor MRI images/Healthy/mri_healthy (1647).jpg,0,Healthy,MRI,49d44a7fd256a35903b981a4c7fbd2c3adc0f87f24ed0cf34d83a91aa13441b0,1
C:\Users\dondo\OneDrive\Documents\ADBU CSE(AI & ML)\5th sem\Minor Project\Project Prototype\Brain-Tumor-Minor-Project\dataset\Brain Tumor MRI images\Healthy\mri_healthy (165).jpg,Brain Tumor MRI images/Healthy/mri_healthy (165).jpg,0,Healthy,MRI,e7c507e7341a5e37d28aa9141f305d9ba2e35a28140d89bc641a9524ab29a2d1,1
C:\Users\dondo\OneDrive\Documents\ADBU CSE(AI & ML)\5th sem\Minor Project\Project Prototype\Brain-Tumor-Minor-Project\dataset\Brain Tumor MRI images\Healthy\mri_healthy (1653).jpg,Brain Tumor MRI images/Healthy/mri_healthy (1653).jpg,0,Healthy,MRI,4a2012a601825fbe03aa6861c17fa749077f4b31dfb60a71b96765f7f8415d93,2
C:\Users\dondo\OneDrive\Documents\ADBU CSE(AI & ML)\5th sem\Minor Project\Project Prototype\Brain-Tumor-Minor-Project\dataset\Brain Tumor MRI images\Healthy\mri_healthy (1655).jpg,Brain Tumor MRI images/Healthy/mri_healthy (1655).jpg,0,Healthy,MRI,30158c95efde792422007066f9e8662662e167f8817e2707ef9989d6c5580c68,1
C:\Users\dondo\OneDrive\Documents\ADBU CSE(AI & ML)\5th sem\Minor Project\Project Prototype\Brain-Tumor-Minor-Project\dataset\Brain Tumor MRI images\Healthy\mri_healthy (1657).jpg,Brain Tumor MRI images/Healthy/mri_healthy (1657).jpg,0,Healthy,MRI,3e28a41d472bdece4726feb35f1831db15769bc4664cd465e635297f8fe7255b,2
C:\Users\dondo\OneDrive\Documents\ADBU CSE(AI & ML)\5th sem\Minor Project\Project Prototype\Brain-Tumor-Minor-Project\dataset\Brain Tumor MRI images\Healthy\mri_healthy (1658).jpg,Brain Tumor MRI images/Healthy/mri_healthy (1658).jpg,0,Healthy,MRI,66e52289dbb20ebe544be658dbc1345e18f031967fe6f972bfb91dd8a39d48cb,2
C:\Users\dondo\OneDrive\Documents\ADBU CSE(AI & ML)\5th sem\Minor Project\Project Prototype\Brain-Tumor-Minor-Project\dataset\Brain Tumor MRI images\Healthy\mri_healthy (1659).jpg,Brain Tumor MRI images/Healthy/mri_healthy (1659).jpg,0,Healthy,MRI,a730dc01bde0288d92f3d175a1863c652162a8006964884a24b41ccaac5cbacd,2
C:\Users\dondo\OneDrive\Documents\ADBU CSE(AI & ML)\5th sem\Minor Project\Project Prototype\Brain-Tumor-Minor-Project\dataset\Brain Tumor MRI images\Healthy\mri_healthy (166).jpg,Brain Tumor MRI images/Healthy/mri_healthy (166).jpg,0,Healthy,MRI,3a119ad1f7b7b2959ff3643f47d42324412a56e90198f7a6f6c0020ef7a8afa6,1
C:\Users\dondo\OneDrive\Documents\ADBU CSE(AI & ML)\5th sem\Minor Project\Project Prototype\Brain-Tumor-Minor-Project\dataset\Brain Tumor MRI images\Healthy\mri_healthy (1660).jpg,Brain Tumor MRI images/Healthy/mri_healthy (1660).jpg,0,Healthy,MRI,317c76528b24d8416ce7bff13e60de5c3837fbbb224a3769955e95411962da5f,2
C:\Users\dondo\OneDrive\Documents\ADBU CSE(AI & ML)\5th sem\Minor Project\Project Prototype\Brain-Tumor-Minor-Project\dataset\Brain Tumor MRI images\Healthy\mri_healthy (1662).jpg,Brain Tumor MRI images/Healthy/mri_healthy (1662).jpg,0,Healthy,MRI,65171c43207bd38c794fd14bf5f513325e8a4fe207f71539009bfb4f78b347d8,3
C:\Users\dondo\OneDrive\Documents\ADBU CSE(AI & ML)\5th sem\Minor Project\Project Prototype\Brain-Tumor-Minor-Project\dataset\Brain Tumor MRI images\Healthy\mri_healthy (1663).jpg,Brain Tumor MRI images/Healthy/mri_healthy (1663).jpg,0,Healthy,MRI,c715d389f6f52d451d66f141f87fb421f675e159129ada956a1e3ca54a231915,2
C:\Users\dondo\OneDrive\Documents\ADBU CSE(AI & ML)\5th sem\Minor Project\Project Prototype\Brain-Tumor-Minor-Project\dataset\Brain Tumor MRI images\Healthy\mri_healthy (1665).jpg,Brain Tumor MRI images/Healthy/mri_healthy (1665).jpg,0,Healthy,MRI,79b6fe05b46ee2a734c4da64cd109bc508bfd1b76f46e9c496dbb406f86139f9,3
C:\Users\dondo\OneDrive\Documents\ADBU CSE(AI & ML)\5th sem\Minor Project\Project Prototype\Brain-Tumor-Minor-Project\dataset\Brain Tumor MRI images\Healthy\mri_healthy (1668).jpg,Brain Tumor MRI images/Healthy/mri_healthy (1668).jpg,0,Healthy,MRI,d62ef020a79e42be55f4a6977457753c11364c69c1a842aab749f45b910a348f,3
C:\Users\dondo\OneDrive\Documents\ADBU CSE(AI & ML)\5th sem\Minor Project\Project Prototype\Brain-Tumor-Minor-Project\dataset\Brain Tumor MRI images\Healthy\mri_healthy (1669).jpg,Brain Tumor MRI images/Healthy/mri_healthy (1669).jpg,0,Healthy,MRI,4984bb79a4b6f8bbe65f017c74fd7c1dce3f24d94cc9d33f92e22b441a0866ca,1
C:\Users\dondo\OneDrive\Documents\ADBU CSE(AI & ML)\5th sem\Minor Project\Project Prototype\Brain-Tumor-Minor-Project\dataset\Brain Tumor MRI images\Healthy\mri_healthy (167).jpg,Brain Tumor MRI images/Healthy/mri_healthy (167).jpg,0,Healthy,MRI,949ccc4b012c768d8866bf56e1f4c09022253defe44f332099929747a716b6b9,1
C:\Users\dondo\OneDrive\Documents\ADBU CSE(AI & ML)\5th sem\Minor Project\Project Prototype\Brain-Tumor-Minor-Project\dataset\Brain Tumor MRI images\Healthy\mri_healthy (1671).jpg,Brain Tumor MRI images/Healthy/mri_healthy (1671).jpg,0,Healthy,MRI,98b975e302443759272d6d112532913d72094fa5f9fe318b2384243c1fd39bfe,1
C:\Users\dondo\OneDrive\Documents\ADBU CSE(AI & ML)\5th sem\Minor Project\Project Prototype\Brain-Tumor-Minor-Project\dataset\Brain Tumor MRI images\Healthy\mri_healthy (1672).jpg,Brain Tumor MRI images/Healthy/mri_healthy (1672).jpg,0,Healthy,MRI,aa321a4b9a3d2e127b8382a023679ea14cef3224e6540b49b126eb37cd44fa2c,1
C:\Users\dondo\OneDrive\Documents\ADBU CSE(AI & ML)\5th sem\Minor Project\Project Prototype\Brain-Tumor-Minor-Project\dataset\Brain Tumor MRI images\Healthy\mri_healthy (1673).jpg,Brain Tumor MRI images/Healthy/mri_healthy (1673).jpg,0,Healthy,MRI,4211925dc3a4fbb8585306ea6e18c7bde166dc4b7da97a8c638a885b48758f97,1
C:\Users\dondo\OneDrive\Documents\ADBU CSE(AI & ML)\5th sem\Minor Project\Project Prototype\Brain-Tumor-Minor-Project\dataset\Brain Tumor MRI images\Healthy\mri_healthy (1675).jpg,Brain Tumor MRI images/Healthy/mri_healthy (1675).jpg,0,Healthy,MRI,1e44c67ea903803998454afc6c962b949f58d86eb4d07d66676fe3da4ccb27e6,1
C:\Users\dondo\OneDrive\Documents\ADBU CSE(AI & ML)\5th sem\Minor Project\Project Prototype\Brain-Tumor-Minor-Project\dataset\Brain Tumor MRI images\Healthy\mri_healthy (1677).jpg,Brain Tumor MRI images/Healthy/mri_healthy (1677).jpg,0,Healthy,MRI,280d387f9ef5c5407c3a5618fc7e3a861fed385c6f4c2e11e1ee9b13a7faa102,1
C:\Users\dondo\OneDrive\Documents\ADBU CSE(AI & ML)\5th sem\Minor Project\Project Prototype\Brain-Tumor-Minor-Project\dataset\Brain Tumor MRI images\Healthy\mri_healthy (1679).jpg,Brain Tumor MRI images/Healthy/mri_healthy (1679).jpg,0,Healthy,MRI,7259b858528de164f36d6751cdd6f34ef5579aa8a233314c0996accf49be6d34,2
C:\Users\dondo\OneDrive\Documents\ADBU CSE(AI & ML)\5th sem\Minor Project\Project Prototype\Brain-Tumor-Minor-Project\dataset\Brain Tumor MRI images\Healthy\mri_healthy (1683).jpg,Brain Tumor MRI images/Healthy/mri_healthy (1683).jpg,0,Healthy,MRI,95b8ce855e68fcce7fac77b3f4d27aa785b879a2d797d92f85ae232b0fe667e8,1
C:\Users\dondo\OneDrive\Documents\ADBU CSE(AI & ML)\5th sem\Minor Project\Project Prototype\Brain-Tumor-Minor-Project\dataset\Brain Tumor MRI images\Healthy\mri_healthy (1684).jpg,Brain Tumor MRI images/Healthy/mri_healthy (1684).jpg,0,Healthy,MRI,470cf49146ca3bb3c89ae1d085833bf3da87ca5e09d33669c35dc8b87e7a9332,1
C:\Users\dondo\OneDrive\Documents\ADBU CSE(AI & ML)\5th sem\Minor Project\Project Prototype\Brain-Tumor-Minor-Project\dataset\Brain Tumor MRI images\Healthy\mri_healthy (1685).jpg,Brain Tumor MRI images/Healthy/mri_healthy (1685).jpg,0,Healthy,MRI,8d1b8cb2975b43db869caaecbffd11f51651b6c25d35928f84cc295215cfb822,2
C:\Users\dondo\OneDrive\Documents\ADBU CSE(AI & ML)\5th sem\Minor Project\Project Prototype\Brain-Tumor-Minor-Project\dataset\Brain Tumor MRI images\Healthy\mri_healthy (1686).jpg,Brain Tumor MRI images/Healthy/mri_healthy (1686).jpg,0,Healthy,MRI,de4262277efb99566dbd4ef736866baf2f04cc511c557ee6037d655b4e3c8d23,1
C:\Users\dondo\OneDrive\Documents\ADBU CSE(AI & ML)\5th sem\Minor Project\Project Prototype\Brain-Tumor-Minor-Project\dataset\Brain Tumor MRI images\Healthy\mri_healthy (1687).jpg,Brain Tumor MRI images/Healthy/mri_healthy (1687).jpg,0,Healthy,MRI,da9ef6cef60bdcf63e1cb2c07ebe5bfb5a1c08c74dadf280915d55d7c3e36d9a,2
C:\Users\dondo\OneDrive\Documents\ADBU CSE(AI & ML)\5th sem\Minor Project\Project Prototype\Brain-Tumor-Minor-Project\dataset\Brain Tumor MRI images\Healthy\mri_healthy (1688).jpg,Brain Tumor MRI images/Healthy/mri_healthy (1688).jpg,0,Healthy,MRI,01ec12ef228dc2b9a9aa14a7c2b4e17169a43f8439890f94841672ea106a33e5,1
C:\Users\dondo\OneDrive\Documents\ADBU CSE(AI & ML)\5th sem\Minor Project\Project Prototype\Brain-Tumor-Minor-Project\dataset\Brain Tumor MRI images\Healthy\mri_healthy (1689).jpg,Brain Tumor MRI images/Healthy/mri_healthy (1689).jpg,0,Healthy,MRI,e3b10e3d4c19e968114817f0cfe382103c689762a89d773de02e1fde8e133d69,1
C:\Users\dondo\OneDrive\Documents\ADBU CSE(AI & ML)\5th sem\Minor Project\Project Prototype\Brain-Tumor-Minor-Project\dataset\Brain Tumor MRI images\Healthy\mri_healthy (169).jpg,Brain Tumor MRI images/Healthy/mri_healthy (169).jpg,0,Healthy,MRI,d50de8ac5d7eec9146a5104cc1b42378ea257ec9fe889a3b928cac90fa374dee,1
C:\Users\dondo\OneDrive\Documents\ADBU CSE(AI & ML)\5th sem\Minor Project\Project Prototype\Brain-Tumor-Minor-Project\dataset\Brain Tumor MRI images\Healthy\mri_healthy (1690).jpg,Brain Tumor MRI images/Healthy/mri_healthy (1690).jpg,0,Healthy,MRI,e7a0d82b59709a4d7c2a3570633b0e4888211a328cddb7d1497760ae14d3cbdd,1
C:\Users\dondo\OneDrive\Documents\ADBU CSE(AI & ML)\5th sem\Minor Project\Project Prototype\Brain-Tumor-Minor-Project\dataset\Brain Tumor MRI images\Healthy\mri_healthy (1691).jpg,Brain Tumor MRI images/Healthy/mri_healthy (1691).jpg,0,Healthy,MRI,76d577713f1cf4414f780058f2079f7e6446aba86e89a86d7dd36401ca79a727,1
C:\Users\dondo\OneDrive\Documents\ADBU CSE(AI & ML)\5th sem\Minor Project\Project Prototype\Brain-Tumor-Minor-Project\dataset\Brain Tumor MRI images\Healthy\mri_healthy (1692).jpg,Brain Tumor MRI images/Healthy/mri_healthy (1692).jpg,0,Healthy,MRI,8a05324c1e59d079c88ad71e484739999eab506d3e7eb1bca857264329113b94,1
C:\Users\dondo\OneDrive\Documents\ADBU CSE(AI & ML)\5th sem\Minor Project\Project Prototype\Brain-Tumor-Minor-Project\dataset\Brain Tumor MRI images\Healthy\mri_healthy (1694).jpg,Brain Tumor MRI images/Healthy/mri_healthy (1694).jpg,0,Healthy,MRI,affc1b4d529e3c1f06052e6fe5d27ef659071f0c1b14b4197c6d2c4f30ae93bb,2
C:\Users\dondo\OneDrive\Documents\ADBU CSE(AI & ML)\5th sem\Minor Project\Project Prototype\Brain-Tumor-Minor-Project\dataset\Brain Tumor MRI images\Healthy\mri_healthy (1697).jpg,Brain Tumor MRI images/Healthy/mri_healthy (1697).jpg,0,Healthy,MRI,9af05acd768793e89fc6776c3af838b0bf0747cfc3a3737e1cd3af44ea09c930,4
C:\Users\dondo\OneDrive\Documents\ADBU CSE(AI & ML)\5th sem\Minor Project\Project Prototype\Brain-Tumor-Minor-Project\dataset\Brain Tumor MRI images\Healthy\mri_healthy (17).jpg,Brain Tumor MRI images/Healthy/mri_healthy (17).jpg,0,Healthy,MRI,f791cd1db528d2a8247174db3b5a852b84665c2ed575d65f689dbf74bbd3a8b5,3
C:\Users\dondo\OneDrive\Documents\ADBU CSE(AI & ML)\5th sem\Minor Project\Project Prototype\Brain-Tumor-Minor-Project\dataset\Brain Tumor MRI images\Healthy\mri_healthy (1701).jpg,Brain Tumor MRI images/Healthy/mri_healthy (1701).jpg,0,Healthy,MRI,c6d35e130bc719af5e19824979ce640e835635fc495a7383435df8b9aa16b023,2
C:\Users\dondo\OneDrive\Documents\ADBU CSE(AI & ML)\5th sem\Minor Project\Project Prototype\Brain-Tumor-Minor-Project\dataset\Brain Tumor MRI images\Healthy\mri_healthy (1702).jpg,Brain Tumor MRI images/Healthy/mri_healthy (1702).jpg,0,Healthy,MRI,4c6238dc9771a99b1623932047fd64d5eb26d25cc294916c516b85e261c8ab46,1
C:\Users\dondo\OneDrive\Documents\ADBU CSE(AI & ML)\5th sem\Minor Project\Project Prototype\Brain-Tumor-Minor-Project\dataset\Brain Tumor MRI images\Healthy\mri_healthy (1705).jpg,Brain Tumor MRI images/Healthy/mri_healthy (1705).jpg,0,Healthy,MRI,a8d8bd68e37588a5be079ea92de410d9097988aea40552f6fd08ca44a7dd6c74,3
C:\Users\dondo\OneDrive\Documents\ADBU CSE(AI & ML)\5th sem\Minor Project\Project Prototype\Brain-Tumor-Minor-Project\dataset\Brain Tumor MRI images\Healthy\mri_healthy (1709).jpg,Brain Tumor MRI images/Healthy/mri_healthy (1709).jpg,0,Healthy,MRI,77d1374baf9988fd4f9272886783a65820b3afbbbaa773777ed01a4b04ff9d80,1
C:\Users\dondo\OneDrive\Documents\ADBU CSE(AI & ML)\5th sem\Minor Project\Project Prototype\Brain-Tumor-Minor-Project\dataset\Brain Tumor MRI images\Healthy\mri_healthy (171).jpg,Brain Tumor MRI images/Healthy/mri_healthy (171).jpg,0,Healthy,MRI,c674898fc7f4408a45ca719642bcde715f4fd2a143052337e1f71e31bd2795ab,4
C:\Users\dondo\OneDrive\Documents\ADBU CSE(AI & ML)\5th sem\Minor Project\Project Prototype\Brain-Tumor-Minor-Project\dataset\Brain Tumor MRI images\Healthy\mri_healthy (1712).jpg,Brain Tumor MRI images/Healthy/mri_healthy (1712).jpg,0,Healthy,MRI,fc8747011cb29cb94b758e4c23df80e621617dea8ac55797640db236d8223bad,2
C:\Users\dondo\OneDrive\Documents\ADBU CSE(AI & ML)\5th sem\Minor Project\Project Prototype\Brain-Tumor-Minor-Project\dataset\Brain Tumor MRI images\Healthy\mri_healthy (1715).jpg,Brain Tumor MRI images/Healthy/mri_healthy (1715).jpg,0,Healthy,MRI,fa212e03ec1757d375fc594d6f8884ff22b43b091d37dd1b7589a236289a6421,2
C:\Users\dondo\OneDrive\Documents\ADBU CSE(AI & ML)\5th sem\Minor Project\Project Prototype\Brain-Tumor-Minor-Project\dataset\Brain Tumor MRI images\Healthy\mri_healthy (1716).jpg,Brain Tumor MRI images/Healthy/mri_healthy (1716).jpg,0,Healthy,MRI,2f4b61c1399bbaa181cdf8e7fd191654a6e56f2b0616f2659773b81fe7110ea5,1
C:\Users\dondo\OneDrive\Documents\ADBU CSE(AI & ML)\5th sem\Minor Project\Project Prototype\Brain-Tumor-Minor-Project\dataset\Brain Tumor MRI images\Healthy\mri_healthy (1718).jpg,Brain Tumor MRI images/Healthy/mri_healthy (1718).jpg,0,Healthy,MRI,85c8594ea52ea7c8d812d2c4565ef0aa079ab021f4936b623f64bd7878ec0c6a,2
C:\Users\dondo\OneDrive\Documents\ADBU CSE(AI & ML)\5th sem\Minor Project\Project Prototype\Brain-Tumor-Minor-Project\dataset\Brain Tumor MRI images\Healthy\mri_healthy (1719).jpg,Brain Tumor MRI images/Healthy/mri_healthy (1719).jpg,0,Healthy,MRI,0e4c329816794910ea5acc4201d05217b93c22bbf138aa55cee98ae7680e1320,2
C:\Users\dondo\OneDrive\Documents\ADBU CSE(AI & ML)\5th sem\Minor Project\Project Prototype\Brain-Tumor-Minor-Project\dataset\Brain Tumor MRI images\Healthy\mri_healthy (172).jpg,Brain Tumor MRI images/Healthy/mri_healthy (172).jpg,0,Healthy,MRI,4a3aedc18ff07ede1b72d515344f4bee0c91e0a7964b36e2741cd9449ed0cc79,1
C:\Users\dondo\OneDrive\Documents\ADBU CSE(AI & ML)\5th sem\Minor Project\Project Prototype\Brain-Tumor-Minor-Project\dataset\Brain Tumor MRI images\Healthy\mri_healthy (1720).jpg,Brain Tumor MRI images/Healthy/mri_healthy (1720).jpg,0,Healthy,MRI,ef375318c39dd3089fb381021b975d732f5e2107e9c40acfa22a6a8b18fff8b5,2
C:\Users\dondo\OneDrive\Documents\ADBU CSE(AI & ML)\5th sem\Minor Project\Project Prototype\Brain-Tumor-Minor-Project\dataset\Brain Tumor MRI images\Healthy\mri_healthy (1721).jpg,Brain Tumor MRI images/Healthy/mri_healthy (1721).jpg,0,Healthy,MRI,8e69d582e948d4bdf753ad925311df27bab28db64ba2ee766d5e595cf95cd329,2
C:\Users\dondo\OneDrive\Documents\ADBU CSE(AI & ML)\5th sem\Minor Project\Project Prototype\Brain-Tumor-Minor-Project\dataset\Brain Tumor MRI images\Healthy\mri_healthy (1724).jpg,Brain Tumor MRI images/Healthy/mri_healthy (1724).jpg,0,Healthy,MRI,a704cc9ea5d50153536829d38646e5a8307305684e85da4540e1c215b37851a4,2
C:\Users\dondo\OneDrive\Documents\ADBU CSE(AI & ML)\5th sem\Minor Project\Project Prototype\Brain-Tumor-Minor-Project\dataset\Brain Tumor MRI images\Healthy\mri_healthy (1726).jpg,Brain Tumor MRI images/Healthy/mri_healthy (1726).jpg,0,Healthy,MRI,db6d7869822e23929997eef08606215b36cd48cb881b64bf68fe65bb96a16287,2
C:\Users\dondo\OneDrive\Documents\ADBU CSE(AI & ML)\5th sem\Minor Project\Project Prototype\Brain-Tumor-Minor-Project\dataset\Brain Tumor MRI images\Healthy\mri_healthy (1727).jpg,Brain Tumor MRI images/Healthy/mri_healthy (1727).jpg,0,Healthy,MRI,464c99ab64b0cce69e6d36ae06e0cdeda7ed06b3b0516f6715c8e1e083ca0c9b,2
C:\Users\dondo\OneDrive\Documents\ADBU CSE(AI & ML)\5th sem\Minor Project\Project Prototype\Brain-Tumor-Minor-Project\dataset\Brain Tumor MRI images\Healthy\mri_healthy (1728).jpg,Brain Tumor MRI images/Healthy/mri_healthy (1728).jpg,0,Healthy,MRI,bb9c0c75cf6859ab320834f50a154e90e5ddc05c2acbf14eb386104a07e416f5,2
C:\Users\dondo\OneDrive\Documents\ADBU CSE(AI & ML)\5th sem\Minor Project\Project Prototype\Brain-Tumor-Minor-Project\dataset\Brain Tumor MRI images\Healthy\mri_healthy (173).jpg,Brain Tumor MRI images/Healthy/mri_healthy (173).jpg,0,Healthy,MRI,7fd60ebed6a1d9a3b8e861a8f3ebe785985b538f242a861a9a3fb91eeac0d80c,1
C:\Users\dondo\OneDrive\Documents\ADBU CSE(AI & ML)\5th sem\Minor Project\Project Prototype\Brain-Tumor-Minor-Project\dataset\Brain Tumor MRI images\Healthy\mri_healthy (1730).jpg,Brain Tumor MRI images/Healthy/mri_healthy (1730).jpg,0,Healthy,MRI,a1799d6b3794a4da77e4a05c0183d186ff92644dd02e76b585871c385d78fd9a,2
C:\Users\dondo\OneDrive\Documents\ADBU CSE(AI & ML)\5th sem\Minor Project\Project Prototype\Brain-Tumor-Minor-Project\dataset\Brain Tumor MRI images\Healthy\mri_healthy (1731).jpg,Brain Tumor MRI images/Healthy/mri_healthy (1731).jpg,0,Healthy,MRI,8d60bd59d88a3952431c6d3c2a50d83be3ebfec123d6d47734db34a4aebb5163,1
C:\Users\dondo\OneDrive\Documents\ADBU CSE(AI & ML)\5th sem\Minor Project\Project Prototype\Brain-Tumor-Minor-Project\dataset\Brain Tumor MRI images\Healthy\mri_healthy (1732).jpg,Brain Tumor MRI images/Healthy/mri_healthy (1732).jpg,0,Healthy,MRI,02667d11592caf7f0a97294e11bbb0283a413e95e4ed91df38475a321c7fc601,1
C:\Users\dondo\OneDrive\Documents\ADBU CSE(AI & ML)\5th sem\Minor Project\Project Prototype\Brain-Tumor-Minor-Project\dataset\Brain Tumor MRI images\Healthy\mri_healthy (1735).jpg,Brain Tumor MRI images/Healthy/mri_healthy (1735).jpg,0,Healthy,MRI,2ca91b5fa2b1bbca449039c10659e0acb52cdb5ee33b9b86dd819d9e0ffbbbdf,1
C:\Users\dondo\OneDrive\Documents\ADBU CSE(AI & ML)\5th sem\Minor Project\Project Prototype\Brain-Tumor-Minor-Project\dataset\Brain Tumor MRI images\Healthy\mri_healthy (1736).jpg,Brain Tumor MRI images/Healthy/mri_healthy (1736).jpg,0,Healthy,MRI,59129e8a5fc88835ba3706191fb392754e132c7a39d1efc655fd1cd4a52873de,1
C:\Users\dondo\OneDrive\Documents\ADBU CSE(AI & ML)\5th sem\Minor Project\Project Prototype\Brain-Tumor-Minor-Project\dataset\Brain Tumor MRI images\Healthy\mri_healthy (1737).jpg,Brain Tumor MRI images/Healthy/mri_healthy (1737).jpg,0,Healthy,MRI,c6deb2680ade67d4dd9abecb7e6c3fa420dab1022d8b3678a48d9ac66fd5ddce,1
C:\Users\dondo\OneDrive\Documents\ADBU CSE(AI & ML)\5th sem\Minor Project\Project Prototype\Brain-Tumor-Minor-Project\dataset\Brain Tumor MRI images\Healthy\mri_healthy (1739).jpg,Brain Tumor MRI images/Healthy/mri_healthy (1739).jpg,0,Healthy,MRI,c3c288a174cbc69b5bba653fddc67c3f16cb1915be24442611d36929e695cd5b,1
C:\Users\dondo\OneDrive\Documents\ADBU CSE(AI & ML)\5th sem\Minor Project\Project Prototype\Brain-Tumor-Minor-Project\dataset\Brain Tumor MRI images\Healthy\mri_healthy (174).jpg,Brain Tumor MRI images/Healthy/mri_healthy (174).jpg,0,Healthy,MRI,39f5170fc52356e2c36e79bec4881298c88108d3f61b0629e938af3380d95177,1
C:\Users\dondo\OneDrive\Documents\ADBU CSE(AI & ML)\5th sem\Minor Project\Project Prototype\Brain-Tumor-Minor-Project\dataset\Brain Tumor MRI images\Healthy\mri_healthy (1741).jpg,Brain Tumor MRI images/Healthy/mri_healthy (1741).jpg,0,Healthy,MRI,6f52961b316f3072bcc798a1178866f44d3f601ee1b5527dfa51907d02a95699,1
C:\Users\dondo\OneDrive\Documents\ADBU CSE(AI & ML)\5th sem\Minor Project\Project Prototype\Brain-Tumor-Minor-Project\dataset\Brain Tumor MRI images\Healthy\mri_healthy (1742).jpg,Brain Tumor MRI images/Healthy/mri_healthy (1742).jpg,0,Healthy,MRI,075121ef05dad5a6adeae9ddc9c6d02e099e9890e100ca8f66cea83b0f4045a5,1
C:\Users\dondo\OneDrive\Documents\ADBU CSE(AI & ML)\5th sem\Minor Project\Project Prototype\Brain-Tumor-Minor-Project\dataset\Brain Tumor MRI images\Healthy\mri_healthy (1743).jpg,Brain Tumor MRI images/Healthy/mri_healthy (1743).jpg,0,Healthy,MRI,06b29e3d2fae28dad1e139950a7cbe2a5a688568d89ca92c82d9fada127a9df3,1
C:\Users\dondo\OneDrive\Documents\ADBU CSE(AI & ML)\5th sem\Minor Project\Project Prototype\Brain-Tumor-Minor-Project\dataset\Brain Tumor MRI images\Healthy\mri_healthy (1745).jpg,Brain Tumor MRI images/Healthy/mri_healthy (1745).jpg,0,Healthy,MRI,f2de2f425f3bb3992229478d49d3ca7e10d1a0a32f301d88c8e5b93873538e12,1
C:\Users\dondo\OneDrive\Documents\ADBU CSE(AI & ML)\5th sem\Minor Project\Project Prototype\Brain-Tumor-Minor-Project\dataset\Brain Tumor MRI images\Healthy\mri_healthy (1747).jpg,Brain Tumor MRI images/Healthy/mri_healthy (1747).jpg,0,Healthy,MRI,7b7fcf8f635b7328153076258bd5fddc6562c43bf24614148c2440a1d2062d26,1
C:\Users\dondo\OneDrive\Documents\ADBU CSE(AI & ML)\5th sem\Minor Project\Project Prototype\Brain-Tumor-Minor-Project\dataset\Brain Tumor MRI images\Healthy\mri_healthy (1748).jpg,Brain Tumor MRI images/Healthy/mri_healthy (1748).jpg,0,Healthy,MRI,faa1644d7275469310aceeb80795b5fed741df6b47cd6ab6565298620d6c469c,1
C:\Users\dondo\OneDrive\Documents\ADBU CSE(AI & ML)\5th sem\Minor Project\Project Prototype\Brain-Tumor-Minor-Project\dataset\Brain Tumor MRI images\Healthy\mri_healthy (1749).jpg,Brain Tumor MRI images/Healthy/mri_healthy (1749).jpg,0,Healthy,MRI,fcb7cd50be588701514cf9b3a5e25721d54cf3df921548f4b04febac65c526ce,1
C:\Users\dondo\OneDrive\Documents\ADBU CSE(AI & ML)\5th sem\Minor Project\Project Prototype\Brain-Tumor-Minor-Project\dataset\Brain Tumor MRI images\Healthy\mri_healthy (175).jpg,Brain Tumor MRI images/Healthy/mri_healthy (175).jpg,0,Healthy,MRI,be7b49be95a65f2d97460aefd45bb462519b8a38de22e6195ba1ffdfd8c64c40,3
C:\Users\dondo\OneDrive\Documents\ADBU CSE(AI & ML)\5th sem\Minor Project\Project Prototype\Brain-Tumor-Minor-Project\dataset\Brain Tumor MRI images\Healthy\mri_healthy (1750).jpg,Brain Tumor MRI images/Healthy/mri_healthy (1750).jpg,0,Healthy,MRI,03c103deb384241129d3ff041a75183af771fa1591da3ab60bd23e292928ec6c,1
C:\Users\dondo\OneDrive\Documents\ADBU CSE(AI & ML)\5th sem\Minor Project\Project Prototype\Brain-Tumor-Minor-Project\dataset\Brain Tumor MRI images\Healthy\mri_healthy (1752).jpg,Brain Tumor MRI images/Healthy/mri_healthy (1752).jpg,0,Healthy,MRI,29ed9a897d633c24f388e753b6f81b9fa91ade7ba97b351f106b3fe954c0c036,1
C:\Users\dondo\OneDrive\Documents\ADBU CSE(AI & ML)\5th sem\Minor Project\Project Prototype\Brain-Tumor-Minor-Project\dataset\Brain Tumor MRI images\Healthy\mri_healthy (1753).jpg,Brain Tumor MRI images/Healthy/mri_healthy (1753).jpg,0,Healthy,MRI,834db082aecf03f2310a9599b16642f5f3a4d76da639d92bd083305cad59111e,1
C:\Users\dondo\OneDrive\Documents\ADBU CSE(AI & ML)\5th sem\Minor Project\Project Prototype\Brain-Tumor-Minor-Project\dataset\Brain Tumor MRI images\Healthy\mri_healthy (1754).jpg,Brain Tumor MRI images/Healthy/mri_healthy (1754).jpg,0,Healthy,MRI,7d3ed9bbd82529237c3a31107966ecad504ffb5d3ed73ba36d19d8cd1d8e0d48,1
C:\Users\dondo\OneDrive\Documents\ADBU CSE(AI & ML)\5th sem\Minor Project\Project Prototype\Brain-Tumor-Minor-Project\dataset\Brain Tumor MRI images\Healthy\mri_healthy (1755).jpg,Brain Tumor MRI images/Healthy/mri_healthy (1755).jpg,0,Healthy,MRI,cfadafdd993e776771e13f5e398f295c662fdce13df92524fadc4c28c0a95a4a,1
C:\Users\dondo\OneDrive\Documents\ADBU CSE(AI & ML)\5th sem\Minor Project\Project Prototype\Brain-Tumor-Minor-Project\dataset\Brain Tumor MRI images\Healthy\mri_healthy (1756).jpg,Brain Tumor MRI images/Healthy/mri_healthy (1756).jpg,0,Healthy,MRI,a9dc1b9d61bdf2bcc9ff786cc211774f8e05a97343c837d6da93fce545e1f09e,1
C:\Users\dondo\OneDrive\Documents\ADBU CSE(AI & ML)\5th sem\Minor Project\Project Prototype\Brain-Tumor-Minor-Project\dataset\Brain Tumor MRI images\Healthy\mri_healthy (1757).jpg,Brain Tumor MRI images/Healthy/mri_healthy (1757).jpg,0,Healthy,MRI,ba7002495f10faabd61751b0acda4545a4c7e95f2f2a09b002f4ee3a572a5031,1
C:\Users\dondo\OneDrive\Documents\ADBU CSE(AI & ML)\5th sem\Minor Project\Project Prototype\Brain-Tumor-Minor-Project\dataset\Brain Tumor MRI images\Healthy\mri_healthy (1758).jpg,Brain Tumor MRI images/Healthy/mri_healthy (1758).jpg,0,Healthy,MRI,93f59c5b88dca15896cc04f9ee23a7ed580d2f46b1162e62f28e2026324fe002,1
C:\Users\dondo\OneDrive\Documents\ADBU CSE(AI & ML)\5th sem\Minor Project\Project Prototype\Brain-Tumor-Minor-Project\dataset\Brain Tumor MRI images\Healthy\mri_healthy (1759).jpg,Brain Tumor MRI images/Healthy/mri_healthy (1759).jpg,0,Healthy,MRI,428c6e2a538eced2a14f9f3cd63534f10be023565bc4c611a76d8bf651195c67,1
C:\Users\dondo\OneDrive\Documents\ADBU CSE(AI & ML)\5th sem\Minor Project\Project Prototype\Brain-Tumor-Minor-Project\dataset\Brain Tumor MRI images\Healthy\mri_healthy (176).jpg,Brain Tumor MRI images/Healthy/mri_healthy (176).jpg,0,Healthy,MRI,bbbc6a2f5a8374c943f07e0becfb294b3e3334112c9db844bf04e6f665026cde,1
C:\Users\dondo\OneDrive\Documents\ADBU CSE(AI & ML)\5th sem\Minor Project\Project Prototype\Brain-Tumor-Minor-Project\dataset\Brain Tumor MRI images\Healthy\mri_healthy (1760).jpg,Brain Tumor MRI images/Healthy/mri_healthy (1760).jpg,0,Healthy,MRI,84d46119ac6576ace21ef904553037e30b4c3c44b45b74e17ef04d908b51ee80,1
C:\Users\dondo\OneDrive\Documents\ADBU CSE(AI & ML)\5th sem\Minor Project\Project Prototype\Brain-Tumor-Minor-Project\dataset\Brain Tumor MRI images\Healthy\mri_healthy (1761).jpg,Brain Tumor MRI images/Healthy/mri_healthy (1761).jpg,0,Healthy,MRI,08e096f199049b3f1b99f6531e49b09898220f7aa37b7f8f45a55e34c8aed6e0,1
C:\Users\dondo\OneDrive\Documents\ADBU CSE(AI & ML)\5th sem\Minor Project\Project Prototype\Brain-Tumor-Minor-Project\dataset\Brain Tumor MRI images\Healthy\mri_healthy (1762).jpg,Brain Tumor MRI images/Healthy/mri_healthy (1762).jpg,0,Healthy,MRI,8ecda324dfa8c3f67097bc3d520ae91b1ef587796bcab7ae3bd03f44c7ad539b,1
C:\Users\dondo\OneDrive\Documents\ADBU CSE(AI & ML)\5th sem\Minor Project\Project Prototype\Brain-Tumor-Minor-Project\dataset\Brain Tumor MRI images\Healthy\mri_healthy (1766).jpg,Brain Tumor MRI images/Healthy/mri_healthy (1766).jpg,0,Healthy,MRI,342d3cce7b3cdc691766a7f1ea7df73ad66c39e2956310e907ff9e6fb3cd332f,1
C:\Users\dondo\OneDrive\Documents\ADBU CSE(AI & ML)\5th sem\Minor Project\Project Prototype\Brain-Tumor-Minor-Project\dataset\Brain Tumor MRI images\Healthy\mri_healthy (1767).jpg,Brain Tumor MRI images/Healthy/mri_healthy (1767).jpg,0,Healthy,MRI,6cbb1f1cf0aa91c28f78bbc17fe11b65af8d21f071e4f8c7c0fc3982a36e068b,1
C:\Users\dondo\OneDrive\Documents\ADBU CSE(AI & ML)\5th sem\Minor Project\Project Prototype\Brain-Tumor-Minor-Project\dataset\Brain Tumor MRI images\Healthy\mri_healthy (177).jpg,Brain Tumor MRI images/Healthy/mri_healthy (177).jpg,0,Healthy,MRI,522208a47b435e5ce8332710e4fe72888f6a633b8af9ccc628b93bfc8f6d08ff,2
C:\Users\dondo\OneDrive\Documents\ADBU CSE(AI & ML)\5th sem\Minor Project\Project Prototype\Brain-Tumor-Minor-Project\dataset\Brain Tumor MRI images\Healthy\mri_healthy (1770).jpg,Brain Tumor MRI images/Healthy/mri_healthy (1770).jpg,0,Healthy,MRI,e7104cf03a0918840f020ffd6e728312e799235b0b9af04ecdcf4200b669e39b,1
C:\Users\dondo\OneDrive\Documents\ADBU CSE(AI & ML)\5th sem\Minor Project\Project Prototype\Brain-Tumor-Minor-Project\dataset\Brain Tumor MRI images\Healthy\mri_healthy (1771).jpg,Brain Tumor MRI images/Healthy/mri_healthy (1771).jpg,0,Healthy,MRI,7779387d140bce1db722f1c938c6597dd716c7730fd5f904b7723ee7bdaee886,1
C:\Users\dondo\OneDrive\Documents\ADBU CSE(AI & ML)\5th sem\Minor Project\Project Prototype\Brain-Tumor-Minor-Project\dataset\Brain Tumor MRI images\Healthy\mri_healthy (1772).jpg,Brain Tumor MRI images/Healthy/mri_healthy (1772).jpg,0,Healthy,MRI,03bb9c99ad697aa275960fbd9e11dc1bd23ae388fde6b6ea27bc3f67002768fc,1
C:\Users\dondo\OneDrive\Documents\ADBU CSE(AI & ML)\5th sem\Minor Project\Project Prototype\Brain-Tumor-Minor-Project\dataset\Brain Tumor MRI images\Healthy\mri_healthy (1773).jpg,Brain Tumor MRI images/Healthy/mri_healthy (1773).jpg,0,Healthy,MRI,1a5136c4d73f9bb927df2aa8107db8987077758e0e91bac72633fa767cac785d,1
C:\Users\dondo\OneDrive\Documents\ADBU CSE(AI & ML)\5th sem\Minor Project\Project Prototype\Brain-Tumor-Minor-Project\dataset\Brain Tumor MRI images\Healthy\mri_healthy (1774).jpg,Brain Tumor MRI images/Healthy/mri_healthy (1774).jpg,0,Healthy,MRI,4e8128f0ab7851669e46d62f1ce1b51dbcae2d24b1b13fe29efc0146c218364c,1
C:\Users\dondo\OneDrive\Documents\ADBU CSE(AI & ML)\5th sem\Minor Project\Project Prototype\Brain-Tumor-Minor-Project\dataset\Brain Tumor MRI images\Healthy\mri_healthy (1775).jpg,Brain Tumor MRI images/Healthy/mri_healthy (1775).jpg,0,Healthy,MRI,f8023e2a47e97478a24ab4374a6f1d27d5f3a9a98c8752e796887f32a5e5b66e,1
C:\Users\dondo\OneDrive\Documents\ADBU CSE(AI & ML)\5th sem\Minor Project\Project Prototype\Brain-Tumor-Minor-Project\dataset\Brain Tumor MRI images\Healthy\mri_healthy (1777).jpg,Brain Tumor MRI images/Healthy/mri_healthy (1777).jpg,0,Healthy,MRI,d144a1a4272ccd429089664ca8e772afc3864714b2105f2cddfbdc88e5e8d59e,1
C:\Users\dondo\OneDrive\Documents\ADBU CSE(AI & ML)\5th sem\Minor Project\Project Prototype\Brain-Tumor-Minor-Project\dataset\Brain Tumor MRI images\Healthy\mri_healthy (1779).jpg,Brain Tumor MRI images/Healthy/mri_healthy (1779).jpg,0,Healthy,MRI,7aa1699982c823d0f2de7f11f0a946404d6aa59903639b6c841322d9ee40f1a0,1
C:\Users\dondo\OneDrive\Documents\ADBU CSE(AI & ML)\5th sem\Minor Project\Project Prototype\Brain-Tumor-Minor-Project\dataset\Brain Tumor MRI images\Healthy\mri_healthy (1780).jpg,Brain Tumor MRI images/Healthy/mri_healthy (1780).jpg,0,Healthy,MRI,5f5390a3d81bdc854e5e498bfff76886d22c09112eeb2399b83faae4d70442e3,1
C:\Users\dondo\OneDrive\Documents\ADBU CSE(AI & ML)\5th sem\Minor Project\Project Prototype\Brain-Tumor-Minor-Project\dataset\Brain Tumor MRI images\Healthy\mri_healthy (1781).jpg,Brain Tumor MRI images/Healthy/mri_healthy (1781).jpg,0,Healthy,MRI,57aa3dae272093eb5efa407adf578957c666b056c2dad06c0f11ae2656c9eae8,1
C:\Users\dondo\OneDrive\Documents\ADBU CSE(AI & ML)\5th sem\Minor Project\Project Prototype\Brain-Tumor-Minor-Project\dataset\Brain Tumor MRI images\Healthy\mri_healthy (1782).jpg,Brain Tumor MRI images/Healthy/mri_healthy (1782).jpg,0,Healthy,MRI,7b931c3dc87c0650bbde75c91cbca6c235d6192b2e7a350492f82f798f055415,1
C:\Users\dondo\OneDrive\Documents\ADBU CSE(AI & ML)\5th sem\Minor Project\Project Prototype\Brain-Tumor-Minor-Project\dataset\Brain Tumor MRI images\Healthy\mri_healthy (1784).jpg,Brain Tumor MRI images/Healthy/mri_healthy (1784).jpg,0,Healthy,MRI,b1da8fe4e26b93b3fadab285538d4578e25cd114bb6e763477657f2be5688f95,1
C:\Users\dondo\OneDrive\Documents\ADBU CSE(AI & ML)\5th sem\Minor Project\Project Prototype\Brain-Tumor-Minor-Project\dataset\Brain Tumor MRI images\Healthy\mri_healthy (1786).jpg,Brain Tumor MRI images/Healthy/mri_healthy (1786).jpg,0,Healthy,MRI,8570d5134cffb9b72564702663cae2968a0d3bea506ac083db9f8ca46f992026,1
C:\Users\dondo\OneDrive\Documents\ADBU CSE(AI & ML)\5th sem\Minor Project\Project Prototype\Brain-Tumor-Minor-Project\dataset\Brain Tumor MRI images\Healthy\mri_healthy (1787).jpg,Brain Tumor MRI images/Healthy/mri_healthy (1787).jpg,0,Healthy,MRI,69c42f6c43bd792901c446df8bb12bcd3c49b4f40dfcba623c7e8ffcdb52aa24,1
C:\Users\dondo\OneDrive\Documents\ADBU CSE(AI & ML)\5th sem\Minor Project\Project Prototype\Brain-Tumor-Minor-Project\dataset\Brain Tumor MRI images\Healthy\mri_healthy (1790).jpg,Brain Tumor MRI images/Healthy/mri_healthy (1790).jpg,0,Healthy,MRI,b15170faec1cda7cf01d47b472700acd098d7ea8702b6b33592d7f3a4bae7c9c,1
C:\Users\dondo\OneDrive\Documents\ADBU CSE(AI & ML)\5th sem\Minor Project\Project Prototype\Brain-Tumor-Minor-Project\dataset\Brain Tumor MRI images\Healthy\mri_healthy (1791).jpg,Brain Tumor MRI images/Healthy/mri_healthy (1791).jpg,0,Healthy,MRI,1afeb2b05c3047a0aadd48adbbdb4cfc4b9a973e441f3513d7798a82c5bc47c3,1
C:\Users\dondo\OneDrive\Documents\ADBU CSE(AI & ML)\5th sem\Minor Project\Project Prototype\Brain-Tumor-Minor-Project\dataset\Brain Tumor MRI images\Healthy\mri_healthy (1792).jpg,Brain Tumor MRI images/Healthy/mri_healthy (1792).jpg,0,Healthy,MRI,9abfd64736b07d86d5b188f0757e5ac7b57429b6d11ca46d072d90fff2b592b6,1
C:\Users\dondo\OneDrive\Documents\ADBU CSE(AI & ML)\5th sem\Minor Project\Project Prototype\Brain-Tumor-Minor-Project\dataset\Brain Tumor MRI images\Healthy\mri_healthy (1793).jpg,Brain Tumor MRI images/Healthy/mri_healthy (1793).jpg,0,Healthy,MRI,658b9dbd6d87170f19ae33bcb2e9d7d211aba7be45c0a5069df271002d125a23,1
C:\Users\dondo\OneDrive\Documents\ADBU CSE(AI & ML)\5th sem\Minor Project\Project Prototype\Brain-Tumor-Minor-Project\dataset\Brain Tumor MRI images\Healthy\mri_healthy (1794).jpg,Brain Tumor MRI images/Healthy/mri_healthy (1794).jpg,0,Healthy,MRI,21fd26b23c30b4f39052dd1cccfaa6a73e453d300bcf4dd64e5491022c799acc,1
C:\Users\dondo\OneDrive\Documents\ADBU CSE(AI & ML)\5th sem\Minor Project\Project Prototype\Brain-Tumor-Minor-Project\dataset\Brain Tumor MRI images\Healthy\mri_healthy (1795).jpg,Brain Tumor MRI images/Healthy/mri_healthy (1795).jpg,0,Healthy,MRI,c4a3cf42c2c5a22ae6017faebad04c285331b375c6916a7f59564231b9ef19b2,1
C:\Users\dondo\OneDrive\Documents\ADBU CSE(AI & ML)\5th sem\Minor Project\Project Prototype\Brain-Tumor-Minor-Project\dataset\Brain Tumor MRI images\Healthy\mri_healthy (1796).jpg,Brain Tumor MRI images/Healthy/mri_healthy (1796).jpg,0,Healthy,MRI,c6f75a9e39f9f81945a1077e20d530972f8c2915d0fd2af7e1d4e2923f6c75ee,1
C:\Users\dondo\OneDrive\Documents\ADBU CSE(AI & ML)\5th sem\Minor Project\Project Prototype\Brain-Tumor-Minor-Project\dataset\Brain Tumor MRI images\Healthy\mri_healthy (1799).jpg,Brain Tumor MRI images/Healthy/mri_healthy (1799).jpg,0,Healthy,MRI,da52822857f624458165dde147c7ea3a92eb42276d8dceb86423ea9ee52211c7,1
C:\Users\dondo\OneDrive\Documents\ADBU CSE(AI & ML)\5th sem\Minor Project\Project Prototype\Brain-Tumor-Minor-Project\dataset\Brain Tumor MRI images\Healthy\mri_healthy (18).jpg,Brain Tumor MRI images/Healthy/mri_healthy (18).jpg,0,Healthy,MRI,70c678615593e01ae868c6a4e5e509227ee29d97b0856f7b914d881cc93c5a02,1
C:\Users\dondo\OneDrive\Documents\ADBU CSE(AI & ML)\5th sem\Minor Project\Project Prototype\Brain-Tumor-Minor-Project\dataset\Brain Tumor MRI images\Healthy\mri_healthy (1800).jpg,Brain Tumor MRI images/Healthy/mri_healthy (1800).jpg,0,Healthy,MRI,07e97dbec5353fbbe52d0b0f6ef883ee04d9e801f007a5388b0ac0ca533a94a3,1
C:\Users\dondo\OneDrive\Documents\ADBU CSE(AI & ML)\5th sem\Minor Project\Project Prototype\Brain-Tumor-Minor-Project\dataset\Brain Tumor MRI images\Healthy\mri_healthy (1801).jpg,Brain Tumor MRI images/Healthy/mri_healthy (1801).jpg,0,Healthy,MRI,3417884d961b2682563c8f62839ced0e3697b21ff129ea1823be7811a09ccc19,1
C:\Users\dondo\OneDrive\Documents\ADBU CSE(AI & ML)\5th sem\Minor Project\Project Prototype\Brain-Tumor-Minor-Project\dataset\Brain Tumor MRI images\Healthy\mri_healthy (1802).jpg,Brain Tumor MRI images/Healthy/mri_healthy (1802).jpg,0,Healthy,MRI,0da2d14203ca846b6299fc07a0f42a3918afb25fbffeb573f491036b4d6f628e,1
C:\Users\dondo\OneDrive\Documents\ADBU CSE(AI & ML)\5th sem\Minor Project\Project Prototype\Brain-Tumor-Minor-Project\dataset\Brain Tumor MRI images\Healthy\mri_healthy (1804).jpg,Brain Tumor MRI images/Healthy/mri_healthy (1804).jpg,0,Healthy,MRI,01f6e4a3aafdaac39be8f0b8f9602f7686a5fbc9c321e65bf8b5df081fb18528,1
C:\Users\dondo\OneDrive\Documents\ADBU CSE(AI & ML)\5th sem\Minor Project\Project Prototype\Brain-Tumor-Minor-Project\dataset\Brain Tumor MRI images\Healthy\mri_healthy (1805).jpg,Brain Tumor MRI images/Healthy/mri_healthy (1805).jpg,0,Healthy,MRI,cbf2da8c6f0e9324fdcd07218a82848dee6acf0a6c317ff20bec7dcb1d30f340,1
C:\Users\dondo\OneDrive\Documents\ADBU CSE(AI & ML)\5th sem\Minor Project\Project Prototype\Brain-Tumor-Minor-Project\dataset\Brain Tumor MRI images\Healthy\mri_healthy (1808).jpg,Brain Tumor MRI images/Healthy/mri_healthy (1808).jpg,0,Healthy,MRI,2d0c621b0f3868cd99c6f80a27d871ac054259363582d143fce392ba7d75e6d0,1
C:\Users\dondo\OneDrive\Documents\ADBU CSE(AI & ML)\5th sem\Minor Project\Project Prototype\Brain-Tumor-Minor-Project\dataset\Brain Tumor MRI images\Healthy\mri_healthy (1809).jpg,Brain Tumor MRI images/Healthy/mri_healthy (1809).jpg,0,Healthy,MRI,9c8edb64bca8f43dd9b46acebf522300161150324c4071fa9545208d9e60301a,1
C:\Users\dondo\OneDrive\Documents\ADBU CSE(AI & ML)\5th sem\Minor Project\Project Prototype\Brain-Tumor-Minor-Project\dataset\Brain Tumor MRI images\Healthy\mri_healthy (181).jpg,Brain Tumor MRI images/Healthy/mri_healthy (181).jpg,0,Healthy,MRI,b03b126431a647ffe2bd32a11e16382a8f99973d6389aa1346f4ac68126204ee,1
C:\Users\dondo\OneDrive\Documents\ADBU CSE(AI & ML)\5th sem\Minor Project\Project Prototype\Brain-Tumor-Minor-Project\dataset\Brain Tumor MRI images\Healthy\mri_healthy (1811).jpg,Brain Tumor MRI images/Healthy/mri_healthy (1811).jpg,0,Healthy,MRI,fe9912cb2a3bbf99e64c6674791db7c6d926d465387208ce20f2b4b87efd6d7c,1
C:\Users\dondo\OneDrive\Documents\ADBU CSE(AI & ML)\5th sem\Minor Project\Project Prototype\Brain-Tumor-Minor-Project\dataset\Brain Tumor MRI images\Healthy\mri_healthy (1813).jpg,Brain Tumor MRI images/Healthy/mri_healthy (1813).jpg,0,Healthy,MRI,3d2e27086db6e9797258b3d352df32cc3a4a20f6038a9bf18dbc1472915177a6,1
C:\Users\dondo\OneDrive\Documents\ADBU CSE(AI & ML)\5th sem\Minor Project\Project Prototype\Brain-Tumor-Minor-Project\dataset\Brain Tumor MRI images\Healthy\mri_healthy (1815).jpg,Brain Tumor MRI images/Healthy/mri_healthy (1815).jpg,0,Healthy,MRI,92798602663bb77a4849b098abede41c448e235b74d9c34f14424d3046619748,1
C:\Users\dondo\OneDrive\Documents\ADBU CSE(AI & ML)\5th sem\Minor Project\Project Prototype\Brain-Tumor-Minor-Project\dataset\Brain Tumor MRI images\Healthy\mri_healthy (1816).jpg,Brain Tumor MRI images/Healthy/mri_healthy (1816).jpg,0,Healthy,MRI,1f55f2b11d511fb1cc425db152b7932ad057c3783674512875ea9f4435787902,1
C:\Users\dondo\OneDrive\Documents\ADBU CSE(AI & ML)\5th sem\Minor Project\Project Prototype\Brain-Tumor-Minor-Project\dataset\Brain Tumor MRI images\Healthy\mri_healthy (1818).jpg,Brain Tumor MRI images/Healthy/mri_healthy (1818).jpg,0,Healthy,MRI,14c87d2077e57a62532215c91e53e34ed51f6a784f5750a917ef91852d2ce9dc,1
C:\Users\dondo\OneDrive\Documents\ADBU CSE(AI & ML)\5th sem\Minor Project\Project Prototype\Brain-Tumor-Minor-Project\dataset\Brain Tumor MRI images\Healthy\mri_healthy (182).jpg,Brain Tumor MRI images/Healthy/mri_healthy (182).jpg,0,Healthy,MRI,f749c7797715c8bf7445f42076ea74fc4d224ed2d14482b6cb695e4fa8d5f474,1
C:\Users\dondo\OneDrive\Documents\ADBU CSE(AI & ML)\5th sem\Minor Project\Project Prototype\Brain-Tumor-Minor-Project\dataset\Brain Tumor MRI images\Healthy\mri_healthy (1820).jpg,Brain Tumor MRI images/Healthy/mri_healthy (1820).jpg,0,Healthy,MRI,7d135e07239574ba51c8651b790b6c664fd99ee3130f95194fe4c085123095e8,1
C:\Users\dondo\OneDrive\Documents\ADBU CSE(AI & ML)\5th sem\Minor Project\Project Prototype\Brain-Tumor-Minor-Project\dataset\Brain Tumor MRI images\Healthy\mri_healthy (1821).jpg,Brain Tumor MRI images/Healthy/mri_healthy (1821).jpg,0,Healthy,MRI,36c69ebf62395f88607b82f7a9ebb541f8afde5ea753316bcaa7daacc0ad4dac,1
C:\Users\dondo\OneDrive\Documents\ADBU CSE(AI & ML)\5th sem\Minor Project\Project Prototype\Brain-Tumor-Minor-Project\dataset\Brain Tumor MRI images\Healthy\mri_healthy (1824).jpg,Brain Tumor MRI images/Healthy/mri_healthy (1824).jpg,0,Healthy,MRI,4999b1319219afd5b9cea87c5003d3a2a1e37981e4d113e4f319c1ad0243bb40,1
C:\Users\dondo\OneDrive\Documents\ADBU CSE(AI & ML)\5th sem\Minor Project\Project Prototype\Brain-Tumor-Minor-Project\dataset\Brain Tumor MRI images\Healthy\mri_healthy (1825).jpg,Brain Tumor MRI images/Healthy/mri_healthy (1825).jpg,0,Healthy,MRI,4869859df6f30d2e66086a420701aafb72b7cc616c7544a84bf54b28a0145d14,1
C:\Users\dondo\OneDrive\Documents\ADBU CSE(AI & ML)\5th sem\Minor Project\Project Prototype\Brain-Tumor-Minor-Project\dataset\Brain Tumor MRI images\Healthy\mri_healthy (1826).jpg,Brain Tumor MRI images/Healthy/mri_healthy (1826).jpg,0,Healthy,MRI,619ec7d3c65308e8673bd3dfe3d193499262093974d565f88a47bc2419cb3400,1
C:\Users\dondo\OneDrive\Documents\ADBU CSE(AI & ML)\5th sem\Minor Project\Project Prototype\Brain-Tumor-Minor-Project\dataset\Brain Tumor MRI images\Healthy\mri_healthy (1828).jpg,Brain Tumor MRI images/Healthy/mri_healthy (1828).jpg,0,Healthy,MRI,0b048e3ce5d4cfda7c432c524bbcad3d803a41e2f68e9b454024c84c5be22cbb,2
C:\Users\dondo\OneDrive\Documents\ADBU CSE(AI & ML)\5th sem\Minor Project\Project Prototype\Brain-Tumor-Minor-Project\dataset\Brain Tumor MRI images\Healthy\mri_healthy (183).jpg,Brain Tumor MRI images/Healthy/mri_healthy (183).jpg,0,Healthy,MRI,358bd5c6eab5a2a878a3ce82445476cb0fd0b4df36e9e4223e251ba2bc289f20,3
C:\Users\dondo\OneDrive\Documents\ADBU CSE(AI & ML)\5th sem\Minor Project\Project Prototype\Brain-Tumor-Minor-Project\dataset\Brain Tumor MRI images\Healthy\mri_healthy (1830).jpg,Brain Tumor MRI images/Healthy/mri_healthy (1830).jpg,0,Healthy,MRI,f1a7d06cc95ab62c362b48875dea1c4f35e99dd9bc23d667ad35efc213ea3742,1
C:\Users\dondo\OneDrive\Documents\ADBU CSE(AI & ML)\5th sem\Minor Project\Project Prototype\Brain-Tumor-Minor-Project\dataset\Brain Tumor MRI images\Healthy\mri_healthy (1831).jpg,Brain Tumor MRI images/Healthy/mri_healthy (1831).jpg,0,Healthy,MRI,c8fb9c6460ef410858fa717c1ab5f5d4828e51d3af2d59cc2982b1d5e14b840b,1
C:\Users\dondo\OneDrive\Documents\ADBU CSE(AI & ML)\5th sem\Minor Project\Project Prototype\Brain-Tumor-Minor-Project\dataset\Brain Tumor MRI images\Healthy\mri_healthy (1832).jpg,Brain Tumor MRI images/Healthy/mri_healthy (1832).jpg,0,Healthy,MRI,ab52edaeddcac991282973ad17b95a0d2afabbad4d9ddfe8258cfdb558016637,1
C:\Users\dondo\OneDrive\Documents\ADBU CSE(AI & ML)\5th sem\Minor Project\Project Prototype\Brain-Tumor-Minor-Project\dataset\Brain Tumor MRI images\Healthy\mri_healthy (1833).jpg,Brain Tumor MRI images/Healthy/mri_healthy (1833).jpg,0,Healthy,MRI,d1e9db397eba28f5d1156b2c45cda4b16829577750ee5edbcca1bbb4b3da0794,2
C:\Users\dondo\OneDrive\Documents\ADBU CSE(AI & ML)\5th sem\Minor Project\Project Prototype\Brain-Tumor-Minor-Project\dataset\Brain Tumor MRI images\Healthy\mri_healthy (1835).jpg,Brain Tumor MRI images/Healthy/mri_healthy (1835).jpg,0,Healthy,MRI,50126bf62fc02a8d2a73941ea1cddc7f01510852e01e61a6da2e7fe89e08865e,1
C:\Users\dondo\OneDrive\Documents\ADBU CSE(AI & ML)\5th sem\Minor Project\Project Prototype\Brain-Tumor-Minor-Project\dataset\Brain Tumor MRI images\Healthy\mri_healthy (1836).jpg,Brain Tumor MRI images/Healthy/mri_healthy (1836).jpg,0,Healthy,MRI,124087407d6963f06d54d44a9dbfd710fcd127aa2dc7e57080d0a238b7a16499,1
C:\Users\dondo\OneDrive\Documents\ADBU CSE(AI & ML)\5th sem\Minor Project\Project Prototype\Brain-Tumor-Minor-Project\dataset\Brain Tumor MRI images\Healthy\mri_healthy (1837).jpg,Brain Tumor MRI images/Healthy/mri_healthy (1837).jpg,0,Healthy,MRI,67d1c8c2f09a78feafebbc20c3753b2b557f6f31ca32279b3d85117137ee2760,1
C:\Users\dondo\OneDrive\Documents\ADBU CSE(AI & ML)\5th sem\Minor Project\Project Prototype\Brain-Tumor-Minor-Project\dataset\Brain Tumor MRI images\Healthy\mri_healthy (1838).jpg,Brain Tumor MRI images/Healthy/mri_healthy (1838).jpg,0,Healthy,MRI,05dd7e959136e0832a7aa000825529956c7b6255fcef97b9b92c38266b77a453,1
C:\Users\dondo\OneDrive\Documents\ADBU CSE(AI & ML)\5th sem\Minor Project\Project Prototype\Brain-Tumor-Minor-Project\dataset\Brain Tumor MRI images\Healthy\mri_healthy (1839).jpg,Brain Tumor MRI images/Healthy/mri_healthy (1839).jpg,0,Healthy,MRI,ac1439842e8a4df8a961f850cfa2eac0321d2a9ae626cfb95b64ba7a33212076,2
C:\Users\dondo\OneDrive\Documents\ADBU CSE(AI & ML)\5th sem\Minor Project\Project Prototype\Brain-Tumor-Minor-Project\dataset\Brain Tumor MRI images\Healthy\mri_healthy (1841).jpg,Brain Tumor MRI images/Healthy/mri_healthy (1841).jpg,0,Healthy,MRI,1078c732eff6883e3db6c562b5b50dfb68ba9a74b6ea49ca9595e12fe53b54c4,1
C:\Users\dondo\OneDrive\Documents\ADBU CSE(AI & ML)\5th sem\Minor Project\Project Prototype\Brain-Tumor-Minor-Project\dataset\Brain Tumor MRI images\Healthy\mri_healthy (1842).jpg,Brain Tumor MRI images/Healthy/mri_healthy (1842).jpg,0,Healthy,MRI,534da970738cf2897d8fa9a9b5e36a4a45f674018a4cd51756aea4a5241907d8,1
C:\Users\dondo\OneDrive\Documents\ADBU CSE(AI & ML)\5th sem\Minor Project\Project Prototype\Brain-Tumor-Minor-Project\dataset\Brain Tumor MRI images\Healthy\mri_healthy (1843).jpg,Brain Tumor MRI images/Healthy/mri_healthy (1843).jpg,0,Healthy,MRI,8e32a8ba56648406acb94a24fe5022766d4c0023d1bb49fba79e65bc36f9b9a2,1
C:\Users\dondo\OneDrive\Documents\ADBU CSE(AI & ML)\5th sem\Minor Project\Project Prototype\Brain-Tumor-Minor-Project\dataset\Brain Tumor MRI images\Healthy\mri_healthy (1844).jpg,Brain Tumor MRI images/Healthy/mri_healthy (1844).jpg,0,Healthy,MRI,998e1573bff074902cce6e790ebdf6e115477a3d574f05cac0006db26ddc795d,1
C:\Users\dondo\OneDrive\Documents\ADBU CSE(AI & ML)\5th sem\Minor Project\Project Prototype\Brain-Tumor-Minor-Project\dataset\Brain Tumor MRI images\Healthy\mri_healthy (1845).jpg,Brain Tumor MRI images/Healthy/mri_healthy (1845).jpg,0,Healthy,MRI,ad25a4fea67a5b521955499381869e0474db6f543b1cd8daf7866c7c4b5c8c58,1
C:\Users\dondo\OneDrive\Documents\ADBU CSE(AI & ML)\5th sem\Minor Project\Project Prototype\Brain-Tumor-Minor-Project\dataset\Brain Tumor MRI images\Healthy\mri_healthy (1847).jpg,Brain Tumor MRI images/Healthy/mri_healthy (1847).jpg,0,Healthy,MRI,aed37d89d0f678291c4c86bfb59a6fbbd539ab50cf807caf0e9bf2f038752249,1
C:\Users\dondo\OneDrive\Documents\ADBU CSE(AI & ML)\5th sem\Minor Project\Project Prototype\Brain-Tumor-Minor-Project\dataset\Brain Tumor MRI images\Healthy\mri_healthy (1848).jpg,Brain Tumor MRI images/Healthy/mri_healthy (1848).jpg,0,Healthy,MRI,9561ec8adfadc55b0e5ff07eb2b32ed3e0dc5fb89cc96a65a35e597728e54dec,1
C:\Users\dondo\OneDrive\Documents\ADBU CSE(AI & ML)\5th sem\Minor Project\Project Prototype\Brain-Tumor-Minor-Project\dataset\Brain Tumor MRI images\Healthy\mri_healthy (1849).jpg,Brain Tumor MRI images/Healthy/mri_healthy (1849).jpg,0,Healthy,MRI,255308e8a1783223ff317744c2ea14fb8157fc90d93e520c308377246986f7ae,1
C:\Users\dondo\OneDrive\Documents\ADBU CSE(AI & ML)\5th sem\Minor Project\Project Prototype\Brain-Tumor-Minor-Project\dataset\Brain Tumor MRI images\Healthy\mri_healthy (185).jpg,Brain Tumor MRI images/Healthy/mri_healthy (185).jpg,0,Healthy,MRI,02802d3848ea83697ed84d89cd879dae6a5419206482716173b3992634c685d0,1
C:\Users\dondo\OneDrive\Documents\ADBU CSE(AI & ML)\5th sem\Minor Project\Project Prototype\Brain-Tumor-Minor-Project\dataset\Brain Tumor MRI images\Healthy\mri_healthy (1850).jpg,Brain Tumor MRI images/Healthy/mri_healthy (1850).jpg,0,Healthy,MRI,384454360e0fccee495e7053b7bc680370ec3542a9e07bd934d7abc9b7e8f1fe,1
C:\Users\dondo\OneDrive\Documents\ADBU CSE(AI & ML)\5th sem\Minor Project\Project Prototype\Brain-Tumor-Minor-Project\dataset\Brain Tumor MRI images\Healthy\mri_healthy (1851).jpg,Brain Tumor MRI images/Healthy/mri_healthy (1851).jpg,0,Healthy,MRI,efb3c3916e81dfe696832d0a8f8192b95b150930e856582ab241e04897c30098,1
C:\Users\dondo\OneDrive\Documents\ADBU CSE(AI & ML)\5th sem\Minor Project\Project Prototype\Brain-Tumor-Minor-Project\dataset\Brain Tumor MRI images\Healthy\mri_healthy (1852).jpg,Brain Tumor MRI images/Healthy/mri_healthy (1852).jpg,0,Healthy,MRI,3f0e57ddf3de34693e721ff3e1967a17d382d5614a8c6d7fe642acb95680b5e0,1
C:\Users\dondo\OneDrive\Documents\ADBU CSE(AI & ML)\5th sem\Minor Project\Project Prototype\Brain-Tumor-Minor-Project\dataset\Brain Tumor MRI images\Healthy\mri_healthy (1853).jpg,Brain Tumor MRI images/Healthy/mri_healthy (1853).jpg,0,Healthy,MRI,6d35e13594dd22adb1089916a5aa7aff648409fd308f63ff67206dd50fd474f1,1
C:\Users\dondo\OneDrive\Documents\ADBU CSE(AI & ML)\5th sem\Minor Project\Project Prototype\Brain-Tumor-Minor-Project\dataset\Brain Tumor MRI images\Healthy\mri_healthy (1854).jpg,Brain Tumor MRI images/Healthy/mri_healthy (1854).jpg,0,Healthy,MRI,8de36f55e8e7f663a6f422607541e77cec76b367718c8dfe82164c8f46d1d3a6,1
C:\Users\dondo\OneDrive\Documents\ADBU CSE(AI & ML)\5th sem\Minor Project\Project Prototype\Brain-Tumor-Minor-Project\dataset\Brain Tumor MRI images\Healthy\mri_healthy (1855).jpg,Brain Tumor MRI images/Healthy/mri_healthy (1855).jpg,0,Healthy,MRI,019ff9b5736b365a41491635a581837fc4cc2506ca559009e81480d80839b003,1
C:\Users\dondo\OneDrive\Documents\ADBU CSE(AI & ML)\5th sem\Minor Project\Project Prototype\Brain-Tumor-Minor-Project\dataset\Brain Tumor MRI images\Healthy\mri_healthy (1858).jpg,Brain Tumor MRI images/Healthy/mri_healthy (1858).jpg,0,Healthy,MRI,f98f84c8efdfc33cbad78e557e1e4dd58e22567d3f3bf0a42da1fd57d8653412,1
C:\Users\dondo\OneDrive\Documents\ADBU CSE(AI & ML)\5th sem\Minor Project\Project Prototype\Brain-Tumor-Minor-Project\dataset\Brain Tumor MRI images\Healthy\mri_healthy (1859).jpg,Brain Tumor MRI images/Healthy/mri_healthy (1859).jpg,0,Healthy,MRI,55e2609d0f46ed12daeb4fa9874649865486ce45d688d7c218d9b50394772767,1
C:\Users\dondo\OneDrive\Documents\ADBU CSE(AI & ML)\5th sem\Minor Project\Project Prototype\Brain-Tumor-Minor-Project\dataset\Brain Tumor MRI images\Healthy\mri_healthy (1860).jpg,Brain Tumor MRI images/Healthy/mri_healthy (1860).jpg,0,Healthy,MRI,b682b55de2a394378cc68109a8648cb47b7f75fa012fee27245814f74d9dd33d,1
C:\Users\dondo\OneDrive\Documents\ADBU CSE(AI & ML)\5th sem\Minor Project\Project Prototype\Brain-Tumor-Minor-Project\dataset\Brain Tumor MRI images\Healthy\mri_healthy (1861).jpg,Brain Tumor MRI images/Healthy/mri_healthy (1861).jpg,0,Healthy,MRI,44c821a4b213d1b3d353f91393fdeb7fa076335610371436c3e3c450c0ba979e,1
C:\Users\dondo\OneDrive\Documents\ADBU CSE(AI & ML)\5th sem\Minor Project\Project Prototype\Brain-Tumor-Minor-Project\dataset\Brain Tumor MRI images\Healthy\mri_healthy (1862).jpg,Brain Tumor MRI images/Healthy/mri_healthy (1862).jpg,0,Healthy,MRI,ea2ef5b7033dc31e1f0dce350279139d6f2c25b154f547a10fa19275646058a4,1
C:\Users\dondo\OneDrive\Documents\ADBU CSE(AI & ML)\5th sem\Minor Project\Project Prototype\Brain-Tumor-Minor-Project\dataset\Brain Tumor MRI images\Healthy\mri_healthy (1863).jpg,Brain Tumor MRI images/Healthy/mri_healthy (1863).jpg,0,Healthy,MRI,2cfbc2d779fce343dfa5ec84d4715427a2a9c538ac2c532c99ee607e9cfe8619,1
C:\Users\dondo\OneDrive\Documents\ADBU CSE(AI & ML)\5th sem\Minor Project\Project Prototype\Brain-Tumor-Minor-Project\dataset\Brain Tumor MRI images\Healthy\mri_healthy (1865).jpg,Brain Tumor MRI images/Healthy/mri_healthy (1865).jpg,0,Healthy,MRI,cc6c2795310094ea9e9bc4a259b6c4ab7e56fd03303b7f3426849f9b573d05a8,1
C:\Users\dondo\OneDrive\Documents\ADBU CSE(AI & ML)\5th sem\Minor Project\Project Prototype\Brain-Tumor-Minor-Project\dataset\Brain Tumor MRI images\Healthy\mri_healthy (1866).jpg,Brain Tumor MRI images/Healthy/mri_healthy (1866).jpg,0,Healthy,MRI,6df1939c7a7aa989609421eeded83808d31d19f837ee9d4d070981aa0edc311f,1
C:\Users\dondo\OneDrive\Documents\ADBU CSE(AI & ML)\5th sem\Minor Project\Project Prototype\Brain-Tumor-Minor-Project\dataset\Brain Tumor MRI images\Healthy\mri_healthy (1868).jpg,Brain Tumor MRI images/Healthy/mri_healthy (1868).jpg,0,Healthy,MRI,29dcd488818a1514200cd3bf27074d3ce9f54aab05e04e736e5493f97f2d841c,1
C:\Users\dondo\OneDrive\Documents\ADBU CSE(AI & ML)\5th sem\Minor Project\Project Prototype\Brain-Tumor-Minor-Project\dataset\Brain Tumor MRI images\Healthy\mri_healthy (1869).jpg,Brain Tumor MRI images/Healthy/mri_healthy (1869).jpg,0,Healthy,MRI,543743f311ac7ede8d2814ef7f2173f3fa5bbbb6f60df490ad4654ed1d141d16,1
C:\Users\dondo\OneDrive\Documents\ADBU CSE(AI & ML)\5th sem\Minor Project\Project Prototype\Brain-Tumor-Minor-Project\dataset\Brain Tumor MRI images\Healthy\mri_healthy (1870).jpg,Brain Tumor MRI images/Healthy/mri_healthy (1870).jpg,0,Healthy,MRI,9825288ca0ecdd46bb9b40ee15bfc5e27360ad86667442abd2e55972661ed8a1,1
C:\Users\dondo\OneDrive\Documents\ADBU CSE(AI & ML)\5th sem\Minor Project\Project Prototype\Brain-Tumor-Minor-Project\dataset\Brain Tumor MRI images\Healthy\mri_healthy (1871).jpg,Brain Tumor MRI images/Healthy/mri_healthy (1871).jpg,0,Healthy,MRI,dd5e0845bfd97f6b294f6b2788067c35b034dd9331e6cf1f441cabe753eb8c78,1
C:\Users\dondo\OneDrive\Documents\ADBU CSE(AI & ML)\5th sem\Minor Project\Project Prototype\Brain-Tumor-Minor-Project\dataset\Brain Tumor MRI images\Healthy\mri_healthy (1872).jpg,Brain Tumor MRI images/Healthy/mri_healthy (1872).jpg,0,Healthy,MRI,c4cb47faeb488806b904313c4a21780d779cfbe01b12358b2e42b0267472b8d7,1
C:\Users\dondo\OneDrive\Documents\ADBU CSE(AI & ML)\5th sem\Minor Project\Project Prototype\Brain-Tumor-Minor-Project\dataset\Brain Tumor MRI images\Healthy\mri_healthy (1873).jpg,Brain Tumor MRI images/Healthy/mri_healthy (1873).jpg,0,Healthy,MRI,662f93904d8ba56d840fc2898552e8adc95a635d368d0b1d0f6bd41a28738722,1
C:\Users\dondo\OneDrive\Documents\ADBU CSE(AI & ML)\5th sem\Minor Project\Project Prototype\Brain-Tumor-Minor-Project\dataset\Brain Tumor MRI images\Healthy\mri_healthy (1874).jpg,Brain Tumor MRI images/Healthy/mri_healthy (1874).jpg,0,Healthy,MRI,b28a6673a8f92619cd725a3b8bf948c49044c33168a2b81f92bf96bdf6a7d90b,1
C:\Users\dondo\OneDrive\Documents\ADBU CSE(AI & ML)\5th sem\Minor Project\Project Prototype\Brain-Tumor-Minor-Project\dataset\Brain Tumor MRI images\Healthy\mri_healthy (1875).jpg,Brain Tumor MRI images/Healthy/mri_healthy (1875).jpg,0,Healthy,MRI,5a785594650c8103b9c089d0b1cf9c2b7fcbb4a140f2d39c9ee1c3f4152f1421,1
C:\Users\dondo\OneDrive\Documents\ADBU CSE(AI & ML)\5th sem\Minor Project\Project Prototype\Brain-Tumor-Minor-Project\dataset\Brain Tumor MRI images\Healthy\mri_healthy (1876).jpg,Brain Tumor MRI images/Healthy/mri_healthy (1876).jpg,0,Healthy,MRI,9b2226c0b9f8ab1cd59851d6269133488b41238e95b06debbe305b4d1eeb7260,1
C:\Users\dondo\OneDrive\Documents\ADBU CSE(AI & ML)\5th sem\Minor Project\Project Prototype\Brain-Tumor-Minor-Project\dataset\Brain Tumor MRI images\Healthy\mri_healthy (1877).jpg,Brain Tumor MRI images/Healthy/mri_healthy (1877).jpg,0,Healthy,MRI,c2e016e1965c1274f6ba351bebb97aadea6844a6f1a4fc2af96974eaa75faf15,1
C:\Users\dondo\OneDrive\Documents\ADBU CSE(AI & ML)\5th sem\Minor Project\Project Prototype\Brain-Tumor-Minor-Project\dataset\Brain Tumor MRI images\Healthy\mri_healthy (1880).jpg,Brain Tumor MRI images/Healthy/mri_healthy (1880).jpg,0,Healthy,MRI,3ddeea6a885fe0abe47b3ae14f4694a85e7b4a5cc2b43cb5407288ffc585a62c,1
C:\Users\dondo\OneDrive\Documents\ADBU CSE(AI & ML)\5th sem\Minor Project\Project Prototype\Brain-Tumor-Minor-Project\dataset\Brain Tumor MRI images\Healthy\mri_healthy (1881).jpg,Brain Tumor MRI images/Healthy/mri_healthy (1881).jpg,0,Healthy,MRI,5add81cdd45200e3f851282bffa1fbeb4b01e104ac6e8a3cc4802191d16a008c,1
C:\Users\dondo\OneDrive\Documents\ADBU CSE(AI & ML)\5th sem\Minor Project\Project Prototype\Brain-Tumor-Minor-Project\dataset\Brain Tumor MRI images\Healthy\mri_healthy (1883).jpg,Brain Tumor MRI images/Healthy/mri_healthy (1883).jpg,0,Healthy,MRI,1046691dbc5f4354039ab7a946f1c13ba1f0021cde258cf5a1fbe7611528b3bb,1
C:\Users\dondo\OneDrive\Documents\ADBU CSE(AI & ML)\5th sem\Minor Project\Project Prototype\Brain-Tumor-Minor-Project\dataset\Brain Tumor MRI images\Healthy\mri_healthy (1885).jpg,Brain Tumor MRI images/Healthy/mri_healthy (1885).jpg,0,Healthy,MRI,35eedef6d88044cc5e8e4fcd5cc17cd082618c64f04b98de57f85b85381d2bb6,1
C:\Users\dondo\OneDrive\Documents\ADBU CSE(AI & ML)\5th sem\Minor Project\Project Prototype\Brain-Tumor-Minor-Project\dataset\Brain Tumor MRI images\Healthy\mri_healthy (1886).jpg,Brain Tumor MRI images/Healthy/mri_healthy (1886).jpg,0,Healthy,MRI,9fad6d5f45ef9a1342e0a6bef1a6dae547f2f20115fc800dd1c88f88bf06df01,1
C:\Users\dondo\OneDrive\Documents\ADBU CSE(AI & ML)\5th sem\Minor Project\Project Prototype\Brain-Tumor-Minor-Project\dataset\Brain Tumor MRI images\Healthy\mri_healthy (1887).jpg,Brain Tumor MRI images/Healthy/mri_healthy (1887).jpg,0,Healthy,MRI,6fb3bb7facb4a1ce49bd7fe43e2e9e426bdddb9cdcaa48b3462d80367dc60511,1
C:\Users\dondo\OneDrive\Documents\ADBU CSE(AI & ML)\5th sem\Minor Project\Project Prototype\Brain-Tumor-Minor-Project\dataset\Brain Tumor MRI images\Healthy\mri_healthy (1888).jpg,Brain Tumor MRI images/Healthy/mri_healthy (1888).jpg,0,Healthy,MRI,008621858a0f998debf392faccc3b430b2971ec9ff7f8108391b22f35f787d16,1
C:\Users\dondo\OneDrive\Documents\ADBU CSE(AI & ML)\5th sem\Minor Project\Project Prototype\Brain-Tumor-Minor-Project\dataset\Brain Tumor MRI images\Healthy\mri_healthy (1892).jpg,Brain Tumor MRI images/Healthy/mri_healthy (1892).jpg,0,Healthy,MRI,40031cf5c3f55c8b2f98051be7485b940a455738b7b07233433ea2b15072cda2,1
C:\Users\dondo\OneDrive\Documents\ADBU CSE(AI & ML)\5th sem\Minor Project\Project Prototype\Brain-Tumor-Minor-Project\dataset\Brain Tumor MRI images\Healthy\mri_healthy (1893).jpg,Brain Tumor MRI images/Healthy/mri_healthy (1893).jpg,0,Healthy,MRI,79fe7fdc4259ed31881bd31a2d5132a026d570e5d2dd91111dbefcae08b08c51,1
C:\Users\dondo\OneDrive\Documents\ADBU CSE(AI & ML)\5th sem\Minor Project\Project Prototype\Brain-Tumor-Minor-Project\dataset\Brain Tumor MRI images\Healthy\mri_healthy (1894).jpg,Brain Tumor MRI images/Healthy/mri_healthy (1894).jpg,0,Healthy,MRI,54e5ce4998356731dc854e82110bf8480f60323fcf900f4195f06081050f1802,1
C:\Users\dondo\OneDrive\Documents\ADBU CSE(AI & ML)\5th sem\Minor Project\Project Prototype\Brain-Tumor-Minor-Project\dataset\Brain Tumor MRI images\Healthy\mri_healthy (1895).jpg,Brain Tumor MRI images/Healthy/mri_healthy (1895).jpg,0,Healthy,MRI,3638762e35802a4a7eb0ada08c6bd1cdf17f43f5a328d45d9ce7656893659b0a,1
C:\Users\dondo\OneDrive\Documents\ADBU CSE(AI & ML)\5th sem\Minor Project\Project Prototype\Brain-Tumor-Minor-Project\dataset\Brain Tumor MRI images\Healthy\mri_healthy (1896).jpg,Brain Tumor MRI images/Healthy/mri_healthy (1896).jpg,0,Healthy,MRI,114cf48b072d2e1983f7354e1a8505c56cfa64e9a4134ba4775aabe16a061e86,1
C:\Users\dondo\OneDrive\Documents\ADBU CSE(AI & ML)\5th sem\Minor Project\Project Prototype\Brain-Tumor-Minor-Project\dataset\Brain Tumor MRI images\Healthy\mri_healthy (1897).jpg,Brain Tumor MRI images/Healthy/mri_healthy (1897).jpg,0,Healthy,MRI,2c93d20ef3a295ac3553ad5bffe56076753ee2cb65f30e62022bd5c9ab32dfd4,1
C:\Users\dondo\OneDrive\Documents\ADBU CSE(AI & ML)\5th sem\Minor Project\Project Prototype\Brain-Tumor-Minor-Project\dataset\Brain Tumor MRI images\Healthy\mri_healthy (1898).jpg,Brain Tumor MRI images/Healthy/mri_healthy (1898).jpg,0,Healthy,MRI,9de46a6ed6c5c6ce5906890ff1d96ab5a544ec90d95c1712812889b72cc3593f,1
C:\Users\dondo\OneDrive\Documents\ADBU CSE(AI & ML)\5th sem\Minor Project\Project Prototype\Brain-Tumor-Minor-Project\dataset\Brain Tumor MRI images\Healthy\mri_healthy (1899).jpg,Brain Tumor MRI images/Healthy/mri_healthy (1899).jpg,0,Healthy,MRI,8f4cf973bfd136232b43355b77f880e958cb6f5abd0f4f27bab19519deb794b2,1
C:\Users\dondo\OneDrive\Documents\ADBU CSE(AI & ML)\5th sem\Minor Project\Project Prototype\Brain-Tumor-Minor-Project\dataset\Brain Tumor MRI images\Healthy\mri_healthy (19).jpg,Brain Tumor MRI images/Healthy/mri_healthy (19).jpg,0,Healthy,MRI,f0eb9c0f283636f73e9f829336aee6d1ab3e5231594e079078740ac72f10c7f9,1
C:\Users\dondo\OneDrive\Documents\ADBU CSE(AI & ML)\5th sem\Minor Project\Project Prototype\Brain-Tumor-Minor-Project\dataset\Brain Tumor MRI images\Healthy\mri_healthy (190).jpg,Brain Tumor MRI images/Healthy/mri_healthy (190).jpg,0,Healthy,MRI,e3f866c1ccc735d265c3b5694854ebce8b355e8c8730425a0a612cf5f11b746d,3
C:\Users\dondo\OneDrive\Documents\ADBU CSE(AI & ML)\5th sem\Minor Project\Project Prototype\Brain-Tumor-Minor-Project\dataset\Brain Tumor MRI images\Healthy\mri_healthy (1901).jpg,Brain Tumor MRI images/Healthy/mri_healthy (1901).jpg,0,Healthy,MRI,18cfaf6cee35ef130675d36429a4d0d9d944cef9942c203b01975b7130ff6df5,1
C:\Users\dondo\OneDrive\Documents\ADBU CSE(AI & ML)\5th sem\Minor Project\Project Prototype\Brain-Tumor-Minor-Project\dataset\Brain Tumor MRI images\Healthy\mri_healthy (1903).jpg,Brain Tumor MRI images/Healthy/mri_healthy (1903).jpg,0,Healthy,MRI,5a3188e76509aef2e0668b515b6d88786e7f9e61aaf49f02f083e842ffbd4235,1
C:\Users\dondo\OneDrive\Documents\ADBU CSE(AI & ML)\5th sem\Minor Project\Project Prototype\Brain-Tumor-Minor-Project\dataset\Brain Tumor MRI images\Healthy\mri_healthy (1908).jpg,Brain Tumor MRI images/Healthy/mri_healthy (1908).jpg,0,Healthy,MRI,f9b574830e8bd289b44901ea99397d73d1d146b7c25d7e024966795180a49642,1
C:\Users\dondo\OneDrive\Documents\ADBU CSE(AI & ML)\5th sem\Minor Project\Project Prototype\Brain-Tumor-Minor-Project\dataset\Brain Tumor MRI images\Healthy\mri_healthy (1910).jpg,Brain Tumor MRI images/Healthy/mri_healthy (1910).jpg,0,Healthy,MRI,4f2893125ab87fc6fcd6cd5388db893efeb9a1a30e59f942e7743144766c78f6,1
C:\Users\dondo\OneDrive\Documents\ADBU CSE(AI & ML)\5th sem\Minor Project\Project Prototype\Brain-Tumor-Minor-Project\dataset\Brain Tumor MRI images\Healthy\mri_healthy (1911).jpg,Brain Tumor MRI images/Healthy/mri_healthy (1911).jpg,0,Healthy,MRI,cf295c8a79eac47c584277004796711036d122ae829ceaca90099f1ec93f3884,1
C:\Users\dondo\OneDrive\Documents\ADBU CSE(AI & ML)\5th sem\Minor Project\Project Prototype\Brain-Tumor-Minor-Project\dataset\Brain Tumor MRI images\Healthy\mri_healthy (1913).jpg,Brain Tumor MRI images/Healthy/mri_healthy (1913).jpg,0,Healthy,MRI,7e606d5851ec154ea6758b051d8371f5ee0cfa0db8da2e3d6bad68713e480421,1
C:\Users\dondo\OneDrive\Documents\ADBU CSE(AI & ML)\5th sem\Minor Project\Project Prototype\Brain-Tumor-Minor-Project\dataset\Brain Tumor MRI images\Healthy\mri_healthy (1916).jpg,Brain Tumor MRI images/Healthy/mri_healthy (1916).jpg,0,Healthy,MRI,10546b7ed6867429b6685d4d246dadf04b0f66f900ed197a68bd9f8a29e40ce3,1
C:\Users\dondo\OneDrive\Documents\ADBU CSE(AI & ML)\5th sem\Minor Project\Project Prototype\Brain-Tumor-Minor-Project\dataset\Brain Tumor MRI images\Healthy\mri_healthy (1917).jpg,Brain Tumor MRI images/Healthy/mri_healthy (1917).jpg,0,Healthy,MRI,e3e6a073b081f5d7fc2fad33e3c2337ebfc8cd327a7b44ad9e6bf0313a32e600,1
C:\Users\dondo\OneDrive\Documents\ADBU CSE(AI & ML)\5th sem\Minor Project\Project Prototype\Brain-Tumor-Minor-Project\dataset\Brain Tumor MRI images\Healthy\mri_healthy (1919).jpg,Brain Tumor MRI images/Healthy/mri_healthy (1919).jpg,0,Healthy,MRI,9c54a8ba366d8a9881e28dea8f4cc3f8e92fc74b2add2e6b7d7dfcacdee09bb0,1
C:\Users\dondo\OneDrive\Documents\ADBU CSE(AI & ML)\5th sem\Minor Project\Project Prototype\Brain-Tumor-Minor-Project\dataset\Brain Tumor MRI images\Healthy\mri_healthy (1920).jpg,Brain Tumor MRI images/Healthy/mri_healthy (1920).jpg,0,Healthy,MRI,d8534287064d81600cc5db54606ecd3203df242f66abc35ab251bf7e59e84ccb,1
C:\Users\dondo\OneDrive\Documents\ADBU CSE(AI & ML)\5th sem\Minor Project\Project Prototype\Brain-Tumor-Minor-Project\dataset\Brain Tumor MRI images\Healthy\mri_healthy (1921).jpg,Brain Tumor MRI images/Healthy/mri_healthy (1921).jpg,0,Healthy,MRI,ab01efa9ce7ad51de522ba8cafa0de7d46ce3332215227459fa9e5794b9ce053,1
C:\Users\dondo\OneDrive\Documents\ADBU CSE(AI & ML)\5th sem\Minor Project\Project Prototype\Brain-Tumor-Minor-Project\dataset\Brain Tumor MRI images\Healthy\mri_healthy (1922).jpg,Brain Tumor MRI images/Healthy/mri_healthy (1922).jpg,0,Healthy,MRI,5933c7d02ae930f37d29bbe67bff5dd2890344a5c839c03ce3281a428a9c514d,1
C:\Users\dondo\OneDrive\Documents\ADBU CSE(AI & ML)\5th sem\Minor Project\Project Prototype\Brain-Tumor-Minor-Project\dataset\Brain Tumor MRI images\Healthy\mri_healthy (1923).jpg,Brain Tumor MRI images/Healthy/mri_healthy (1923).jpg,0,Healthy,MRI,3163618e3155c4d97bfb4719da81fcc720a161d43a4c2a853e9b7d07064849fe,1
C:\Users\dondo\OneDrive\Documents\ADBU CSE(AI & ML)\5th sem\Minor Project\Project Prototype\Brain-Tumor-Minor-Project\dataset\Brain Tumor MRI images\Healthy\mri_healthy (1924).jpg,Brain Tumor MRI images/Healthy/mri_healthy (1924).jpg,0,Healthy,MRI,f99dd2123cf3911d172622afe0541ad5048b98bcd1ac78a4acc55732a3167c8f,1
C:\Users\dondo\OneDrive\Documents\ADBU CSE(AI & ML)\5th sem\Minor Project\Project Prototype\Brain-Tumor-Minor-Project\dataset\Brain Tumor MRI images\Healthy\mri_healthy (1925).jpg,Brain Tumor MRI images/Healthy/mri_healthy (1925).jpg,0,Healthy,MRI,5cf2ebb7d8f93d7919b38b2e52a8d08a8843fbc3a019e10dda1e5fd24d2b6c9f,1
C:\Users\dondo\OneDrive\Documents\ADBU CSE(AI & ML)\5th sem\Minor Project\Project Prototype\Brain-Tumor-Minor-Project\dataset\Brain Tumor MRI images\Healthy\mri_healthy (1926).jpg,Brain Tumor MRI images/Healthy/mri_healthy (1926).jpg,0,Healthy,MRI,a638ba6f81ce54a12698eeb5abda3ad60665ecb817d3d94ebeb5ffc73aff5a38,1
C:\Users\dondo\OneDrive\Documents\ADBU CSE(AI & ML)\5th sem\Minor Project\Project Prototype\Brain-Tumor-Minor-Project\dataset\Brain Tumor MRI images\Healthy\mri_healthy (1929).jpg,Brain Tumor MRI images/Healthy/mri_healthy (1929).jpg,0,Healthy,MRI,4cfec6cb822f28e3e61f07804637656fa1545a67e0c6e54f38cfea363c33e35c,1
C:\Users\dondo\OneDrive\Documents\ADBU CSE(AI & ML)\5th sem\Minor Project\Project Prototype\Brain-Tumor-Minor-Project\dataset\Brain Tumor MRI images\Healthy\mri_healthy (1931).jpg,Brain Tumor MRI images/Healthy/mri_healthy (1931).jpg,0,Healthy,MRI,6b8f5ec5f96e63fb543ffb0fef90857004942af0c44839abf5b9ad297b161da1,1
C:\Users\dondo\OneDrive\Documents\ADBU CSE(AI & ML)\5th sem\Minor Project\Project Prototype\Brain-Tumor-Minor-Project\dataset\Brain Tumor MRI images\Healthy\mri_healthy (1933).jpg,Brain Tumor MRI images/Healthy/mri_healthy (1933).jpg,0,Healthy,MRI,b0e9017dfd12e7f886c4e202b2a5fb6b07c889c427d0ddc541b1b3ca214e859d,1
C:\Users\dondo\OneDrive\Documents\ADBU CSE(AI & ML)\5th sem\Minor Project\Project Prototype\Brain-Tumor-Minor-Project\dataset\Brain Tumor MRI images\Healthy\mri_healthy (1938).jpg,Brain Tumor MRI images/Healthy/mri_healthy (1938).jpg,0,Healthy,MRI,303c5c415fc8be331907a13c78d499fa000f24788fab65f7c9171c448978b09f,2
C:\Users\dondo\OneDrive\Documents\ADBU CSE(AI & ML)\5th sem\Minor Project\Project Prototype\Brain-Tumor-Minor-Project\dataset\Brain Tumor MRI images\Healthy\mri_healthy (194).jpg,Brain Tumor MRI images/Healthy/mri_healthy (194).jpg,0,Healthy,MRI,78d5aebacf23d4ba756eea89aef2f4472fd04c870d9f603d25611c3599aeefa9,1
C:\Users\dondo\OneDrive\Documents\ADBU CSE(AI & ML)\5th sem\Minor Project\Project Prototype\Brain-Tumor-Minor-Project\dataset\Brain Tumor MRI images\Healthy\mri_healthy (1944).jpg,Brain Tumor MRI images/Healthy/mri_healthy (1944).jpg,0,Healthy,MRI,fe20d08e5475898e9b66661cddbe32d6d006438e57c36cd87be27b8dd9c0676d,1
C:\Users\dondo\OneDrive\Documents\ADBU CSE(AI & ML)\5th sem\Minor Project\Project Prototype\Brain-Tumor-Minor-Project\dataset\Brain Tumor MRI images\Healthy\mri_healthy (1947).jpg,Brain Tumor MRI images/Healthy/mri_healthy (1947).jpg,0,Healthy,MRI,7fee25502789cdb5539576d02fe3aa3ee9789559ded65b8fc7d67606d69f7ff0,1
C:\Users\dondo\OneDrive\Documents\ADBU CSE(AI & ML)\5th sem\Minor Project\Project Prototype\Brain-Tumor-Minor-Project\dataset\Brain Tumor MRI images\Healthy\mri_healthy (195).jpg,Brain Tumor MRI images/Healthy/mri_healthy (195).jpg,0,Healthy,MRI,45ff72e90e816119a82cc4b1ececff4339fbe8dbd9d5d881e9de8b8ca82b0a0a,1
C:\Users\dondo\OneDrive\Documents\ADBU CSE(AI & ML)\5th sem\Minor Project\Project Prototype\Brain-Tumor-Minor-Project\dataset\Brain Tumor MRI images\Healthy\mri_healthy (1952).jpg,Brain Tumor MRI images/Healthy/mri_healthy (1952).jpg,0,Healthy,MRI,b396caa83da170f384de32368fd40ab0fbb00232e12fd2b463eddff69741af44,2
C:\Users\dondo\OneDrive\Documents\ADBU CSE(AI & ML)\5th sem\Minor Project\Project Prototype\Brain-Tumor-Minor-Project\dataset\Brain Tumor MRI images\Healthy\mri_healthy (1956).jpg,Brain Tumor MRI images/Healthy/mri_healthy (1956).jpg,0,Healthy,MRI,01d1c6fbd532ffcffc8e8a12c8ce33f0f06a18d934e6a8eefd129837a318346e,1
C:\Users\dondo\OneDrive\Documents\ADBU CSE(AI & ML)\5th sem\Minor Project\Project Prototype\Brain-Tumor-Minor-Project\dataset\Brain Tumor MRI images\Healthy\mri_healthy (1958).jpg,Brain Tumor MRI images/Healthy/mri_healthy (1958).jpg,0,Healthy,MRI,5f8f1678ad394004fd0283ca2aeb020b78da7f0aac58e3b31a34e7384be7d479,1
C:\Users\dondo\OneDrive\Documents\ADBU CSE(AI & ML)\5th sem\Minor Project\Project Prototype\Brain-Tumor-Minor-Project\dataset\Brain Tumor MRI images\Healthy\mri_healthy (196).jpg,Brain Tumor MRI images/Healthy/mri_healthy (196).jpg,0,Healthy,MRI,e16fa12a53a3421aa88c39635c573502546d01c0a070650dea94e998949c44f2,4
C:\Users\dondo\OneDrive\Documents\ADBU CSE(AI & ML)\5th sem\Minor Project\Project Prototype\Brain-Tumor-Minor-Project\dataset\Brain Tumor MRI images\Healthy\mri_healthy (1963).jpg,Brain Tumor MRI images/Healthy/mri_healthy (1963).jpg,0,Healthy,MRI,16d05c87bffe4fdd3313816728a6bcd3dbf3fa69a337a261937bffff184828dc,1
C:\Users\dondo\OneDrive\Documents\ADBU CSE(AI & ML)\5th sem\Minor Project\Project Prototype\Brain-Tumor-Minor-Project\dataset\Brain Tumor MRI images\Healthy\mri_healthy (1964).jpg,Brain Tumor MRI images/Healthy/mri_healthy (1964).jpg,0,Healthy,MRI,c3da82d44359f4a1507b3e235886d2e0e555d0d31fb27a32bb20e6937d401dfc,1
C:\Users\dondo\OneDrive\Documents\ADBU CSE(AI & ML)\5th sem\Minor Project\Project Prototype\Brain-Tumor-Minor-Project\dataset\Brain Tumor MRI images\Healthy\mri_healthy (1970).jpg,Brain Tumor MRI images/Healthy/mri_healthy (1970).jpg,0,Healthy,MRI,1afec70a83c19e1f4fe2523c1470ec69528745d5c2e21a032d2eaba4b7595d90,1
C:\Users\dondo\OneDrive\Documents\ADBU CSE(AI & ML)\5th sem\Minor Project\Project Prototype\Brain-Tumor-Minor-Project\dataset\Brain Tumor MRI images\Healthy\mri_healthy (1971).jpg,Brain Tumor MRI images/Healthy/mri_healthy (1971).jpg,0,Healthy,MRI,59050685601147d937789be7d96a7077bd2262f66146d0b1c72910d6fc14a53d,1
C:\Users\dondo\OneDrive\Documents\ADBU CSE(AI & ML)\5th sem\Minor Project\Project Prototype\Brain-Tumor-Minor-Project\dataset\Brain Tumor MRI images\Healthy\mri_healthy (1972).jpg,Brain Tumor MRI images/Healthy/mri_healthy (1972).jpg,0,Healthy,MRI,7adb02dafa127d16b635a76df10314f68ded12fa7a20457e4d666d2873a2130f,1
C:\Users\dondo\OneDrive\Documents\ADBU CSE(AI & ML)\5th sem\Minor Project\Project Prototype\Brain-Tumor-Minor-Project\dataset\Brain Tumor MRI images\Healthy\mri_healthy (198).jpg,Brain Tumor MRI images/Healthy/mri_healthy (198).jpg,0,Healthy,MRI,3ea0332a37f42ee976eb49f92519bb39eb34f290c0f28cff4a1898c67c9aca44,1
C:\Users\dondo\OneDrive\Documents\ADBU CSE(AI & ML)\5th sem\Minor Project\Project Prototype\Brain-Tumor-Minor-Project\dataset\Brain Tumor MRI images\Healthy\mri_healthy (1981).jpg,Brain Tumor MRI images/Healthy/mri_healthy (1981).jpg,0,Healthy,MRI,c46017f0fe39ce4146480f5c7b1cb6beca04b6ca042594726f12416fd2fdcab9,1
C:\Users\dondo\OneDrive\Documents\ADBU CSE(AI & ML)\5th sem\Minor Project\Project Prototype\Brain-Tumor-Minor-Project\dataset\Brain Tumor MRI images\Healthy\mri_healthy (1986).jpg,Brain Tumor MRI images/Healthy/mri_healthy (1986).jpg,0,Healthy,MRI,e130cfc24e95713dda3b1d5df0143d1a50a63e68c0e915f64d2a83a65a8e7524,1
C:\Users\dondo\OneDrive\Documents\ADBU CSE(AI & ML)\5th sem\Minor Project\Project Prototype\Brain-Tumor-Minor-Project\dataset\Brain Tumor MRI images\Healthy\mri_healthy (1988).jpg,Brain Tumor MRI images/Healthy/mri_healthy (1988).jpg,0,Healthy,MRI,2db2426323e2d116ddfd79ca17da4f0c3861a527eba11414ce1ffe403b5810bd,1
C:\Users\dondo\OneDrive\Documents\ADBU CSE(AI & ML)\5th sem\Minor Project\Project Prototype\Brain-Tumor-Minor-Project\dataset\Brain Tumor MRI images\Healthy\mri_healthy (199).jpg,Brain Tumor MRI images/Healthy/mri_healthy (199).jpg,0,Healthy,MRI,89f99ef20b764b382c02224bd8686e7e82767577decdd47b4238310a443525b4,2
C:\Users\dondo\OneDrive\Documents\ADBU CSE(AI & ML)\5th sem\Minor Project\Project Prototype\Brain-Tumor-Minor-Project\dataset\Brain Tumor MRI images\Healthy\mri_healthy (1990).jpg,Brain Tumor MRI images/Healthy/mri_healthy (1990).jpg,0,Healthy,MRI,0f89225efd176c55d0a06bdeb4c54b455a42921f86aa1f41deebc23f32e9275c,1
C:\Users\dondo\OneDrive\Documents\ADBU CSE(AI & ML)\5th sem\Minor Project\Project Prototype\Brain-Tumor-Minor-Project\dataset\Brain Tumor MRI images\Healthy\mri_healthy (1994).jpg,Brain Tumor MRI images/Healthy/mri_healthy (1994).jpg,0,Healthy,MRI,f305c895d86e72b70bdf6f2821e2a2b6aecfc7e68439909484bcf3f31309152b,1
C:\Users\dondo\OneDrive\Documents\ADBU CSE(AI & ML)\5th sem\Minor Project\Project Prototype\Brain-Tumor-Minor-Project\dataset\Brain Tumor MRI images\Healthy\mri_healthy (1996).jpg,Brain Tumor MRI images/Healthy/mri_healthy (1996).jpg,0,Healthy,MRI,96c0b12ceaca65c8647e28dd45d269f3c320b99784bad067ebaf03f1c264a11d,1
C:\Users\dondo\OneDrive\Documents\ADBU CSE(AI & ML)\5th sem\Minor Project\Project Prototype\Brain-Tumor-Minor-Project\dataset\Brain Tumor MRI images\Healthy\mri_healthy (1997).jpg,Brain Tumor MRI images/Healthy/mri_healthy (1997).jpg,0,Healthy,MRI,8df1125bc5a3901ae602be99db7d676e79744a93eb6ed69de91b86cdb087a7a1,2
C:\Users\dondo\OneDrive\Documents\ADBU CSE(AI & ML)\5th sem\Minor Project\Project Prototype\Brain-Tumor-Minor-Project\dataset\Brain Tumor MRI images\Healthy\mri_healthy (2).jpeg,Brain Tumor MRI images/Healthy/mri_healthy (2).jpeg,0,Healthy,MRI,fe752e689bf4dd381ab19fefabe5d7ca8004a77de0d378eda280ab4210fa5069,1
C:\Users\dondo\OneDrive\Documents\ADBU CSE(AI & ML)\5th sem\Minor Project\Project Prototype\Brain-Tumor-Minor-Project\dataset\Brain Tumor MRI images\Healthy\mri_healthy (20).jpg,Brain Tumor MRI images/Healthy/mri_healthy (20).jpg,0,Healthy,MRI,9c453efc4aa6e2e0f120d24741021d382e1057d0fc8a1f4e1f9d3d06ed106242,3
C:\Users\dondo\OneDrive\Documents\ADBU CSE(AI & ML)\5th sem\Minor Project\Project Prototype\Brain-Tumor-Minor-Project\dataset\Brain Tumor MRI images\Healthy\mri_healthy (202).jpg,Brain Tumor MRI images/Healthy/mri_healthy (202).jpg,0,Healthy,MRI,c31d44b7046888d880d8e0adf049c7898e09fdb6c43615e26c0bf7fb3e75f91a,1
C:\Users\dondo\OneDrive\Documents\ADBU CSE(AI & ML)\5th sem\Minor Project\Project Prototype\Brain-Tumor-Minor-Project\dataset\Brain Tumor MRI images\Healthy\mri_healthy (204).jpg,Brain Tumor MRI images/Healthy/mri_healthy (204).jpg,0,Healthy,MRI,905ee5bdb301a14cf5c26a32738746c221a95005860d253c95883f9a3fb5b1eb,2
C:\Users\dondo\OneDrive\Documents\ADBU CSE(AI & ML)\5th sem\Minor Project\Project Prototype\Brain-Tumor-Minor-Project\dataset\Brain Tumor MRI images\Healthy\mri_healthy (205).jpg,Brain Tumor MRI images/Healthy/mri_healthy (205).jpg,0,Healthy,MRI,a23309efa3b9cfad7832cc940ac56fbeab9448705f6d76d09cf9c5a1476f92be,1
C:\Users\dondo\OneDrive\Documents\ADBU CSE(AI & ML)\5th sem\Minor Project\Project Prototype\Brain-Tumor-Minor-Project\dataset\Brain Tumor MRI images\Healthy\mri_healthy (206).jpg,Brain Tumor MRI images/Healthy/mri_healthy (206).jpg,0,Healthy,MRI,dc9b00544e03bfdd8f8f260db5c4be86e314616321bb93046a7b869e702d6090,2
C:\Users\dondo\OneDrive\Documents\ADBU CSE(AI & ML)\5th sem\Minor Project\Project Prototype\Brain-Tumor-Minor-Project\dataset\Brain Tumor MRI images\Healthy\mri_healthy (207).jpg,Brain Tumor MRI images/Healthy/mri_healthy (207).jpg,0,Healthy,MRI,c07043e806e2c2f73fd8d8820a68bbfb652628ffdad24fa2ea10e81d743dbf0b,1
C:\Users\dondo\OneDrive\Documents\ADBU CSE(AI & ML)\5th sem\Minor Project\Project Prototype\Brain-Tumor-Minor-Project\dataset\Brain Tumor MRI images\Healthy\mri_healthy (208).jpg,Brain Tumor MRI images/Healthy/mri_healthy (208).jpg,0,Healthy,MRI,7c162ce28a87076d989abb263c5f4e4664dba6953fb9e64d1ce8fc6710095891,1
C:\Users\dondo\OneDrive\Documents\ADBU CSE(AI & ML)\5th sem\Minor Project\Project Prototype\Brain-Tumor-Minor-Project\dataset\Brain Tumor MRI images\Healthy\mri_healthy (21).jpg,Brain Tumor MRI images/Healthy/mri_healthy (21).jpg,0,Healthy,MRI,9eb0764319edca4a98674658593f944bbd6f5e7481a4edc2f92446d5a7022ccf,1
C:\Users\dondo\OneDrive\Documents\ADBU CSE(AI & ML)\5th sem\Minor Project\Project Prototype\Brain-Tumor-Minor-Project\dataset\Brain Tumor MRI images\Healthy\mri_healthy (210).jpg,Brain Tumor MRI images/Healthy/mri_healthy (210).jpg,0,Healthy,MRI,ed3841634e1c069e1048ed9aff6ea24a051699e1635dd5a594fc3cff18f23d8c,1
C:\Users\dondo\OneDrive\Documents\ADBU CSE(AI & ML)\5th sem\Minor Project\Project Prototype\Brain-Tumor-Minor-Project\dataset\Brain Tumor MRI images\Healthy\mri_healthy (212).jpg,Brain Tumor MRI images/Healthy/mri_healthy (212).jpg,0,Healthy,MRI,b12599d45cc8e590f70ca251b2ce19b20beda9f2ab0277c60692ea535e54b12c,1
C:\Users\dondo\OneDrive\Documents\ADBU CSE(AI & ML)\5th sem\Minor Project\Project Prototype\Brain-Tumor-Minor-Project\dataset\Brain Tumor MRI images\Healthy\mri_healthy (214).jpg,Brain Tumor MRI images/Healthy/mri_healthy (214).jpg,0,Healthy,MRI,f8e0d30eeb98fc57abf07e8992041d3e851a001c07040c4dee2ec278723f92fc,1
C:\Users\dondo\OneDrive\Documents\ADBU CSE(AI & ML)\5th sem\Minor Project\Project Prototype\Brain-Tumor-Minor-Project\dataset\Brain Tumor MRI images\Healthy\mri_healthy (215).jpg,Brain Tumor MRI images/Healthy/mri_healthy (215).jpg,0,Healthy,MRI,fbafbcc9244d3a0dc3c5f47d332274ac725f049ad43aeed7fe350068fb24daa3,1
C:\Users\dondo\OneDrive\Documents\ADBU CSE(AI & ML)\5th sem\Minor Project\Project Prototype\Brain-Tumor-Minor-Project\dataset\Brain Tumor MRI images\Healthy\mri_healthy (217).jpg,Brain Tumor MRI images/Healthy/mri_healthy (217).jpg,0,Healthy,MRI,1d5c8f05171dd04f1c65ff43b11371c1b97295b4fb2bd76fa96c964f4b6be844,1
C:\Users\dondo\OneDrive\Documents\ADBU CSE(AI & ML)\5th sem\Minor Project\Project Prototype\Brain-Tumor-Minor-Project\dataset\Brain Tumor MRI images\Healthy\mri_healthy (218).jpg,Brain Tumor MRI images/Healthy/mri_healthy (218).jpg,0,Healthy,MRI,7274640f6201e390de97f588ed0d15903b1e4d05c0aa56f31a1349da74adf540,1
C:\Users\dondo\OneDrive\Documents\ADBU CSE(AI & ML)\5th sem\Minor Project\Project Prototype\Brain-Tumor-Minor-Project\dataset\Brain Tumor MRI images\Healthy\mri_healthy (219).jpg,Brain Tumor MRI images/Healthy/mri_healthy (219).jpg,0,Healthy,MRI,946206fcd82d1e75132287dc4b79d41b0e32873aac55ba3d1036ceaef7af250f,1
C:\Users\dondo\OneDrive\Documents\ADBU CSE(AI & ML)\5th sem\Minor Project\Project Prototype\Brain-Tumor-Minor-Project\dataset\Brain Tumor MRI images\Healthy\mri_healthy (22).jpg,Brain Tumor MRI images/Healthy/mri_healthy (22).jpg,0,Healthy,MRI,1fccd3a6a43116639b074edb8091a79dc1c69e70d874e5b37b7de9b26a006646,3
C:\Users\dondo\OneDrive\Documents\ADBU CSE(AI & ML)\5th sem\Minor Project\Project Prototype\Brain-Tumor-Minor-Project\dataset\Brain Tumor MRI images\Healthy\mri_healthy (221).jpg,Brain Tumor MRI images/Healthy/mri_healthy (221).jpg,0,Healthy,MRI,82446f1d6dedf21d5a3db1af4db2ada47435cc0ad7f75f55ce32b6af6b1169ca,4
C:\Users\dondo\OneDrive\Documents\ADBU CSE(AI & ML)\5th sem\Minor Project\Project Prototype\Brain-Tumor-Minor-Project\dataset\Brain Tumor MRI images\Healthy\mri_healthy (223).jpg,Brain Tumor MRI images/Healthy/mri_healthy (223).jpg,0,Healthy,MRI,132e5adf2cd21a759322ba2e02044e56c1cb8fedd02ced1283baf77cc07cfb4a,1
C:\Users\dondo\OneDrive\Documents\ADBU CSE(AI & ML)\5th sem\Minor Project\Project Prototype\Brain-Tumor-Minor-Project\dataset\Brain Tumor MRI images\Healthy\mri_healthy (224).jpg,Brain Tumor MRI images/Healthy/mri_healthy (224).jpg,0,Healthy,MRI,cc171e8cfc126534059f2ff8ee3b52c44303d4d86e08362a5a9ad98d08009694,1
C:\Users\dondo\OneDrive\Documents\ADBU CSE(AI & ML)\5th sem\Minor Project\Project Prototype\Brain-Tumor-Minor-Project\dataset\Brain Tumor MRI images\Healthy\mri_healthy (225).jpg,Brain Tumor MRI images/Healthy/mri_healthy (225).jpg,0,Healthy,MRI,6a3c95573e606ef934350b687db2efac943e14c2bbb094a3d80a0479faa2968f,1
C:\Users\dondo\OneDrive\Documents\ADBU CSE(AI & ML)\5th sem\Minor Project\Project Prototype\Brain-Tumor-Minor-Project\dataset\Brain Tumor MRI images\Healthy\mri_healthy (226).jpg,Brain Tumor MRI images/Healthy/mri_healthy (226).jpg,0,Healthy,MRI,b5ff0a9c8d68c197c3db26c23a405c6654a12df53d25de7e5b584fca8cf5ccbc,1
C:\Users\dondo\OneDrive\Documents\ADBU CSE(AI & ML)\5th sem\Minor Project\Project Prototype\Brain-Tumor-Minor-Project\dataset\Brain Tumor MRI images\Healthy\mri_healthy (227).jpg,Brain Tumor MRI images/Healthy/mri_healthy (227).jpg,0,Healthy,MRI,36ec1e6ca7a45760e37d61a2c9c80d19417b6bc0e7655fe97fc24b3dfce224eb,1
C:\Users\dondo\OneDrive\Documents\ADBU CSE(AI & ML)\5th sem\Minor Project\Project Prototype\Brain-Tumor-Minor-Project\dataset\Brain Tumor MRI images\Healthy\mri_healthy (229).jpg,Brain Tumor MRI images/Healthy/mri_healthy (229).jpg,0,Healthy,MRI,7fd535f964cf0f1f83e844b60c5fbc6b8ea420d15a9df8b42fb3fd369ceb439c,1
C:\Users\dondo\OneDrive\Documents\ADBU CSE(AI & ML)\5th sem\Minor Project\Project Prototype\Brain-Tumor-Minor-Project\dataset\Brain Tumor MRI images\Healthy\mri_healthy (231).jpg,Brain Tumor MRI images/Healthy/mri_healthy (231).jpg,0,Healthy,MRI,4220152a69c6e7c6f83368a4d609cd7f6b9506b0ef0032bc91535b75d6c0aca8,2
C:\Users\dondo\OneDrive\Documents\ADBU CSE(AI & ML)\5th sem\Minor Project\Project Prototype\Brain-Tumor-Minor-Project\dataset\Brain Tumor MRI images\Healthy\mri_healthy (233).jpg,Brain Tumor MRI images/Healthy/mri_healthy (233).jpg,0,Healthy,MRI,3b9509fcf311ad8ed94dbd5a5ab3110e2d8449457f536dddb9296262b5367f15,2
C:\Users\dondo\OneDrive\Documents\ADBU CSE(AI & ML)\5th sem\Minor Project\Project Prototype\Brain-Tumor-Minor-Project\dataset\Brain Tumor MRI images\Healthy\mri_healthy (234).jpg,Brain Tumor MRI images/Healthy/mri_healthy (234).jpg,0,Healthy,MRI,703fd49c2714c0bcb3a4eb180a41acd97df54ce933813b321e01a8b6dd0ce280,2
C:\Users\dondo\OneDrive\Documents\ADBU CSE(AI & ML)\5th sem\Minor Project\Project Prototype\Brain-Tumor-Minor-Project\dataset\Brain Tumor MRI images\Healthy\mri_healthy (236).jpg,Brain Tumor MRI images/Healthy/mri_healthy (236).jpg,0,Healthy,MRI,2de195675085a79e6de7e93ffe9ff49eb68550efd5a8ed950d634c95ef3c78a9,1
C:\Users\dondo\OneDrive\Documents\ADBU CSE(AI & ML)\5th sem\Minor Project\Project Prototype\Brain-Tumor-Minor-Project\dataset\Brain Tumor MRI images\Healthy\mri_healthy (238).jpg,Brain Tumor MRI images/Healthy/mri_healthy (238).jpg,0,Healthy,MRI,f040faa9c38c40b44d80522cc10f7d4f623a0c882a2ba3626eebd1531a178207,1
C:\Users\dondo\OneDrive\Documents\ADBU CSE(AI & ML)\5th sem\Minor Project\Project Prototype\Brain-Tumor-Minor-Project\dataset\Brain Tumor MRI images\Healthy\mri_healthy (240).jpg,Brain Tumor MRI images/Healthy/mri_healthy (240).jpg,0,Healthy,MRI,536ba64bd8cc5e5a8bc83e24d578312dcde3632336f8ddd52e6c7fc769e55710,1
C:\Users\dondo\OneDrive\Documents\ADBU CSE(AI & ML)\5th sem\Minor Project\Project Prototype\Brain-Tumor-Minor-Project\dataset\Brain Tumor MRI images\Healthy\mri_healthy (244).jpg,Brain Tumor MRI images/Healthy/mri_healthy (244).jpg,0,Healthy,MRI,d900da34bcd2f18c4f2535c0f56739956a07bbee9325488dc0b6d287818608c9,1
C:\Users\dondo\OneDrive\Documents\ADBU CSE(AI & ML)\5th sem\Minor Project\Project Prototype\Brain-Tumor-Minor-Project\dataset\Brain Tumor MRI images\Healthy\mri_healthy (246).jpg,Brain Tumor MRI images/Healthy/mri_healthy (246).jpg,0,Healthy,MRI,4729913d554ed8b9268c0b8d7b0910327a7053a714cf67d48539c364789c1420,1
C:\Users\dondo\OneDrive\Documents\ADBU CSE(AI & ML)\5th sem\Minor Project\Project Prototype\Brain-Tumor-Minor-Project\dataset\Brain Tumor MRI images\Healthy\mri_healthy (247).jpg,Brain Tumor MRI images/Healthy/mri_healthy (247).jpg,0,Healthy,MRI,18e27c2c0f397a2ded9d01e80137ffa046cd8ecb898c8b276505974d54add5f6,1
C:\Users\dondo\OneDrive\Documents\ADBU CSE(AI & ML)\5th sem\Minor Project\Project Prototype\Brain-Tumor-Minor-Project\dataset\Brain Tumor MRI images\Healthy\mri_healthy (248).jpg,Brain Tumor MRI images/Healthy/mri_healthy (248).jpg,0,Healthy,MRI,4a1d7e77d2384aa18d80e0435320f3d57fb6b79c884c4e97c296d016ef636743,2
C:\Users\dondo\OneDrive\Documents\ADBU CSE(AI & ML)\5th sem\Minor Project\Project Prototype\Brain-Tumor-Minor-Project\dataset\Brain Tumor MRI images\Healthy\mri_healthy (25).jpg,Brain Tumor MRI images/Healthy/mri_healthy (25).jpg,0,Healthy,MRI,6dbb1a2c5c189a6a749768d5467a25ee27f49a9d61c2e2e5f4aa99d8f1d5d3d2,1
C:\Users\dondo\OneDrive\Documents\ADBU CSE(AI & ML)\5th sem\Minor Project\Project Prototype\Brain-Tumor-Minor-Project\dataset\Brain Tumor MRI images\Healthy\mri_healthy (251).jpg,Brain Tumor MRI images/Healthy/mri_healthy (251).jpg,0,Healthy,MRI,1185efde12452c591a36864676c9d6b79974c49f77604c108f87032322c071f6,2
C:\Users\dondo\OneDrive\Documents\ADBU CSE(AI & ML)\5th sem\Minor Project\Project Prototype\Brain-Tumor-Minor-Project\dataset\Brain Tumor MRI images\Healthy\mri_healthy (252).jpg,Brain Tumor MRI images/Healthy/mri_healthy (252).jpg,0,Healthy,MRI,58ddb41f4ddd0b4ac245b80f5a5228ca49a21586cd9f6be18799c1b89140b72a,1
C:\Users\dondo\OneDrive\Documents\ADBU CSE(AI & ML)\5th sem\Minor Project\Project Prototype\Brain-Tumor-Minor-Project\dataset\Brain Tumor MRI images\Healthy\mri_healthy (254).jpg,Brain Tumor MRI images/Healthy/mri_healthy (254).jpg,0,Healthy,MRI,d4631c4aaaaff120c1ba8799c4572f81b899e9ad91f12f46c0cd33af12c410ef,1
C:\Users\dondo\OneDrive\Documents\ADBU CSE(AI & ML)\5th sem\Minor Project\Project Prototype\Brain-Tumor-Minor-Project\dataset\Brain Tumor MRI images\Healthy\mri_healthy (256).jpg,Brain Tumor MRI images/Healthy/mri_healthy (256).jpg,0,Healthy,MRI,3e8a334afd521e6726f23adecaa3ec59cf59f923685abb6b0e38c3866610916c,1
C:\Users\dondo\OneDrive\Documents\ADBU CSE(AI & ML)\5th sem\Minor Project\Project Prototype\Brain-Tumor-Minor-Project\dataset\Brain Tumor MRI images\Healthy\mri_healthy (258).jpg,Brain Tumor MRI images/Healthy/mri_healthy (258).jpg,0,Healthy,MRI,8cbeb553171b8bf0aaf4f235df762b65431a50ada3c5510147f7e0f6fe456fa2,1
C:\Users\dondo\OneDrive\Documents\ADBU CSE(AI & ML)\5th sem\Minor Project\Project Prototype\Brain-Tumor-Minor-Project\dataset\Brain Tumor MRI images\Healthy\mri_healthy (259).jpg,Brain Tumor MRI images/Healthy/mri_healthy (259).jpg,0,Healthy,MRI,6884d0d4d2f6e7080c8f6f75ff482715157c3b84e52ac281e42872d8d8210b82,1
C:\Users\dondo\OneDrive\Documents\ADBU CSE(AI & ML)\5th sem\Minor Project\Project Prototype\Brain-Tumor-Minor-Project\dataset\Brain Tumor MRI images\Healthy\mri_healthy (26).jpg,Brain Tumor MRI images/Healthy/mri_healthy (26).jpg,0,Healthy,MRI,5d2e1c9600eb7982c359082f91e20f33134dfcba930be8000a4bd71e1e8f8574,1
C:\Users\dondo\OneDrive\Documents\ADBU CSE(AI & ML)\5th sem\Minor Project\Project Prototype\Brain-Tumor-Minor-Project\dataset\Brain Tumor MRI images\Healthy\mri_healthy (260).jpg,Brain Tumor MRI images/Healthy/mri_healthy (260).jpg,0,Healthy,MRI,fda9cded663ef3593467ca7d3d453437b663448e0222eed5b068a205d4c5d907,2
C:\Users\dondo\OneDrive\Documents\ADBU CSE(AI & ML)\5th sem\Minor Project\Project Prototype\Brain-Tumor-Minor-Project\dataset\Brain Tumor MRI images\Healthy\mri_healthy (263).jpg,Brain Tumor MRI images/Healthy/mri_healthy (263).jpg,0,Healthy,MRI,3b0384c02ca474bb2ad50d13a158b7a07d603c1b6e26229cf2fbda873b8b796f,1
C:\Users\dondo\OneDrive\Documents\ADBU CSE(AI & ML)\5th sem\Minor Project\Project Prototype\Brain-Tumor-Minor-Project\dataset\Brain Tumor MRI images\Healthy\mri_healthy (265).jpg,Brain Tumor MRI images/Healthy/mri_healthy (265).jpg,0,Healthy,MRI,523895a0eba0bb50ca95bb7a50944a765cabc28af66a973ef4d711108945c9fe,1
C:\Users\dondo\OneDrive\Documents\ADBU CSE(AI & ML)\5th sem\Minor Project\Project Prototype\Brain-Tumor-Minor-Project\dataset\Brain Tumor MRI images\Healthy\mri_healthy (267).jpg,Brain Tumor MRI images/Healthy/mri_healthy (267).jpg,0,Healthy,MRI,aafafc497dc0463a3a42a53a7943b07448e54c035d82e09b3c80596e674b733d,1
C:\Users\dondo\OneDrive\Documents\ADBU CSE(AI & ML)\5th sem\Minor Project\Project Prototype\Brain-Tumor-Minor-Project\dataset\Brain Tumor MRI images\Healthy\mri_healthy (268).jpg,Brain Tumor MRI images/Healthy/mri_healthy (268).jpg,0,Healthy,MRI,aab8ac9d1681416603ca1d207fa3f3fd7375a9b06b20145f04c90ec1845f3c1d,1
C:\Users\dondo\OneDrive\Documents\ADBU CSE(AI & ML)\5th sem\Minor Project\Project Prototype\Brain-Tumor-Minor-Project\dataset\Brain Tumor MRI images\Healthy\mri_healthy (269).jpg,Brain Tumor MRI images/Healthy/mri_healthy (269).jpg,0,Healthy,MRI,3b830f8d3ec4095be7b296ad035ea20d8f3bddc300ed0a46629876ff5cdaf70d,1
C:\Users\dondo\OneDrive\Documents\ADBU CSE(AI & ML)\5th sem\Minor Project\Project Prototype\Brain-Tumor-Minor-Project\dataset\Brain Tumor MRI images\Healthy\mri_healthy (270).jpg,Brain Tumor MRI images/Healthy/mri_healthy (270).jpg,0,Healthy,MRI,6aa32e841e107ce8df694ea66158c55d19c95b5641c12c5ae8e1d97bbd54cd34,1
C:\Users\dondo\OneDrive\Documents\ADBU CSE(AI & ML)\5th sem\Minor Project\Project Prototype\Brain-Tumor-Minor-Project\dataset\Brain Tumor MRI images\Healthy\mri_healthy (271).jpg,Brain Tumor MRI images/Healthy/mri_healthy (271).jpg,0,Healthy,MRI,84e371478f592662c3561d7e28251023e2bf969c963c4f4c6a558b2d7b92feae,1
C:\Users\dondo\OneDrive\Documents\ADBU CSE(AI & ML)\5th sem\Minor Project\Project Prototype\Brain-Tumor-Minor-Project\dataset\Brain Tumor MRI images\Healthy\mri_healthy (274).jpg,Brain Tumor MRI images/Healthy/mri_healthy (274).jpg,0,Healthy,MRI,16dac7d7df0eac6754acab8b0a39a1f52a87a867603120c5db36f87599971ee7,1
C:\Users\dondo\OneDrive\Documents\ADBU CSE(AI & ML)\5th sem\Minor Project\Project Prototype\Brain-Tumor-Minor-Project\dataset\Brain Tumor MRI images\Healthy\mri_healthy (275).jpg,Brain Tumor MRI images/Healthy/mri_healthy (275).jpg,0,Healthy,MRI,60186da09c47182fad9054426180f551b4fbba60630ed39497cbd07b87cae421,1
C:\Users\dondo\OneDrive\Documents\ADBU CSE(AI & ML)\5th sem\Minor Project\Project Prototype\Brain-Tumor-Minor-Project\dataset\Brain Tumor MRI images\Healthy\mri_healthy (276).jpg,Brain Tumor MRI images/Healthy/mri_healthy (276).jpg,0,Healthy,MRI,b5710c558fe342311866726ed65070265cf04ca0e91ca90f140f4a2471194c94,1
C:\Users\dondo\OneDrive\Documents\ADBU CSE(AI & ML)\5th sem\Minor Project\Project Prototype\Brain-Tumor-Minor-Project\dataset\Brain Tumor MRI images\Healthy\mri_healthy (277).jpg,Brain Tumor MRI images/Healthy/mri_healthy (277).jpg,0,Healthy,MRI,b999ffcb76cd26ef896d921f99e54978b88054f7dcc4d95b694f941f08877766,1
C:\Users\dondo\OneDrive\Documents\ADBU CSE(AI & ML)\5th sem\Minor Project\Project Prototype\Brain-Tumor-Minor-Project\dataset\Brain Tumor MRI images\Healthy\mri_healthy (278).jpg,Brain Tumor MRI images/Healthy/mri_healthy (278).jpg,0,Healthy,MRI,a1699b127b2407f580226a95167f1d7763f582840b8a4c4b5af08450fdcc80a4,1
C:\Users\dondo\OneDrive\Documents\ADBU CSE(AI & ML)\5th sem\Minor Project\Project Prototype\Brain-Tumor-Minor-Project\dataset\Brain Tumor MRI images\Healthy\mri_healthy (279).jpg,Brain Tumor MRI images/Healthy/mri_healthy (279).jpg,0,Healthy,MRI,aaa4db16e8544fa6bbc777e3326f868961f487f0bd0c647204e688af6e152d5f,2
C:\Users\dondo\OneDrive\Documents\ADBU CSE(AI & ML)\5th sem\Minor Project\Project Prototype\Brain-Tumor-Minor-Project\dataset\Brain Tumor MRI images\Healthy\mri_healthy (28).jpg,Brain Tumor MRI images/Healthy/mri_healthy (28).jpg,0,Healthy,MRI,8a643d0edda9b3810cb34f482923960f8252e094709ed631774cad42315df41e,1
C:\Users\dondo\OneDrive\Documents\ADBU CSE(AI & ML)\5th sem\Minor Project\Project Prototype\Brain-Tumor-Minor-Project\dataset\Brain Tumor MRI images\Healthy\mri_healthy (280).jpg,Brain Tumor MRI images/Healthy/mri_healthy (280).jpg,0,Healthy,MRI,72ea39f59ef7238bdfe9b836b255263761c8c47bd78828d2661416efd2abaebe,1
C:\Users\dondo\OneDrive\Documents\ADBU CSE(AI & ML)\5th sem\Minor Project\Project Prototype\Brain-Tumor-Minor-Project\dataset\Brain Tumor MRI images\Healthy\mri_healthy (284).jpg,Brain Tumor MRI images/Healthy/mri_healthy (284).jpg,0,Healthy,MRI,2d296bf433e0149619862f8f421412b5f6b79d7a972b08c8d7223dfb93da738b,2
C:\Users\dondo\OneDrive\Documents\ADBU CSE(AI & ML)\5th sem\Minor Project\Project Prototype\Brain-Tumor-Minor-Project\dataset\Brain Tumor MRI images\Healthy\mri_healthy (285).jpg,Brain Tumor MRI images/Healthy/mri_healthy (285).jpg,0,Healthy,MRI,3bc53371f92b4e59c501d50df120450ec872c0784e489686ac306cd0d2945cbd,1
C:\Users\dondo\OneDrive\Documents\ADBU CSE(AI & ML)\5th sem\Minor Project\Project Prototype\Brain-Tumor-Minor-Project\dataset\Brain Tumor MRI images\Healthy\mri_healthy (286).jpg,Brain Tumor MRI images/Healthy/mri_healthy (286).jpg,0,Healthy,MRI,5e5085ca754530d71579946bbc8f82b8d449a45d2c43e79000d0139c772b27ee,1
C:\Users\dondo\OneDrive\Documents\ADBU CSE(AI & ML)\5th sem\Minor Project\Project Prototype\Brain-Tumor-Minor-Project\dataset\Brain Tumor MRI images\Healthy\mri_healthy (288).jpg,Brain Tumor MRI images/Healthy/mri_healthy (288).jpg,0,Healthy,MRI,84221c7e2480dcd2a1d50ba0402be2c09f8603ed0a078dd153386b865d4a7377,1
C:\Users\dondo\OneDrive\Documents\ADBU CSE(AI & ML)\5th sem\Minor Project\Project Prototype\Brain-Tumor-Minor-Project\dataset\Brain Tumor MRI images\Healthy\mri_healthy (289).jpg,Brain Tumor MRI images/Healthy/mri_healthy (289).jpg,0,Healthy,MRI,81c4db4eb40f29f03efc36a9770d963ee9b738266ef3ca6bd8fa3db06e275fee,2
C:\Users\dondo\OneDrive\Documents\ADBU CSE(AI & ML)\5th sem\Minor Project\Project Prototype\Brain-Tumor-Minor-Project\dataset\Brain Tumor MRI images\Healthy\mri_healthy (29).jpg,Brain Tumor MRI images/Healthy/mri_healthy (29).jpg,0,Healthy,MRI,dd34d28babec9ab6843fb1c35685cc4df2a482d3e0f0e4e9af471bc0f6ebd4e9,1
C:\Users\dondo\OneDrive\Documents\ADBU CSE(AI & ML)\5th sem\Minor Project\Project Prototype\Brain-Tumor-Minor-Project\dataset\Brain Tumor MRI images\Healthy\mri_healthy (292).jpg,Brain Tumor MRI images/Healthy/mri_healthy (292).jpg,0,Healthy,MRI,ac9581bb1aa9a8e2996fabe163a29ab41d65febc584ef345ff4efc25bdbe566d,2
C:\Users\dondo\OneDrive\Documents\ADBU CSE(AI & ML)\5th sem\Minor Project\Project Prototype\Brain-Tumor-Minor-Project\dataset\Brain Tumor MRI images\Healthy\mri_healthy (293).jpg,Brain Tumor MRI images/Healthy/mri_healthy (293).jpg,0,Healthy,MRI,2ef4c810bd31ac6136626925ebe7032dbb06e6ab41a3453648ac90099c8f5dc3,1
C:\Users\dondo\OneDrive\Documents\ADBU CSE(AI & ML)\5th sem\Minor Project\Project Prototype\Brain-Tumor-Minor-Project\dataset\Brain Tumor MRI images\Healthy\mri_healthy (294).jpg,Brain Tumor MRI images/Healthy/mri_healthy (294).jpg,0,Healthy,MRI,043626a95743c22251f0deba4c68fbfc8526ab4b7b9a6ba56aa66d9e638e4c10,1
C:\Users\dondo\OneDrive\Documents\ADBU CSE(AI & ML)\5th sem\Minor Project\Project Prototype\Brain-Tumor-Minor-Project\dataset\Brain Tumor MRI images\Healthy\mri_healthy (295).jpg,Brain Tumor MRI images/Healthy/mri_healthy (295).jpg,0,Healthy,MRI,393f13eaabfdd7ad13c28c048252407c621f9961173f5bfedbe30a72f26fb54c,1
C:\Users\dondo\OneDrive\Documents\ADBU CSE(AI & ML)\5th sem\Minor Project\Project Prototype\Brain-Tumor-Minor-Project\dataset\Brain Tumor MRI images\Healthy\mri_healthy (298).jpg,Brain Tumor MRI images/Healthy/mri_healthy (298).jpg,0,Healthy,MRI,0143b0cd87597e9f6bf89648f11a121a81994037d4b9f4c8e235227ee06e6a32,1
C:\Users\dondo\OneDrive\Documents\ADBU CSE(AI & ML)\5th sem\Minor Project\Project Prototype\Brain-Tumor-Minor-Project\dataset\Brain Tumor MRI images\Healthy\mri_healthy (3).jpeg,Brain Tumor MRI images/Healthy/mri_healthy (3).jpeg,0,Healthy,MRI,249ff99c9f53be89ec35cac736f7fcbef534d00bd947a7476e3877b49e504f8f,1
C:\Users\dondo\OneDrive\Documents\ADBU CSE(AI & ML)\5th sem\Minor Project\Project Prototype\Brain-Tumor-Minor-Project\dataset\Brain Tumor MRI images\Healthy\mri_healthy (30).jpg,Brain Tumor MRI images/Healthy/mri_healthy (30).jpg,0,Healthy,MRI,c56a58f00e01294164b4d0aff44eaa9d56229d446c54a82d9d5a6533e586a8f8,2
C:\Users\dondo\OneDrive\Documents\ADBU CSE(AI & ML)\5th sem\Minor Project\Project Prototype\Brain-Tumor-Minor-Project\dataset\Brain Tumor MRI images\Healthy\mri_healthy (300).jpg,Brain Tumor MRI images/Healthy/mri_healthy (300).jpg,0,Healthy,MRI,b9fdd7b755af949a7d46a171c3a81e482aac015b76660ab51d8dda77f2c82ac5,1
C:\Users\dondo\OneDrive\Documents\ADBU CSE(AI & ML)\5th sem\Minor Project\Project Prototype\Brain-Tumor-Minor-Project\dataset\Brain Tumor MRI images\Healthy\mri_healthy (307).jpg,Brain Tumor MRI images/Healthy/mri_healthy (307).jpg,0,Healthy,MRI,9f6575d28153c1601d0adb1b875321725e61aa76486460d986bda18f36bf363c,1
C:\Users\dondo\OneDrive\Documents\ADBU CSE(AI & ML)\5th sem\Minor Project\Project Prototype\Brain-Tumor-Minor-Project\dataset\Brain Tumor MRI images\Healthy\mri_healthy (308).jpg,Brain Tumor MRI images/Healthy/mri_healthy (308).jpg,0,Healthy,MRI,9666ffb449f1ce60cede67cef76657d1cce03f64e07bb414f0c8954727d35cad,2
C:\Users\dondo\OneDrive\Documents\ADBU CSE(AI & ML)\5th sem\Minor Project\Project Prototype\Brain-Tumor-Minor-Project\dataset\Brain Tumor MRI images\Healthy\mri_healthy (309).jpg,Brain Tumor MRI images/Healthy/mri_healthy (309).jpg,0,Healthy,MRI,5463766fb2fe5cf57de290830be00cb604d691eb6be1e10841648440aa7f72b9,1
C:\Users\dondo\OneDrive\Documents\ADBU CSE(AI & ML)\5th sem\Minor Project\Project Prototype\Brain-Tumor-Minor-Project\dataset\Brain Tumor MRI images\Healthy\mri_healthy (314).jpg,Brain Tumor MRI images/Healthy/mri_healthy (314).jpg,0,Healthy,MRI,e6127534da482a06a38a07e95238d8bd47c4fc08950198947ce859acb4523747,2
C:\Users\dondo\OneDrive\Documents\ADBU CSE(AI & ML)\5th sem\Minor Project\Project Prototype\Brain-Tumor-Minor-Project\dataset\Brain Tumor MRI images\Healthy\mri_healthy (315).jpg,Brain Tumor MRI images/Healthy/mri_healthy (315).jpg,0,Healthy,MRI,9496ba7a2afd7e13c40ac256ee5ebe860be3aaeefecf64f3a83daae32601cc70,1
C:\Users\dondo\OneDrive\Documents\ADBU CSE(AI & ML)\5th sem\Minor Project\Project Prototype\Brain-Tumor-Minor-Project\dataset\Brain Tumor MRI images\Healthy\mri_healthy (316).jpg,Brain Tumor MRI images/Healthy/mri_healthy (316).jpg,0,Healthy,MRI,c3120e22a23232decb6c06cdf5a1b2417bd3aaf0bfde02af22b2f1f41c15f667,1
C:\Users\dondo\OneDrive\Documents\ADBU CSE(AI & ML)\5th sem\Minor Project\Project Prototype\Brain-Tumor-Minor-Project\dataset\Brain Tumor MRI images\Healthy\mri_healthy (317).jpg,Brain Tumor MRI images/Healthy/mri_healthy (317).jpg,0,Healthy,MRI,79df4af8529459ceb2a02cbc7fc67c2ecd553667e2698d49686ff452ce18f55b,1
C:\Users\dondo\OneDrive\Documents\ADBU CSE(AI & ML)\5th sem\Minor Project\Project Prototype\Brain-Tumor-Minor-Project\dataset\Brain Tumor MRI images\Healthy\mri_healthy (318).jpg,Brain Tumor MRI images/Healthy/mri_healthy (318).jpg,0,Healthy,MRI,080974ae78ac522890464a54a036867c60911d553485a8c7f0a665906573bf56,1
C:\Users\dondo\OneDrive\Documents\ADBU CSE(AI & ML)\5th sem\Minor Project\Project Prototype\Brain-Tumor-Minor-Project\dataset\Brain Tumor MRI images\Healthy\mri_healthy (321).jpg,Brain Tumor MRI images/Healthy/mri_healthy (321).jpg,0,Healthy,MRI,edc2fe245a009cb0e622ca81c4ee2b63a4b2d41d2e3bb171c6c8c9bdf4bd2f7d,1
C:\Users\dondo\OneDrive\Documents\ADBU CSE(AI & ML)\5th sem\Minor Project\Project Prototype\Brain-Tumor-Minor-Project\dataset\Brain Tumor MRI images\Healthy\mri_healthy (323).jpg,Brain Tumor MRI images/Healthy/mri_healthy (323).jpg,0,Healthy,MRI,e38837cdb7ff732c41c8d96e98a19c7bfa67287a94b3feef3e24b0b8bdadbbbb,1
C:\Users\dondo\OneDrive\Documents\ADBU CSE(AI & ML)\5th sem\Minor Project\Project Prototype\Brain-Tumor-Minor-Project\dataset\Brain Tumor MRI images\Healthy\mri_healthy (324).jpg,Brain Tumor MRI images/Healthy/mri_healthy (324).jpg,0,Healthy,MRI,61f1f14678e0c1d907eab92a2a4d786b2da5aab13d7d4b0fde3460a9172b9c57,1
C:\Users\dondo\OneDrive\Documents\ADBU CSE(AI & ML)\5th sem\Minor Project\Project Prototype\Brain-Tumor-Minor-Project\dataset\Brain Tumor MRI images\Healthy\mri_healthy (325).jpg,Brain Tumor MRI images/Healthy/mri_healthy (325).jpg,0,Healthy,MRI,81c3c07f42893147e9b745619c2e962c7622f6464f506024aaf3cd3e1abb78b0,3
C:\Users\dondo\OneDrive\Documents\ADBU CSE(AI & ML)\5th sem\Minor Project\Project Prototype\Brain-Tumor-Minor-Project\dataset\Brain Tumor MRI images\Healthy\mri_healthy (326).jpg,Brain Tumor MRI images/Healthy/mri_healthy (326).jpg,0,Healthy,MRI,c8beaf98173207775f5fac42962f925850a980944cc8803c7e7c9503bd6c7686,1
C:\Users\dondo\OneDrive\Documents\ADBU CSE(AI & ML)\5th sem\Minor Project\Project Prototype\Brain-Tumor-Minor-Project\dataset\Brain Tumor MRI images\Healthy\mri_healthy (329).jpg,Brain Tumor MRI images/Healthy/mri_healthy (329).jpg,0,Healthy,MRI,b8bda455d29ab5c7ec205dcbe2668a820887fb0ac40fac68cb0d1ee8d0a99494,1
C:\Users\dondo\OneDrive\Documents\ADBU CSE(AI & ML)\5th sem\Minor Project\Project Prototype\Brain-Tumor-Minor-Project\dataset\Brain Tumor MRI images\Healthy\mri_healthy (330).jpg,Brain Tumor MRI images/Healthy/mri_healthy (330).jpg,0,Healthy,MRI,05d46a8308109e8ab3f21d4f365f90b31f16d178c4dd470ff20f351c3597ce2d,1
C:\Users\dondo\OneDrive\Documents\ADBU CSE(AI & ML)\5th sem\Minor Project\Project Prototype\Brain-Tumor-Minor-Project\dataset\Brain Tumor MRI images\Healthy\mri_healthy (331).jpg,Brain Tumor MRI images/Healthy/mri_healthy (331).jpg,0,Healthy,MRI,b641e92c0d15f121f5690de7ea4d9c70b2fbc8a9ab5856e366ae4d92df9dc204,1
C:\Users\dondo\OneDrive\Documents\ADBU CSE(AI & ML)\5th sem\Minor Project\Project Prototype\Brain-Tumor-Minor-Project\dataset\Brain Tumor MRI images\Healthy\mri_healthy (332).jpg,Brain Tumor MRI images/Healthy/mri_healthy (332).jpg,0,Healthy,MRI,0654227693f487b1e60cdfaf937f833cb82e9068c6527d80518dc0af3507b482,1
C:\Users\dondo\OneDrive\Documents\ADBU CSE(AI & ML)\5th sem\Minor Project\Project Prototype\Brain-Tumor-Minor-Project\dataset\Brain Tumor MRI images\Healthy\mri_healthy (334).jpg,Brain Tumor MRI images/Healthy/mri_healthy (334).jpg,0,Healthy,MRI,2e04bcfcab9079651a49c8f525f6f01669d8000f9e0a3e9f79cdf03860cf59b1,1
C:\Users\dondo\OneDrive\Documents\ADBU CSE(AI & ML)\5th sem\Minor Project\Project Prototype\Brain-Tumor-Minor-Project\dataset\Brain Tumor MRI images\Healthy\mri_healthy (337).jpg,Brain Tumor MRI images/Healthy/mri_healthy (337).jpg,0,Healthy,MRI,5cf22b6cdab78da61da60bb688c783898e1a91cce71e1bed8f493f959c7072b3,1
C:\Users\dondo\OneDrive\Documents\ADBU CSE(AI & ML)\5th sem\Minor Project\Project Prototype\Brain-Tumor-Minor-Project\dataset\Brain Tumor MRI images\Healthy\mri_healthy (338).jpg,Brain Tumor MRI images/Healthy/mri_healthy (338).jpg,0,Healthy,MRI,b5d1c83a70a357b8cf7fb605b3b74bda5ee7ab4b2563dc8c9566c2836b0db0f8,1
C:\Users\dondo\OneDrive\Documents\ADBU CSE(AI & ML)\5th sem\Minor Project\Project Prototype\Brain-Tumor-Minor-Project\dataset\Brain Tumor MRI images\Healthy\mri_healthy (339).jpg,Brain Tumor MRI images/Healthy/mri_healthy (339).jpg,0,Healthy,MRI,83e3ee5d1b0647e20b5c9d619c014bfa06e7733c8febe3ac89c73eefa48b8a98,1
C:\Users\dondo\OneDrive\Documents\ADBU CSE(AI & ML)\5th sem\Minor Project\Project Prototype\Brain-Tumor-Minor-Project\dataset\Brain Tumor MRI images\Healthy\mri_healthy (341).jpg,Brain Tumor MRI images/Healthy/mri_healthy (341).jpg,0,Healthy,MRI,38280bae299a0056020e8fcde0186113b7bb638929c76ba38532ded664eeab1e,1
C:\Users\dondo\OneDrive\Documents\ADBU CSE(AI & ML)\5th sem\Minor Project\Project Prototype\Brain-Tumor-Minor-Project\dataset\Brain Tumor MRI images\Healthy\mri_healthy (342).jpg,Brain Tumor MRI images/Healthy/mri_healthy (342).jpg,0,Healthy,MRI,552efa19ef8c9b64711544f555bd220350aa7e500088876f98386bec480c25ca,1
C:\Users\dondo\OneDrive\Documents\ADBU CSE(AI & ML)\5th sem\Minor Project\Project Prototype\Brain-Tumor-Minor-Project\dataset\Brain Tumor MRI images\Healthy\mri_healthy (343).jpg,Brain Tumor MRI images/Healthy/mri_healthy (343).jpg,0,Healthy,MRI,f037ed719e909d218c4b0d2265e3f1eaaf5cf1e8fb09378f0e1015b552a7a7d4,1
C:\Users\dondo\OneDrive\Documents\ADBU CSE(AI & ML)\5th sem\Minor Project\Project Prototype\Brain-Tumor-Minor-Project\dataset\Brain Tumor MRI images\Healthy\mri_healthy (344).jpg,Brain Tumor MRI images/Healthy/mri_healthy (344).jpg,0,Healthy,MRI,e803f38e6ac8727f239ec5ce06e5a65180d87f725544ab1d85853cc8650a2733,1
C:\Users\dondo\OneDrive\Documents\ADBU CSE(AI & ML)\5th sem\Minor Project\Project Prototype\Brain-Tumor-Minor-Project\dataset\Brain Tumor MRI images\Healthy\mri_healthy (345).jpg,Brain Tumor MRI images/Healthy/mri_healthy (345).jpg,0,Healthy,MRI,6bbbad7481671ba02177cad3126f57196242b89de1e6468ca217c1f299728f7d,1
C:\Users\dondo\OneDrive\Documents\ADBU CSE(AI & ML)\5th sem\Minor Project\Project Prototype\Brain-Tumor-Minor-Project\dataset\Brain Tumor MRI images\Healthy\mri_healthy (346).jpg,Brain Tumor MRI images/Healthy/mri_healthy (346).jpg,0,Healthy,MRI,dbb57eb01457240bb20f2faa3dd9dd86aa59d4670c56806e341d1f9a3daa22ec,1
C:\Users\dondo\OneDrive\Documents\ADBU CSE(AI & ML)\5th sem\Minor Project\Project Prototype\Brain-Tumor-Minor-Project\dataset\Brain Tumor MRI images\Healthy\mri_healthy (347).jpg,Brain Tumor MRI images/Healthy/mri_healthy (347).jpg,0,Healthy,MRI,e551fdaae471df68e4f21a4c20a69b1accbb789a6dd2d4f5395f0d3d71eab22e,1
C:\Users\dondo\OneDrive\Documents\ADBU CSE(AI & ML)\5th sem\Minor Project\Project Prototype\Brain-Tumor-Minor-Project\dataset\Brain Tumor MRI images\Healthy\mri_healthy (348).jpg,Brain Tumor MRI images/Healthy/mri_healthy (348).jpg,0,Healthy,MRI,2bbaf6e622e4c511aedb092c587572320d6ba81769cacd2c4c034c952003d5de,1
C:\Users\dondo\OneDrive\Documents\ADBU CSE(AI & ML)\5th sem\Minor Project\Project Prototype\Brain-Tumor-Minor-Project\dataset\Brain Tumor MRI images\Healthy\mri_healthy (351).jpg,Brain Tumor MRI images/Healthy/mri_healthy (351).jpg,0,Healthy,MRI,6b0635dc2b5c66fe571560e508ad21f1beceae7aacf9506cec35846b501d49b3,1
C:\Users\dondo\OneDrive\Documents\ADBU CSE(AI & ML)\5th sem\Minor Project\Project Prototype\Brain-Tumor-Minor-Project\dataset\Brain Tumor MRI images\Healthy\mri_healthy (352).jpg,Brain Tumor MRI images/Healthy/mri_healthy (352).jpg,0,Healthy,MRI,f97ecf956f0ce8e93f61f3901c94c3ec25e15dde33ab5230a3df1e41021ab143,1
C:\Users\dondo\OneDrive\Documents\ADBU CSE(AI & ML)\5th sem\Minor Project\Project Prototype\Brain-Tumor-Minor-Project\dataset\Brain Tumor MRI images\Healthy\mri_healthy (353).jpg,Brain Tumor MRI images/Healthy/mri_healthy (353).jpg,0,Healthy,MRI,bbfb578f8a87a6406fdbd8842966b7410bdcacad6d55aa6737cc13467b3018ae,1
C:\Users\dondo\OneDrive\Documents\ADBU CSE(AI & ML)\5th sem\Minor Project\Project Prototype\Brain-Tumor-Minor-Project\dataset\Brain Tumor MRI images\Healthy\mri_healthy (354).jpg,Brain Tumor MRI images/Healthy/mri_healthy (354).jpg,0,Healthy,MRI,215b3bc1434feed2dfbe2da26cf311c13ab4b908d92d65601763b72753b568ad,1
C:\Users\dondo\OneDrive\Documents\ADBU CSE(AI & ML)\5th sem\Minor Project\Project Prototype\Brain-Tumor-Minor-Project\dataset\Brain Tumor MRI images\Healthy\mri_healthy (356).jpg,Brain Tumor MRI images/Healthy/mri_healthy (356).jpg,0,Healthy,MRI,917263d0d152917fd93e011095a6eeeb02872d7d90c7f82015075253638cdc41,1
C:\Users\dondo\OneDrive\Documents\ADBU CSE(AI & ML)\5th sem\Minor Project\Project Prototype\Brain-Tumor-Minor-Project\dataset\Brain Tumor MRI images\Healthy\mri_healthy (359).jpg,Brain Tumor MRI images/Healthy/mri_healthy (359).jpg,0,Healthy,MRI,c0106a1b8d7f69f8847d294a08bff763f35d4b3ad2325604133527925e30c164,1
C:\Users\dondo\OneDrive\Documents\ADBU CSE(AI & ML)\5th sem\Minor Project\Project Prototype\Brain-Tumor-Minor-Project\dataset\Brain Tumor MRI images\Healthy\mri_healthy (360).jpg,Brain Tumor MRI images/Healthy/mri_healthy (360).jpg,0,Healthy,MRI,744c1579407f3210572401bcb3ca3825ea7349897a59b38643df7c10e0fe76ae,1
C:\Users\dondo\OneDrive\Documents\ADBU CSE(AI & ML)\5th sem\Minor Project\Project Prototype\Brain-Tumor-Minor-Project\dataset\Brain Tumor MRI images\Healthy\mri_healthy (361).jpg,Brain Tumor MRI images/Healthy/mri_healthy (361).jpg,0,Healthy,MRI,332806793f4e2e97368d5210f909c809372486f25b594c20ad911a652d1443a9,1
C:\Users\dondo\OneDrive\Documents\ADBU CSE(AI & ML)\5th sem\Minor Project\Project Prototype\Brain-Tumor-Minor-Project\dataset\Brain Tumor MRI images\Healthy\mri_healthy (363).jpg,Brain Tumor MRI images/Healthy/mri_healthy (363).jpg,0,Healthy,MRI,a669e56f9f0e42f5ade0964bcefffc5a27ac54901bf5e38e90d4dfa28bfa1363,1
C:\Users\dondo\OneDrive\Documents\ADBU CSE(AI & ML)\5th sem\Minor Project\Project Prototype\Brain-Tumor-Minor-Project\dataset\Brain Tumor MRI images\Healthy\mri_healthy (364).jpg,Brain Tumor MRI images/Healthy/mri_healthy (364).jpg,0,Healthy,MRI,a6fabcf490482c4d626ca4654bc7bab70dc1bc7bdea0023b121704a9de590aa1,2
C:\Users\dondo\OneDrive\Documents\ADBU CSE(AI & ML)\5th sem\Minor Project\Project Prototype\Brain-Tumor-Minor-Project\dataset\Brain Tumor MRI images\Healthy\mri_healthy (367).jpg,Brain Tumor MRI images/Healthy/mri_healthy (367).jpg,0,Healthy,MRI,4422b8176689c8cb503b0c347b5571d509f69da59a5735031cc4f67a1cefe31f,1
C:\Users\dondo\OneDrive\Documents\ADBU CSE(AI & ML)\5th sem\Minor Project\Project Prototype\Brain-Tumor-Minor-Project\dataset\Brain Tumor MRI images\Healthy\mri_healthy (369).jpg,Brain Tumor MRI images/Healthy/mri_healthy (369).jpg,0,Healthy,MRI,8ae85ab6c9a736efc83629e6ec8166a600d5a655054b906afdc57473aa806f07,1
C:\Users\dondo\OneDrive\Documents\ADBU CSE(AI & ML)\5th sem\Minor Project\Project Prototype\Brain-Tumor-Minor-Project\dataset\Brain Tumor MRI images\Healthy\mri_healthy (37).jpg,Brain Tumor MRI images/Healthy/mri_healthy (37).jpg,0,Healthy,MRI,8a65edb7c23f7430f4ffbc40e6188cbe54fc080c5a5776c0d86d27cabc8eaf83,1
C:\Users\dondo\OneDrive\Documents\ADBU CSE(AI & ML)\5th sem\Minor Project\Project Prototype\Brain-Tumor-Minor-Project\dataset\Brain Tumor MRI images\Healthy\mri_healthy (370).jpg,Brain Tumor MRI images/Healthy/mri_healthy (370).jpg,0,Healthy,MRI,7d4873cb9e4ddab79aa476a81cbc850007b3e3673ffb21e6f6f7cb7399c9a128,1
C:\Users\dondo\OneDrive\Documents\ADBU CSE(AI & ML)\5th sem\Minor Project\Project Prototype\Brain-Tumor-Minor-Project\dataset\Brain Tumor MRI images\Healthy\mri_healthy (372).jpg,Brain Tumor MRI images/Healthy/mri_healthy (372).jpg,0,Healthy,MRI,f6b1a28573118e01d87960d59c26c8f003b7d3832638aee37b4ba3e73c811e3e,1
C:\Users\dondo\OneDrive\Documents\ADBU CSE(AI & ML)\5th sem\Minor Project\Project Prototype\Brain-Tumor-Minor-Project\dataset\Brain Tumor MRI images\Healthy\mri_healthy (373).jpg,Brain Tumor MRI images/Healthy/mri_healthy (373).jpg,0,Healthy,MRI,be3bf884cef243c4d6c53412570464442adb32651f9071ef1f570f6e8fc8be05,1
C:\Users\dondo\OneDrive\Documents\ADBU CSE(AI & ML)\5th sem\Minor Project\Project Prototype\Brain-Tumor-Minor-Project\dataset\Brain Tumor MRI images\Healthy\mri_healthy (374).jpg,Brain Tumor MRI images/Healthy/mri_healthy (374).jpg,0,Healthy,MRI,163a9e0db168e91d2051c3952894e13b601590ebe52edc49e4f91f46eb2b24ae,1
C:\Users\dondo\OneDrive\Documents\ADBU CSE(AI & ML)\5th sem\Minor Project\Project Prototype\Brain-Tumor-Minor-Project\dataset\Brain Tumor MRI images\Healthy\mri_healthy (376).jpg,Brain Tumor MRI images/Healthy/mri_healthy (376).jpg,0,Healthy,MRI,d5b528c5f9f42e7f389312940e21b72971113a7e8db30580cc80b47925ae1bfe,3
C:\Users\dondo\OneDrive\Documents\ADBU CSE(AI & ML)\5th sem\Minor Project\Project Prototype\Brain-Tumor-Minor-Project\dataset\Brain Tumor MRI images\Healthy\mri_healthy (377).jpg,Brain Tumor MRI images/Healthy/mri_healthy (377).jpg,0,Healthy,MRI,c742175c63951daa021bb3a51156655ba2b93034b819538fce6aeab687da6a9b,1
C:\Users\dondo\OneDrive\Documents\ADBU CSE(AI & ML)\5th sem\Minor Project\Project Prototype\Brain-Tumor-Minor-Project\dataset\Brain Tumor MRI images\Healthy\mri_healthy (378).jpg,Brain Tumor MRI images/Healthy/mri_healthy (378).jpg,0,Healthy,MRI,f08ffea77103cefafc883c18d18cc59e7f26588e0df7084622a19517bf71e3f2,1
C:\Users\dondo\OneDrive\Documents\ADBU CSE(AI & ML)\5th sem\Minor Project\Project Prototype\Brain-Tumor-Minor-Project\dataset\Brain Tumor MRI images\Healthy\mri_healthy (382).jpg,Brain Tumor MRI images/Healthy/mri_healthy (382).jpg,0,Healthy,MRI,beacb36b0808e67fac4b493668bf6fa3ea7a574ea9fcdac40116a4818aa966b9,1
C:\Users\dondo\OneDrive\Documents\ADBU CSE(AI & ML)\5th sem\Minor Project\Project Prototype\Brain-Tumor-Minor-Project\dataset\Brain Tumor MRI images\Healthy\mri_healthy (383).jpg,Brain Tumor MRI images/Healthy/mri_healthy (383).jpg,0,Healthy,MRI,6d3742105fd624578ceed9c17845cd197631a0298f5e89853efd12c7e1579215,1
C:\Users\dondo\OneDrive\Documents\ADBU CSE(AI & ML)\5th sem\Minor Project\Project Prototype\Brain-Tumor-Minor-Project\dataset\Brain Tumor MRI images\Healthy\mri_healthy (385).jpg,Brain Tumor MRI images/Healthy/mri_healthy (385).jpg,0,Healthy,MRI,93fa2cfecdd067a6e94c6c2a9e61d8cdee301466857a36571e5e5e7244b6a3ec,1
C:\Users\dondo\OneDrive\Documents\ADBU CSE(AI & ML)\5th sem\Minor Project\Project Prototype\Brain-Tumor-Minor-Project\dataset\Brain Tumor MRI images\Healthy\mri_healthy (386).jpg,Brain Tumor MRI images/Healthy/mri_healthy (386).jpg,0,Healthy,MRI,c18d546cf239efa106541930930ae02819ef6602515fe2e5e6f3385e6faad1ba,2
C:\Users\dondo\OneDrive\Documents\ADBU CSE(AI & ML)\5th sem\Minor Project\Project Prototype\Brain-Tumor-Minor-Project\dataset\Brain Tumor MRI images\Healthy\mri_healthy (387).jpg,Brain Tumor MRI images/Healthy/mri_healthy (387).jpg,0,Healthy,MRI,0f1698fe036b1f0b4ed9d266aaa776f397482c8dc959889e22111c75a20701d9,1
C:\Users\dondo\OneDrive\Documents\ADBU CSE(AI & ML)\5th sem\Minor Project\Project Prototype\Brain-Tumor-Minor-Project\dataset\Brain Tumor MRI images\Healthy\mri_healthy (388).jpg,Brain Tumor MRI images/Healthy/mri_healthy (388).jpg,0,Healthy,MRI,03cbc7410cde2c57928e04c7183fb2b26e4d7e64a962b20f9d91136fb063ef35,2
C:\Users\dondo\OneDrive\Documents\ADBU CSE(AI & ML)\5th sem\Minor Project\Project Prototype\Brain-Tumor-Minor-Project\dataset\Brain Tumor MRI images\Healthy\mri_healthy (391).jpg,Brain Tumor MRI images/Healthy/mri_healthy (391).jpg,0,Healthy,MRI,c88e74e3442a633974f992da6de49321d47e672b625aab7af4141b6c22ed905b,2
C:\Users\dondo\OneDrive\Documents\ADBU CSE(AI & ML)\5th sem\Minor Project\Project Prototype\Brain-Tumor-Minor-Project\dataset\Brain Tumor MRI images\Healthy\mri_healthy (394).jpg,Brain Tumor MRI images/Healthy/mri_healthy (394).jpg,0,Healthy,MRI,5bc91fdaf2542635e465dcb63a72dc65493d0ce65278ba28e76f9626120de95d,1
C:\Users\dondo\OneDrive\Documents\ADBU CSE(AI & ML)\5th sem\Minor Project\Project Prototype\Brain-Tumor-Minor-Project\dataset\Brain Tumor MRI images\Healthy\mri_healthy (396).jpg,Brain Tumor MRI images/Healthy/mri_healthy (396).jpg,0,Healthy,MRI,8476bab58567c4aa60f8fe7472b0272e5d82f9cd44b60c62724b9866be3ab323,2
C:\Users\dondo\OneDrive\Documents\ADBU CSE(AI & ML)\5th sem\Minor Project\Project Prototype\Brain-Tumor-Minor-Project\dataset\Brain Tumor MRI images\Healthy\mri_healthy (397).jpg,Brain Tumor MRI images/Healthy/mri_healthy (397).jpg,0,Healthy,MRI,724d276fa9abe3452843c8cb714d7dc15f404016e2f365d3a49fdc385235a9ef,1
C:\Users\dondo\OneDrive\Documents\ADBU CSE(AI & ML)\5th sem\Minor Project\Project Prototype\Brain-Tumor-Minor-Project\dataset\Brain Tumor MRI images\Healthy\mri_healthy (399).jpg,Brain Tumor MRI images/Healthy/mri_healthy (399).jpg,0,Healthy,MRI,898d9d889a584f17e6acdb6982e29b5222bce16a8e9fe9867afed514f1d195bd,1
C:\Users\dondo\OneDrive\Documents\ADBU CSE(AI & ML)\5th sem\Minor Project\Project Prototype\Brain-Tumor-Minor-Project\dataset\Brain Tumor MRI images\Healthy\mri_healthy (4).jpg,Brain Tumor MRI images/Healthy/mri_healthy (4).jpg,0,Healthy,MRI,9bbcdc073ffd1abc1870ea9f9b1d5c203bdc03edd2f8f1638651b1d99ba1a798,1
C:\Users\dondo\OneDrive\Documents\ADBU CSE(AI & ML)\5th sem\Minor Project\Project Prototype\Brain-Tumor-Minor-Project\dataset\Brain Tumor MRI images\Healthy\mri_healthy (40).jpg,Brain Tumor MRI images/Healthy/mri_healthy (40).jpg,0,Healthy,MRI,244d13c305d8cd00677ba5ef63748a71b45db09be8f4943eaa5c545048fe0651,1
C:\Users\dondo\OneDrive\Documents\ADBU CSE(AI & ML)\5th sem\Minor Project\Project Prototype\Brain-Tumor-Minor-Project\dataset\Brain Tumor MRI images\Healthy\mri_healthy (400).jpg,Brain Tumor MRI images/Healthy/mri_healthy (400).jpg,0,Healthy,MRI,81d4861d3ddea2cef9ae3b05eb4d74e2f3a683ae12759709d5f3bbb00a4b4cf2,1
C:\Users\dondo\OneDrive\Documents\ADBU CSE(AI & ML)\5th sem\Minor Project\Project Prototype\Brain-Tumor-Minor-Project\dataset\Brain Tumor MRI images\Healthy\mri_healthy (401).jpg,Brain Tumor MRI images/Healthy/mri_healthy (401).jpg,0,Healthy,MRI,f5d4c403ed234ebd93dfaf93523fcb4d6cb830532b5036de64c55a8c68daff05,1
C:\Users\dondo\OneDrive\Documents\ADBU CSE(AI & ML)\5th sem\Minor Project\Project Prototype\Brain-Tumor-Minor-Project\dataset\Brain Tumor MRI images\Healthy\mri_healthy (402).jpg,Brain Tumor MRI images/Healthy/mri_healthy (402).jpg,0,Healthy,MRI,79912683a7534d1df2ca7097e325e7c05a18821be4b96261b86204eb513a7d4e,1
C:\Users\dondo\OneDrive\Documents\ADBU CSE(AI & ML)\5th sem\Minor Project\Project Prototype\Brain-Tumor-Minor-Project\dataset\Brain Tumor MRI images\Healthy\mri_healthy (403).jpg,Brain Tumor MRI images/Healthy/mri_healthy (403).jpg,0,Healthy,MRI,817d8c4fc6c865d0f69b9c8e4677f45a4de495884d3787534d19c2afedf78049,1
C:\Users\dondo\OneDrive\Documents\ADBU CSE(AI & ML)\5th sem\Minor Project\Project Prototype\Brain-Tumor-Minor-Project\dataset\Brain Tumor MRI images\Healthy\mri_healthy (405).jpg,Brain Tumor MRI images/Healthy/mri_healthy (405).jpg,0,Healthy,MRI,4b11ba0620d40df6813304234ca06ba1b917dc0e8b9336ef3159e61bb9d1b812,2
C:\Users\dondo\OneDrive\Documents\ADBU CSE(AI & ML)\5th sem\Minor Project\Project Prototype\Brain-Tumor-Minor-Project\dataset\Brain Tumor MRI images\Healthy\mri_healthy (407).jpg,Brain Tumor MRI images/Healthy/mri_healthy (407).jpg,0,Healthy,MRI,e81c40a4c5be03b41ac93e7cfbe085aa711aefa8c65d70274fdadfcc6b781507,1
C:\Users\dondo\OneDrive\Documents\ADBU CSE(AI & ML)\5th sem\Minor Project\Project Prototype\Brain-Tumor-Minor-Project\dataset\Brain Tumor MRI images\Healthy\mri_healthy (41).jpg,Brain Tumor MRI images/Healthy/mri_healthy (41).jpg,0,Healthy,MRI,04f5c86f3d1cd94de353840f423b66dda0c971b981d5d0abc1bb68ba1ab0e688,2
C:\Users\dondo\OneDrive\Documents\ADBU CSE(AI & ML)\5th sem\Minor Project\Project Prototype\Brain-Tumor-Minor-Project\dataset\Brain Tumor MRI images\Healthy\mri_healthy (411).jpg,Brain Tumor MRI images/Healthy/mri_healthy (411).jpg,0,Healthy,MRI,3b564590931dd1196eb6b4dcf0b2d33f3529fdb8d8d2eaf044c98ebf35e11347,1
C:\Users\dondo\OneDrive\Documents\ADBU CSE(AI & ML)\5th sem\Minor Project\Project Prototype\Brain-Tumor-Minor-Project\dataset\Brain Tumor MRI images\Healthy\mri_healthy (412).jpg,Brain Tumor MRI images/Healthy/mri_healthy (412).jpg,0,Healthy,MRI,5f28ed68115617f590096f21fdc7aaacacbd65c5c778ab0e323a013733133b3b,1
C:\Users\dondo\OneDrive\Documents\ADBU CSE(AI & ML)\5th sem\Minor Project\Project Prototype\Brain-Tumor-Minor-Project\dataset\Brain Tumor MRI images\Healthy\mri_healthy (414).jpg,Brain Tumor MRI images/Healthy/mri_healthy (414).jpg,0,Healthy,MRI,3220a36917bd85cc368e18afcdfad208b1d4f5651d2705f19f826b9b80b2240e,1
C:\Users\dondo\OneDrive\Documents\ADBU CSE(AI & ML)\5th sem\Minor Project\Project Prototype\Brain-Tumor-Minor-Project\dataset\Brain Tumor MRI images\Healthy\mri_healthy (416).jpg,Brain Tumor MRI images/Healthy/mri_healthy (416).jpg,0,Healthy,MRI,5c5ad24ec1804c1a2c3db3e6931c167fbf8b1c0c501ef9397483b39aafe99394,1
C:\Users\dondo\OneDrive\Documents\ADBU CSE(AI & ML)\5th sem\Minor Project\Project Prototype\Brain-Tumor-Minor-Project\dataset\Brain Tumor MRI images\Healthy\mri_healthy (417).jpg,Brain Tumor MRI images/Healthy/mri_healthy (417).jpg,0,Healthy,MRI,4cbd11400b211ca531d1e7e0bec98037eaa64a150208c83b8de88982b018a054,1
C:\Users\dondo\OneDrive\Documents\ADBU CSE(AI & ML)\5th sem\Minor Project\Project Prototype\Brain-Tumor-Minor-Project\dataset\Brain Tumor MRI images\Healthy\mri_healthy (418).jpg,Brain Tumor MRI images/Healthy/mri_healthy (418).jpg,0,Healthy,MRI,30699a01fc65cc1a39dc1c8fa815598466e535c0d831a0b7996d51ac13d2bd99,1
C:\Users\dondo\OneDrive\Documents\ADBU CSE(AI & ML)\5th sem\Minor Project\Project Prototype\Brain-Tumor-Minor-Project\dataset\Brain Tumor MRI images\Healthy\mri_healthy (42).jpg,Brain Tumor MRI images/Healthy/mri_healthy (42).jpg,0,Healthy,MRI,391dbde0a6dcf6577149c5454e51eb89b0aa8ba88d03551de87d43e6959375ed,1
C:\Users\dondo\OneDrive\Documents\ADBU CSE(AI & ML)\5th sem\Minor Project\Project Prototype\Brain-Tumor-Minor-Project\dataset\Brain Tumor MRI images\Healthy\mri_healthy (421).jpg,Brain Tumor MRI images/Healthy/mri_healthy (421).jpg,0,Healthy,MRI,f23a06e085a61d40071beb8dbec40a012f5b8a372edcc0de2e2a0281951e993b,1
C:\Users\dondo\OneDrive\Documents\ADBU CSE(AI & ML)\5th sem\Minor Project\Project Prototype\Brain-Tumor-Minor-Project\dataset\Brain Tumor MRI images\Healthy\mri_healthy (422).jpg,Brain Tumor MRI images/Healthy/mri_healthy (422).jpg,0,Healthy,MRI,669f2f244fc620f70312a4e83cc0543a8656912912fa226fdee34f2dd9355404,1
C:\Users\dondo\OneDrive\Documents\ADBU CSE(AI & ML)\5th sem\Minor Project\Project Prototype\Brain-Tumor-Minor-Project\dataset\Brain Tumor MRI images\Healthy\mri_healthy (424).jpg,Brain Tumor MRI images/Healthy/mri_healthy (424).jpg,0,Healthy,MRI,312278572d7353613ac9b26bfbfe2a10c3dbb281eb7e5c31b5a8817c12617804,1
C:\Users\dondo\OneDrive\Documents\ADBU CSE(AI & ML)\5th sem\Minor Project\Project Prototype\Brain-Tumor-Minor-Project\dataset\Brain Tumor MRI images\Healthy\mri_healthy (425).jpg,Brain Tumor MRI images/Healthy/mri_healthy (425).jpg,0,Healthy,MRI,c80e69fae13c68d23d9e5c6dd2983997295a22f058a5e04a28f60b4a08ea36e2,1
C:\Users\dondo\OneDrive\Documents\ADBU CSE(AI & ML)\5th sem\Minor Project\Project Prototype\Brain-Tumor-Minor-Project\dataset\Brain Tumor MRI images\Healthy\mri_healthy (426).jpg,Brain Tumor MRI images/Healthy/mri_healthy (426).jpg,0,Healthy,MRI,87c6e1e938e9314d5c7f3ae7f2a5e2df0108b3e923398bab616b45893fc0425d,1
C:\Users\dondo\OneDrive\Documents\ADBU CSE(AI & ML)\5th sem\Minor Project\Project Prototype\Brain-Tumor-Minor-Project\dataset\Brain Tumor MRI images\Healthy\mri_healthy (427).jpg,Brain Tumor MRI images/Healthy/mri_healthy (427).jpg,0,Healthy,MRI,0b16393ac65e6b3b9592ece2731bc92f3507dd96e5e5a04a21a3eb546c77f4da,1
C:\Users\dondo\OneDrive\Documents\ADBU CSE(AI & ML)\5th sem\Minor Project\Project Prototype\Brain-Tumor-Minor-Project\dataset\Brain Tumor MRI images\Healthy\mri_healthy (428).jpg,Brain Tumor MRI images/Healthy/mri_healthy (428).jpg,0,Healthy,MRI,a24a4957d38e9e4f3ee3f5ab9a188e31c9b824c6018a4e12d591da07419b4d0e,1
C:\Users\dondo\OneDrive\Documents\ADBU CSE(AI & ML)\5th sem\Minor Project\Project Prototype\Brain-Tumor-Minor-Project\dataset\Brain Tumor MRI images\Healthy\mri_healthy (429).jpg,Brain Tumor MRI images/Healthy/mri_healthy (429).jpg,0,Healthy,MRI,1976d625804f9db125ca067602f5e7e59f4f31aa8f126e9ac370dd035284d11a,1
C:\Users\dondo\OneDrive\Documents\ADBU CSE(AI & ML)\5th sem\Minor Project\Project Prototype\Brain-Tumor-Minor-Project\dataset\Brain Tumor MRI images\Healthy\mri_healthy (430).jpg,Brain Tumor MRI images/Healthy/mri_healthy (430).jpg,0,Healthy,MRI,9e5cfb036c5d73c79e3ace3c8bd887a3ebef77b244c33a438649ec51a56b33c3,1
C:\Users\dondo\OneDrive\Documents\ADBU CSE(AI & ML)\5th sem\Minor Project\Project Prototype\Brain-Tumor-Minor-Project\dataset\Brain Tumor MRI images\Healthy\mri_healthy (432).jpg,Brain Tumor MRI images/Healthy/mri_healthy (432).jpg,0,Healthy,MRI,5857ed647d43bc8c0a3d8cb77df1e21b9a29d5d6764256c1f7e4c998d8219542,1
C:\Users\dondo\OneDrive\Documents\ADBU CSE(AI & ML)\5th sem\Minor Project\Project Prototype\Brain-Tumor-Minor-Project\dataset\Brain Tumor MRI images\Healthy\mri_healthy (433).jpg,Brain Tumor MRI images/Healthy/mri_healthy (433).jpg,0,Healthy,MRI,525f7ef90fb4082707508c35de1c40da9ba1cef185b0f4e746e8bb0b8fcfa768,1
C:\Users\dondo\OneDrive\Documents\ADBU CSE(AI & ML)\5th sem\Minor Project\Project Prototype\Brain-Tumor-Minor-Project\dataset\Brain Tumor MRI images\Healthy\mri_healthy (434).jpg,Brain Tumor MRI images/Healthy/mri_healthy (434).jpg,0,Healthy,MRI,d4ba0b93f5d8e0faba8bc38061fbc3a3cedd9e968c463497856671a92700fbc6,1
C:\Users\dondo\OneDrive\Documents\ADBU CSE(AI & ML)\5th sem\Minor Project\Project Prototype\Brain-Tumor-Minor-Project\dataset\Brain Tumor MRI images\Healthy\mri_healthy (435).jpg,Brain Tumor MRI images/Healthy/mri_healthy (435).jpg,0,Healthy,MRI,1d7a3883d310b4b5738baff21acab9945a7c1efa5060b2cca5328e6c4dad46c6,5
C:\Users\dondo\OneDrive\Documents\ADBU CSE(AI & ML)\5th sem\Minor Project\Project Prototype\Brain-Tumor-Minor-Project\dataset\Brain Tumor MRI images\Healthy\mri_healthy (436).jpg,Brain Tumor MRI images/Healthy/mri_healthy (436).jpg,0,Healthy,MRI,228591c525fc96e2c9c056605ffdf29414a315f3834f2c92765550236db77c00,1
C:\Users\dondo\OneDrive\Documents\ADBU CSE(AI & ML)\5th sem\Minor Project\Project Prototype\Brain-Tumor-Minor-Project\dataset\Brain Tumor MRI images\Healthy\mri_healthy (437).jpg,Brain Tumor MRI images/Healthy/mri_healthy (437).jpg,0,Healthy,MRI,1a1f2d930e900a55e1f2a74f6eeccd8b4be459fc9a416b699b50f022212202c1,1
C:\Users\dondo\OneDrive\Documents\ADBU CSE(AI & ML)\5th sem\Minor Project\Project Prototype\Brain-Tumor-Minor-Project\dataset\Brain Tumor MRI images\Healthy\mri_healthy (438).jpg,Brain Tumor MRI images/Healthy/mri_healthy (438).jpg,0,Healthy,MRI,9aa13d3ad41b3a19cf4a0b8ec002f446a5fb30ccc039496eb7f2a8d76cc3eeb0,1
C:\Users\dondo\OneDrive\Documents\ADBU CSE(AI & ML)\5th sem\Minor Project\Project Prototype\Brain-Tumor-Minor-Project\dataset\Brain Tumor MRI images\Healthy\mri_healthy (439).jpg,Brain Tumor MRI images/Healthy/mri_healthy (439).jpg,0,Healthy,MRI,e14e381edac8d6a1ecd4898f2f3557d96b3b8c4ed2b0ebb83696a2405c05eb00,1
C:\Users\dondo\OneDrive\Documents\ADBU CSE(AI & ML)\5th sem\Minor Project\Project Prototype\Brain-Tumor-Minor-Project\dataset\Brain Tumor MRI images\Healthy\mri_healthy (441).jpg,Brain Tumor MRI images/Healthy/mri_healthy (441).jpg,0,Healthy,MRI,565793c3e74af5d9a0ca038eb1b0d32b82847e8eb76f09e498876f1e14a29a50,2
C:\Users\dondo\OneDrive\Documents\ADBU CSE(AI & ML)\5th sem\Minor Project\Project Prototype\Brain-Tumor-Minor-Project\dataset\Brain Tumor MRI images\Healthy\mri_healthy (444).jpg,Brain Tumor MRI images/Healthy/mri_healthy (444).jpg,0,Healthy,MRI,d7acaf1b6331009ec5a5cccd742023b65f072304b930c39e2f5a5c4ce57bbd04,1
C:\Users\dondo\OneDrive\Documents\ADBU CSE(AI & ML)\5th sem\Minor Project\Project Prototype\Brain-Tumor-Minor-Project\dataset\Brain Tumor MRI images\Healthy\mri_healthy (445).jpg,Brain Tumor MRI images/Healthy/mri_healthy (445).jpg,0,Healthy,MRI,d7e4888abab82071d4768312b1de7308390ce768fd05432588d07c2a2be793a7,1
C:\Users\dondo\OneDrive\Documents\ADBU CSE(AI & ML)\5th sem\Minor Project\Project Prototype\Brain-Tumor-Minor-Project\dataset\Brain Tumor MRI images\Healthy\mri_healthy (45).jpg,Brain Tumor MRI images/Healthy/mri_healthy (45).jpg,0,Healthy,MRI,4979edd44c69dc16a3a1527bf7a008f1e3eae9b208f170162cc89a98406be0b0,1
C:\Users\dondo\OneDrive\Documents\ADBU CSE(AI & ML)\5th sem\Minor Project\Project Prototype\Brain-Tumor-Minor-Project\dataset\Brain Tumor MRI images\Healthy\mri_healthy (453).jpg,Brain Tumor MRI images/Healthy/mri_healthy (453).jpg,0,Healthy,MRI,5b1d29ddcdbca2ff3b9581c8eb4db3b0cfa3b05a2d64f0394a39f4f00d9b9908,1
C:\Users\dondo\OneDrive\Documents\ADBU CSE(AI & ML)\5th sem\Minor Project\Project Prototype\Brain-Tumor-Minor-Project\dataset\Brain Tumor MRI images\Healthy\mri_healthy (454).jpg,Brain Tumor MRI images/Healthy/mri_healthy (454).jpg,0,Healthy,MRI,bc0e61865290bf85731b14951f2eec639b9647fbdcc9920f6ec4c65a46d92ae2,1
C:\Users\dondo\OneDrive\Documents\ADBU CSE(AI & ML)\5th sem\Minor Project\Project Prototype\Brain-Tumor-Minor-Project\dataset\Brain Tumor MRI images\Healthy\mri_healthy (455).jpg,Brain Tumor MRI images/Healthy/mri_healthy (455).jpg,0,Healthy,MRI,2977f492859ec83dde0ad4d920e6272d6e4d6431c920ba3fec93d1ddd76801fd,1
C:\Users\dondo\OneDrive\Documents\ADBU CSE(AI & ML)\5th sem\Minor Project\Project Prototype\Brain-Tumor-Minor-Project\dataset\Brain Tumor MRI images\Healthy\mri_healthy (456).jpg,Brain Tumor MRI images/Healthy/mri_healthy (456).jpg,0,Healthy,MRI,cfa90ad96a819921843c4870424312c5a97e7c5a3fcc8365ddb070c112e09189,3
C:\Users\dondo\OneDrive\Documents\ADBU CSE(AI & ML)\5th sem\Minor Project\Project Prototype\Brain-Tumor-Minor-Project\dataset\Brain Tumor MRI images\Healthy\mri_healthy (457).jpg,Brain Tumor MRI images/Healthy/mri_healthy (457).jpg,0,Healthy,MRI,fe325c3f02a1f4d216d58e3533d2c295683b9c09b702ee309f9403bf59e62f66,1
C:\Users\dondo\OneDrive\Documents\ADBU CSE(AI & ML)\5th sem\Minor Project\Project Prototype\Brain-Tumor-Minor-Project\dataset\Brain Tumor MRI images\Healthy\mri_healthy (460).jpg,Brain Tumor MRI images/Healthy/mri_healthy (460).jpg,0,Healthy,MRI,fd88f101fdf955d412a98bfab7db6ffd040db92d33f9a1d7909e6a7bef296a6c,1
C:\Users\dondo\OneDrive\Documents\ADBU CSE(AI & ML)\5th sem\Minor Project\Project Prototype\Brain-Tumor-Minor-Project\dataset\Brain Tumor MRI images\Healthy\mri_healthy (461).jpg,Brain Tumor MRI images/Healthy/mri_healthy (461).jpg,0,Healthy,MRI,388372161dd401f3cd2a5bbcfb39372e790fda9b6bd54e46f01303ebb46c212f,1
C:\Users\dondo\OneDrive\Documents\ADBU CSE(AI & ML)\5th sem\Minor Project\Project Prototype\Brain-Tumor-Minor-Project\dataset\Brain Tumor MRI images\Healthy\mri_healthy (462).jpg,Brain Tumor MRI images/Healthy/mri_healthy (462).jpg,0,Healthy,MRI,df5985a306c752b1ff22e44a72822f71416dd8138fed6f5e26da1c190cdd648b,1
C:\Users\dondo\OneDrive\Documents\ADBU CSE(AI & ML)\5th sem\Minor Project\Project Prototype\Brain-Tumor-Minor-Project\dataset\Brain Tumor MRI images\Healthy\mri_healthy (464).jpg,Brain Tumor MRI images/Healthy/mri_healthy (464).jpg,0,Healthy,MRI,76c1939cad8343af29dd7f75bff537fd473ab8db2e5c2381034ec0c14f0d5eb7,1
C:\Users\dondo\OneDrive\Documents\ADBU CSE(AI & ML)\5th sem\Minor Project\Project Prototype\Brain-Tumor-Minor-Project\dataset\Brain Tumor MRI images\Healthy\mri_healthy (465).jpg,Brain Tumor MRI images/Healthy/mri_healthy (465).jpg,0,Healthy,MRI,d4e9b68abbf946d2a13129214da9f89f64c0de7b78c5aaa877c1d86665df6192,1
C:\Users\dondo\OneDrive\Documents\ADBU CSE(AI & ML)\5th sem\Minor Project\Project Prototype\Brain-Tumor-Minor-Project\dataset\Brain Tumor MRI images\Healthy\mri_healthy (467).jpg,Brain Tumor MRI images/Healthy/mri_healthy (467).jpg,0,Healthy,MRI,83355b1184cb28b58178fe36c2736aa9886513b6579894194b1fc8503815a273,2
C:\Users\dondo\OneDrive\Documents\ADBU CSE(AI & ML)\5th sem\Minor Project\Project Prototype\Brain-Tumor-Minor-Project\dataset\Brain Tumor MRI images\Healthy\mri_healthy (468).jpg,Brain Tumor MRI images/Healthy/mri_healthy (468).jpg,0,Healthy,MRI,a866a9d3c6ecc9667bf5278c19d265faf197faac3ac1c3b48fdfa815b0cbe588,1
C:\Users\dondo\OneDrive\Documents\ADBU CSE(AI & ML)\5th sem\Minor Project\Project Prototype\Brain-Tumor-Minor-Project\dataset\Brain Tumor MRI images\Healthy\mri_healthy (47).jpg,Brain Tumor MRI images/Healthy/mri_healthy (47).jpg,0,Healthy,MRI,1ffb4fb63762d9d4e8e32f0ea89c0a03b614395dd7e122e917a6141670bcf096,1
C:\Users\dondo\OneDrive\Documents\ADBU CSE(AI & ML)\5th sem\Minor Project\Project Prototype\Brain-Tumor-Minor-Project\dataset\Brain Tumor MRI images\Healthy\mri_healthy (470).jpg,Brain Tumor MRI images/Healthy/mri_healthy (470).jpg,0,Healthy,MRI,1e6ca6a52fdc6cbfe7e2f450c7a0ecfa597c513925f5090ac2ed3cf44dbc548f,2
C:\Users\dondo\OneDrive\Documents\ADBU CSE(AI & ML)\5th sem\Minor Project\Project Prototype\Brain-Tumor-Minor-Project\dataset\Brain Tumor MRI images\Healthy\mri_healthy (473).jpg,Brain Tumor MRI images/Healthy/mri_healthy (473).jpg,0,Healthy,MRI,2dd3c25304fa22ddedcb4a63fa2a633d20841e24402f15844859c58dc64e29f6,1
C:\Users\dondo\OneDrive\Documents\ADBU CSE(AI & ML)\5th sem\Minor Project\Project Prototype\Brain-Tumor-Minor-Project\dataset\Brain Tumor MRI images\Healthy\mri_healthy (476).jpg,Brain Tumor MRI images/Healthy/mri_healthy (476).jpg,0,Healthy,MRI,073543a383a399175e7bec67364b52cecae61722ebb06dae02b7c739c42a58ca,2
C:\Users\dondo\OneDrive\Documents\ADBU CSE(AI & ML)\5th sem\Minor Project\Project Prototype\Brain-Tumor-Minor-Project\dataset\Brain Tumor MRI images\Healthy\mri_healthy (481).jpg,Brain Tumor MRI images/Healthy/mri_healthy (481).jpg,0,Healthy,MRI,8dbbb3c66d3bbc8bdf0f16bb4e1cfa01733e0da59b4d21522de90d54d8108f52,1
C:\Users\dondo\OneDrive\Documents\ADBU CSE(AI & ML)\5th sem\Minor Project\Project Prototype\Brain-Tumor-Minor-Project\dataset\Brain Tumor MRI images\Healthy\mri_healthy (482).jpg,Brain Tumor MRI images/Healthy/mri_healthy (482).jpg,0,Healthy,MRI,03647eb9b4ecee36077158e444f138a1a742b12e47eebf408d76931eeae8fb0a,1
C:\Users\dondo\OneDrive\Documents\ADBU CSE(AI & ML)\5th sem\Minor Project\Project Prototype\Brain-Tumor-Minor-Project\dataset\Brain Tumor MRI images\Healthy\mri_healthy (483).jpg,Brain Tumor MRI images/Healthy/mri_healthy (483).jpg,0,Healthy,MRI,a027ce3df715f69ed746e57ea5e132e8cbcf0f0ed11a0fd6d48fad65436064d8,1
C:\Users\dondo\OneDrive\Documents\ADBU CSE(AI & ML)\5th sem\Minor Project\Project Prototype\Brain-Tumor-Minor-Project\dataset\Brain Tumor MRI images\Healthy\mri_healthy (484).jpg,Brain Tumor MRI images/Healthy/mri_healthy (484).jpg,0,Healthy,MRI,05c8b7bd9522a2511d8fa80043a11d0f0f2c57ee9c39543279e615b89cf8e0a6,1
C:\Users\dondo\OneDrive\Documents\ADBU CSE(AI & ML)\5th sem\Minor Project\Project Prototype\Brain-Tumor-Minor-Project\dataset\Brain Tumor MRI images\Healthy\mri_healthy (485).jpg,Brain Tumor MRI images/Healthy/mri_healthy (485).jpg,0,Healthy,MRI,78e5c85e5af5d7a762b52b84e52b183e60ea94b18d45d0e80340d2e5ecd3a9e2,1
C:\Users\dondo\OneDrive\Documents\ADBU CSE(AI & ML)\5th sem\Minor Project\Project Prototype\Brain-Tumor-Minor-Project\dataset\Brain Tumor MRI images\Healthy\mri_healthy (488).jpg,Brain Tumor MRI images/Healthy/mri_healthy (488).jpg,0,Healthy,MRI,88cec0d2df439c094bf5e515e98bf06de2a40369a7f0612bc13002f414990c5b,1
C:\Users\dondo\OneDrive\Documents\ADBU CSE(AI & ML)\5th sem\Minor Project\Project Prototype\Brain-Tumor-Minor-Project\dataset\Brain Tumor MRI images\Healthy\mri_healthy (489).jpg,Brain Tumor MRI images/Healthy/mri_healthy (489).jpg,0,Healthy,MRI,ae1f122ddd48ce40a14ec747b1125069d76c58868fe8604ff46a03b9d9af4c57,1
C:\Users\dondo\OneDrive\Documents\ADBU CSE(AI & ML)\5th sem\Minor Project\Project Prototype\Brain-Tumor-Minor-Project\dataset\Brain Tumor MRI images\Healthy\mri_healthy (49).jpg,Brain Tumor MRI images/Healthy/mri_healthy (49).jpg,0,Healthy,MRI,e1e1515d791945a02ae32e6661639e25f2ce2f8ceb10e2f25531421dc78ebb3c,1
C:\Users\dondo\OneDrive\Documents\ADBU CSE(AI & ML)\5th sem\Minor Project\Project Prototype\Brain-Tumor-Minor-Project\dataset\Brain Tumor MRI images\Healthy\mri_healthy (490).jpg,Brain Tumor MRI images/Healthy/mri_healthy (490).jpg,0,Healthy,MRI,d78f6789f2564075fc585f86a89abef8df8731cbfc0aa7b31d0c66efc455528a,1
C:\Users\dondo\OneDrive\Documents\ADBU CSE(AI & ML)\5th sem\Minor Project\Project Prototype\Brain-Tumor-Minor-Project\dataset\Brain Tumor MRI images\Healthy\mri_healthy (493).jpg,Brain Tumor MRI images/Healthy/mri_healthy (493).jpg,0,Healthy,MRI,bff23741bb39be6501243765b37a35d229ee3808365e39e4992e7dbf5d3d7a15,1
C:\Users\dondo\OneDrive\Documents\ADBU CSE(AI & ML)\5th sem\Minor Project\Project Prototype\Brain-Tumor-Minor-Project\dataset\Brain Tumor MRI images\Healthy\mri_healthy (494).jpg,Brain Tumor MRI images/Healthy/mri_healthy (494).jpg,0,Healthy,MRI,44ec465e9d40fba483c80bea9b427fa14902290ac1d6250fbb259acdd56ecc0f,1
C:\Users\dondo\OneDrive\Documents\ADBU CSE(AI & ML)\5th sem\Minor Project\Project Prototype\Brain-Tumor-Minor-Project\dataset\Brain Tumor MRI images\Healthy\mri_healthy (495).jpg,Brain Tumor MRI images/Healthy/mri_healthy (495).jpg,0,Healthy,MRI,3d833e4abc681f5e5be3497c9c9e02dcc714045f91143d5f802043b15eed6af9,1
C:\Users\dondo\OneDrive\Documents\ADBU CSE(AI & ML)\5th sem\Minor Project\Project Prototype\Brain-Tumor-Minor-Project\dataset\Brain Tumor MRI images\Healthy\mri_healthy (496).jpg,Brain Tumor MRI images/Healthy/mri_healthy (496).jpg,0,Healthy,MRI,b77c1b93a39b51c2496230574a217f4a4519a52ab601a67cdd64165cff5a8463,2
C:\Users\dondo\OneDrive\Documents\ADBU CSE(AI & ML)\5th sem\Minor Project\Project Prototype\Brain-Tumor-Minor-Project\dataset\Brain Tumor MRI images\Healthy\mri_healthy (497).jpg,Brain Tumor MRI images/Healthy/mri_healthy (497).jpg,0,Healthy,MRI,204f45adc346181b93cbd388736c425da096bd73be4562fdc6e05d752d1457ca,1
C:\Users\dondo\OneDrive\Documents\ADBU CSE(AI & ML)\5th sem\Minor Project\Project Prototype\Brain-Tumor-Minor-Project\dataset\Brain Tumor MRI images\Healthy\mri_healthy (499).jpg,Brain Tumor MRI images/Healthy/mri_healthy (499).jpg,0,Healthy,MRI,e3091b2bf36b6f323d09732d891d90c2da5ef849c9aaf5ed67d762ed288036bb,2
C:\Users\dondo\OneDrive\Documents\ADBU CSE(AI & ML)\5th sem\Minor Project\Project Prototype\Brain-Tumor-Minor-Project\dataset\Brain Tumor MRI images\Healthy\mri_healthy (5).jpg,Brain Tumor MRI images/Healthy/mri_healthy (5).jpg,0,Healthy,MRI,5a66211168e2f92209f3aee80fe618a1555144bada16fdc2035d1780321c02cf,2
C:\Users\dondo\OneDrive\Documents\ADBU CSE(AI & ML)\5th sem\Minor Project\Project Prototype\Brain-Tumor-Minor-Project\dataset\Brain Tumor MRI images\Healthy\mri_healthy (50).jpg,Brain Tumor MRI images/Healthy/mri_healthy (50).jpg,0,Healthy,MRI,074ba318eb75512f0b3399be18e8c2651c62695685dfb5787096116e001cd55b,1
C:\Users\dondo\OneDrive\Documents\ADBU CSE(AI & ML)\5th sem\Minor Project\Project Prototype\Brain-Tumor-Minor-Project\dataset\Brain Tumor MRI images\Healthy\mri_healthy (500).jpg,Brain Tumor MRI images/Healthy/mri_healthy (500).jpg,0,Healthy,MRI,b3488a63142ebb1743f9e21a3bd5dcb6f8182a07bd0ffc7c2396c3782620e08b,1
C:\Users\dondo\OneDrive\Documents\ADBU CSE(AI & ML)\5th sem\Minor Project\Project Prototype\Brain-Tumor-Minor-Project\dataset\Brain Tumor MRI images\Healthy\mri_healthy (502).jpg,Brain Tumor MRI images/Healthy/mri_healthy (502).jpg,0,Healthy,MRI,61d80ef1b69b7796fd45b629b9d66fde72c2d3a2147f17fbfec003143019ad3f,1
C:\Users\dondo\OneDrive\Documents\ADBU CSE(AI & ML)\5th sem\Minor Project\Project Prototype\Brain-Tumor-Minor-Project\dataset\Brain Tumor MRI images\Healthy\mri_healthy (503).jpg,Brain Tumor MRI images/Healthy/mri_healthy (503).jpg,0,Healthy,MRI,8f98d246a1e0fb244986a28fbfc8a53110eeb12c8aaf6dfff59c73577251c063,1
C:\Users\dondo\OneDrive\Documents\ADBU CSE(AI & ML)\5th sem\Minor Project\Project Prototype\Brain-Tumor-Minor-Project\dataset\Brain Tumor MRI images\Healthy\mri_healthy (506).jpg,Brain Tumor MRI images/Healthy/mri_healthy (506).jpg,0,Healthy,MRI,0797a735faad223c03644f447cbb569141d289b65ffa806323736c015a910911,2
C:\Users\dondo\OneDrive\Documents\ADBU CSE(AI & ML)\5th sem\Minor Project\Project Prototype\Brain-Tumor-Minor-Project\dataset\Brain Tumor MRI images\Healthy\mri_healthy (507).jpg,Brain Tumor MRI images/Healthy/mri_healthy (507).jpg,0,Healthy,MRI,e0840cfa828de26013b09ec539274e631a01d59a94756b88eccc7f47966befcb,1
C:\Users\dondo\OneDrive\Documents\ADBU CSE(AI & ML)\5th sem\Minor Project\Project Prototype\Brain-Tumor-Minor-Project\dataset\Brain Tumor MRI images\Healthy\mri_healthy (508).jpg,Brain Tumor MRI images/Healthy/mri_healthy (508).jpg,0,Healthy,MRI,987ca4b29f0ffbac3eb6a2fb0b9783dcd4cf830e0d39ccfcafe9beedb3c8c30f,1
C:\Users\dondo\OneDrive\Documents\ADBU CSE(AI & ML)\5th sem\Minor Project\Project Prototype\Brain-Tumor-Minor-Project\dataset\Brain Tumor MRI images\Healthy\mri_healthy (511).jpg,Brain Tumor MRI images/Healthy/mri_healthy (511).jpg,0,Healthy,MRI,47d9c4671278ee5dc2f64606d5eeff6e25355833286c855e20e08655de82e1d2,1
C:\Users\dondo\OneDrive\Documents\ADBU CSE(AI & ML)\5th sem\Minor Project\Project Prototype\Brain-Tumor-Minor-Project\dataset\Brain Tumor MRI images\Healthy\mri_healthy (512).jpg,Brain Tumor MRI images/Healthy/mri_healthy (512).jpg,0,Healthy,MRI,afdf4a6dc4a745d9feba1064fcd9c40ee80f583e122ae5b9e872c334ce28f5e6,1
C:\Users\dondo\OneDrive\Documents\ADBU CSE(AI & ML)\5th sem\Minor Project\Project Prototype\Brain-Tumor-Minor-Project\dataset\Brain Tumor MRI images\Healthy\mri_healthy (514).jpg,Brain Tumor MRI images/Healthy/mri_healthy (514).jpg,0,Healthy,MRI,2736cd99f94dce7ceaf076c2fe792b54278fac155b34502eee4f8fa0aaad7046,1
C:\Users\dondo\OneDrive\Documents\ADBU CSE(AI & ML)\5th sem\Minor Project\Project Prototype\Brain-Tumor-Minor-Project\dataset\Brain Tumor MRI images\Healthy\mri_healthy (515).jpg,Brain Tumor MRI images/Healthy/mri_healthy (515).jpg,0,Healthy,MRI,12a8f02afa08097863d63f7035608fd06f92a75a46be96d3c3d7e0796934c45e,1
C:\Users\dondo\OneDrive\Documents\ADBU CSE(AI & ML)\5th sem\Minor Project\Project Prototype\Brain-Tumor-Minor-Project\dataset\Brain Tumor MRI images\Healthy\mri_healthy (516).jpg,Brain Tumor MRI images/Healthy/mri_healthy (516).jpg,0,Healthy,MRI,ba390792b979631d51bb305066cd5c90ae8b382a6a820c8043448d6ee5eadb9e,1
C:\Users\dondo\OneDrive\Documents\ADBU CSE(AI & ML)\5th sem\Minor Project\Project Prototype\Brain-Tumor-Minor-Project\dataset\Brain Tumor MRI images\Healthy\mri_healthy (517).jpg,Brain Tumor MRI images/Healthy/mri_healthy (517).jpg,0,Healthy,MRI,2ee282400f1b2edbddcf79be7ffd21f7d7298ae9655058410576b9116178e9cb,1
C:\Users\dondo\OneDrive\Documents\ADBU CSE(AI & ML)\5th sem\Minor Project\Project Prototype\Brain-Tumor-Minor-Project\dataset\Brain Tumor MRI images\Healthy\mri_healthy (519).jpg,Brain Tumor MRI images/Healthy/mri_healthy (519).jpg,0,Healthy,MRI,f67bf04a73c09e9fa91ee91ccf58bc4d3b43ea7089781cb98971e7dba766dab9,1
C:\Users\dondo\OneDrive\Documents\ADBU CSE(AI & ML)\5th sem\Minor Project\Project Prototype\Brain-Tumor-Minor-Project\dataset\Brain Tumor MRI images\Healthy\mri_healthy (52).jpg,Brain Tumor MRI images/Healthy/mri_healthy (52).jpg,0,Healthy,MRI,04d70f96bbefc25faf4a951804edbeb65b394feb0de383b37377575944e9af46,1
C:\Users\dondo\OneDrive\Documents\ADBU CSE(AI & ML)\5th sem\Minor Project\Project Prototype\Brain-Tumor-Minor-Project\dataset\Brain Tumor MRI images\Healthy\mri_healthy (520).jpg,Brain Tumor MRI images/Healthy/mri_healthy (520).jpg,0,Healthy,MRI,f3ffe1848d18057ffad1c28f42462900e4ef2877a99a511d2b47acf14c2dc74f,1
C:\Users\dondo\OneDrive\Documents\ADBU CSE(AI & ML)\5th sem\Minor Project\Project Prototype\Brain-Tumor-Minor-Project\dataset\Brain Tumor MRI images\Healthy\mri_healthy (521).jpg,Brain Tumor MRI images/Healthy/mri_healthy (521).jpg,0,Healthy,MRI,43a1080a92e35825e63dcc60dc6707b7ad953e7d91c9d8544b577a7bfeb27caf,1
C:\Users\dondo\OneDrive\Documents\ADBU CSE(AI & ML)\5th sem\Minor Project\Project Prototype\Brain-Tumor-Minor-Project\dataset\Brain Tumor MRI images\Healthy\mri_healthy (525).jpg,Brain Tumor MRI images/Healthy/mri_healthy (525).jpg,0,Healthy,MRI,ad4ceb3f6dab918ca1462148ed229ee59274083aa7b0430f91a25aca539cd2b1,1
C:\Users\dondo\OneDrive\Documents\ADBU CSE(AI & ML)\5th sem\Minor Project\Project Prototype\Brain-Tumor-Minor-Project\dataset\Brain Tumor MRI images\Healthy\mri_healthy (526).jpg,Brain Tumor MRI images/Healthy/mri_healthy (526).jpg,0,Healthy,MRI,48b766fbd9be28f36007feeadda47c877e4c7e5862b7d3539278b50a6f031f6f,1
C:\Users\dondo\OneDrive\Documents\ADBU CSE(AI & ML)\5th sem\Minor Project\Project Prototype\Brain-Tumor-Minor-Project\dataset\Brain Tumor MRI images\Healthy\mri_healthy (527).jpg,Brain Tumor MRI images/Healthy/mri_healthy (527).jpg,0,Healthy,MRI,7fe751e923872751a81e9c4dfe7e4af912688840ab4f426d2f44764e25e81477,1
C:\Users\dondo\OneDrive\Documents\ADBU CSE(AI & ML)\5th sem\Minor Project\Project Prototype\Brain-Tumor-Minor-Project\dataset\Brain Tumor MRI images\Healthy\mri_healthy (529).jpg,Brain Tumor MRI images/Healthy/mri_healthy (529).jpg,0,Healthy,MRI,403bc5cc5ff02b112372d7cf6f9bda90a081c647efecdbb7b2a0f34c5de87f7f,1
C:\Users\dondo\OneDrive\Documents\ADBU CSE(AI & ML)\5th sem\Minor Project\Project Prototype\Brain-Tumor-Minor-Project\dataset\Brain Tumor MRI images\Healthy\mri_healthy (53).jpg,Brain Tumor MRI images/Healthy/mri_healthy (53).jpg,0,Healthy,MRI,0c5f5143de27da39584c3d86f2fa86b4a8af98939c18733172c90c44842b541b,1
C:\Users\dondo\OneDrive\Documents\ADBU CSE(AI & ML)\5th sem\Minor Project\Project Prototype\Brain-Tumor-Minor-Project\dataset\Brain Tumor MRI images\Healthy\mri_healthy (531).jpg,Brain Tumor MRI images/Healthy/mri_healthy (531).jpg,0,Healthy,MRI,021231c65a8805fff397af02af32758b649a818fd9d5e5bc35057ca330a06c97,1
C:\Users\dondo\OneDrive\Documents\ADBU CSE(AI & ML)\5th sem\Minor Project\Project Prototype\Brain-Tumor-Minor-Project\dataset\Brain Tumor MRI images\Healthy\mri_healthy (532).jpg,Brain Tumor MRI images/Healthy/mri_healthy (532).jpg,0,Healthy,MRI,b3fdbc427b24e50a1a73c9b7e3a9702b2897e0b8d59cf0619b86ab37ef064171,1
C:\Users\dondo\OneDrive\Documents\ADBU CSE(AI & ML)\5th sem\Minor Project\Project Prototype\Brain-Tumor-Minor-Project\dataset\Brain Tumor MRI images\Healthy\mri_healthy (533).jpg,Brain Tumor MRI images/Healthy/mri_healthy (533).jpg,0,Healthy,MRI,35a6edecaa4e951c7eb919bebda670f67b95575eb79d0bda5d3d43b6400d5822,1
C:\Users\dondo\OneDrive\Documents\ADBU CSE(AI & ML)\5th sem\Minor Project\Project Prototype\Brain-Tumor-Minor-Project\dataset\Brain Tumor MRI images\Healthy\mri_healthy (535).jpg,Brain Tumor MRI images/Healthy/mri_healthy (535).jpg,0,Healthy,MRI,d9ab78f2b53287cfe589c477695f9d1b1dc7e212f49dc74ebc6b52a51ed7493d,1
C:\Users\dondo\OneDrive\Documents\ADBU CSE(AI & ML)\5th sem\Minor Project\Project Prototype\Brain-Tumor-Minor-Project\dataset\Brain Tumor MRI images\Healthy\mri_healthy (536).jpg,Brain Tumor MRI images/Healthy/mri_healthy (536).jpg,0,Healthy,MRI,a8ee6b03ee348c7b0be1c614d85f1865722ed8481e507c7eedb3609a542260f7,1
C:\Users\dondo\OneDrive\Documents\ADBU CSE(AI & ML)\5th sem\Minor Project\Project Prototype\Brain-Tumor-Minor-Project\dataset\Brain Tumor MRI images\Healthy\mri_healthy (537).jpg,Brain Tumor MRI images/Healthy/mri_healthy (537).jpg,0,Healthy,MRI,c6d35a6d8f46e230172ecf919286688c028c8ed837ef78592aa893103e5d6380,1
C:\Users\dondo\OneDrive\Documents\ADBU CSE(AI & ML)\5th sem\Minor Project\Project Prototype\Brain-Tumor-Minor-Project\dataset\Brain Tumor MRI images\Healthy\mri_healthy (539).jpg,Brain Tumor MRI images/Healthy/mri_healthy (539).jpg,0,Healthy,MRI,70221a709dfdb6304e842b4cba33eba607f7ce1a60acede3f72199ace2a4147f,1
C:\Users\dondo\OneDrive\Documents\ADBU CSE(AI & ML)\5th sem\Minor Project\Project Prototype\Brain-Tumor-Minor-Project\dataset\Brain Tumor MRI images\Healthy\mri_healthy (54).jpg,Brain Tumor MRI images/Healthy/mri_healthy (54).jpg,0,Healthy,MRI,d0105cd94a0c7c57bde948e4bfc8382984eb1c98374eac0cd6b933a9bdb7521f,1
C:\Users\dondo\OneDrive\Documents\ADBU CSE(AI & ML)\5th sem\Minor Project\Project Prototype\Brain-Tumor-Minor-Project\dataset\Brain Tumor MRI images\Healthy\mri_healthy (540).jpg,Brain Tumor MRI images/Healthy/mri_healthy (540).jpg,0,Healthy,MRI,3bf1c320f9b9baa5e406b7ebbac26d121e4f04f715df7110a9838e4dd38b8af1,2
C:\Users\dondo\OneDrive\Documents\ADBU CSE(AI & ML)\5th sem\Minor Project\Project Prototype\Brain-Tumor-Minor-Project\dataset\Brain Tumor MRI images\Healthy\mri_healthy (544).jpg,Brain Tumor MRI images/Healthy/mri_healthy (544).jpg,0,Healthy,MRI,634703ea8b803a5b3b0a44367b71297b73b2f1caae303a95b5e5e6d0208cb89c,1
C:\Users\dondo\OneDrive\Documents\ADBU CSE(AI & ML)\5th sem\Minor Project\Project Prototype\Brain-Tumor-Minor-Project\dataset\Brain Tumor MRI images\Healthy\mri_healthy (545).jpg,Brain Tumor MRI images/Healthy/mri_healthy (545).jpg,0,Healthy,MRI,474002eb36e68a0636137db066ba0cb6b63ad24c8f9033ec4bed8e90c2013d78,2
C:\Users\dondo\OneDrive\Documents\ADBU CSE(AI & ML)\5th sem\Minor Project\Project Prototype\Brain-Tumor-Minor-Project\dataset\Brain Tumor MRI images\Healthy\mri_healthy (546).jpg,Brain Tumor MRI images/Healthy/mri_healthy (546).jpg,0,Healthy,MRI,84f74715f5e064303bfc9e64b1cb9eb8ea4ecbe9907401ac1f9935088734c863,1
C:\Users\dondo\OneDrive\Documents\ADBU CSE(AI & ML)\5th sem\Minor Project\Project Prototype\Brain-Tumor-Minor-Project\dataset\Brain Tumor MRI images\Healthy\mri_healthy (547).jpg,Brain Tumor MRI images/Healthy/mri_healthy (547).jpg,0,Healthy,MRI,3417074c8e7cba2822aa2cb287f01da6890657b5f3aabd6a0eee96583060f2b7,2
C:\Users\dondo\OneDrive\Documents\ADBU CSE(AI & ML)\5th sem\Minor Project\Project Prototype\Brain-Tumor-Minor-Project\dataset\Brain Tumor MRI images\Healthy\mri_healthy (549).jpg,Brain Tumor MRI images/Healthy/mri_healthy (549).jpg,0,Healthy,MRI,bba3f57152cab6f2ab3fe15e5d8f29a74cfdde97bdf8f6e054430480a77cc1c2,2
C:\Users\dondo\OneDrive\Documents\ADBU CSE(AI & ML)\5th sem\Minor Project\Project Prototype\Brain-Tumor-Minor-Project\dataset\Brain Tumor MRI images\Healthy\mri_healthy (55).jpg,Brain Tumor MRI images/Healthy/mri_healthy (55).jpg,0,Healthy,MRI,d9469972b92bf0022ed182420ce5be05c764a35600fb833dd39bc862a952d439,1
C:\Users\dondo\OneDrive\Documents\ADBU CSE(AI & ML)\5th sem\Minor Project\Project Prototype\Brain-Tumor-Minor-Project\dataset\Brain Tumor MRI images\Healthy\mri_healthy (550).jpg,Brain Tumor MRI images/Healthy/mri_healthy (550).jpg,0,Healthy,MRI,d9e5836a006281cab504dd06ab876f20771eea84a515d22c094963e699476b55,1
C:\Users\dondo\OneDrive\Documents\ADBU CSE(AI & ML)\5th sem\Minor Project\Project Prototype\Brain-Tumor-Minor-Project\dataset\Brain Tumor MRI images\Healthy\mri_healthy (551).jpg,Brain Tumor MRI images/Healthy/mri_healthy (551).jpg,0,Healthy,MRI,025a4a57e426f788c4302c4f716db3fbb5d559236326a1f378e42d0fdf06a791,1
C:\Users\dondo\OneDrive\Documents\ADBU CSE(AI & ML)\5th sem\Minor Project\Project Prototype\Brain-Tumor-Minor-Project\dataset\Brain Tumor MRI images\Healthy\mri_healthy (554).jpg,Brain Tumor MRI images/Healthy/mri_healthy (554).jpg,0,Healthy,MRI,fafe5ec18fea1bdaf34d42490b9d6b6aec61e063d579a22462158eb3562a6f53,1
C:\Users\dondo\OneDrive\Documents\ADBU CSE(AI & ML)\5th sem\Minor Project\Project Prototype\Brain-Tumor-Minor-Project\dataset\Brain Tumor MRI images\Healthy\mri_healthy (56).jpg,Brain Tumor MRI images/Healthy/mri_healthy (56).jpg,0,Healthy,MRI,1a411d4b683a90c63cfaaf98717bc32d978457815de9c8d8367b08a7811ec277,1
C:\Users\dondo\OneDrive\Documents\ADBU CSE(AI & ML)\5th sem\Minor Project\Project Prototype\Brain-Tumor-Minor-Project\dataset\Brain Tumor MRI images\Healthy\mri_healthy (560).jpg,Brain Tumor MRI images/Healthy/mri_healthy (560).jpg,0,Healthy,MRI,d1a379886ed577cfef16d7997e9c229814878017f923b9935fe27eb4f45844bc,1
C:\Users\dondo\OneDrive\Documents\ADBU CSE(AI & ML)\5th sem\Minor Project\Project Prototype\Brain-Tumor-Minor-Project\dataset\Brain Tumor MRI images\Healthy\mri_healthy (561).jpg,Brain Tumor MRI images/Healthy/mri_healthy (561).jpg,0,Healthy,MRI,73b850aceb75650cf799e9ddcea0cb637dcd8a7a2deb9d4cc1a80698d09efc69,1
C:\Users\dondo\OneDrive\Documents\ADBU CSE(AI & ML)\5th sem\Minor Project\Project Prototype\Brain-Tumor-Minor-Project\dataset\Brain Tumor MRI images\Healthy\mri_healthy (563).jpg,Brain Tumor MRI images/Healthy/mri_healthy (563).jpg,0,Healthy,MRI,30e91478717a8e4cf57d13b171a2ad023506d741c6a89df388a03c5900c3b539,1
C:\Users\dondo\OneDrive\Documents\ADBU CSE(AI & ML)\5th sem\Minor Project\Project Prototype\Brain-Tumor-Minor-Project\dataset\Brain Tumor MRI images\Healthy\mri_healthy (564).jpg,Brain Tumor MRI images/Healthy/mri_healthy (564).jpg,0,Healthy,MRI,4158d771ab01a767143a1c5b3e10bf6c3715f03eeea5337812ae1e7ed73935ef,1
C:\Users\dondo\OneDrive\Documents\ADBU CSE(AI & ML)\5th sem\Minor Project\Project Prototype\Brain-Tumor-Minor-Project\dataset\Brain Tumor MRI images\Healthy\mri_healthy (565).jpg,Brain Tumor MRI images/Healthy/mri_healthy (565).jpg,0,Healthy,MRI,d84921b9d3bd027bc97b15e2f2d1fad1130e38120570a2f8af67d762833cba7c,1
C:\Users\dondo\OneDrive\Documents\ADBU CSE(AI & ML)\5th sem\Minor Project\Project Prototype\Brain-Tumor-Minor-Project\dataset\Brain Tumor MRI images\Healthy\mri_healthy (567).jpg,Brain Tumor MRI images/Healthy/mri_healthy (567).jpg,0,Healthy,MRI,c7b4e3cf414a41e86aa97f3b545d838c68e71f4f60ec6ad4f022e1a9787ad615,1
C:\Users\dondo\OneDrive\Documents\ADBU CSE(AI & ML)\5th sem\Minor Project\Project Prototype\Brain-Tumor-Minor-Project\dataset\Brain Tumor MRI images\Healthy\mri_healthy (569).jpg,Brain Tumor MRI images/Healthy/mri_healthy (569).jpg,0,Healthy,MRI,647016c386f3ae6c0a15cb921658e3b7aaeaa42dfd95ff9767659d0bbf2c4aac,1
C:\Users\dondo\OneDrive\Documents\ADBU CSE(AI & ML)\5th sem\Minor Project\Project Prototype\Brain-Tumor-Minor-Project\dataset\Brain Tumor MRI images\Healthy\mri_healthy (57).jpg,Brain Tumor MRI images/Healthy/mri_healthy (57).jpg,0,Healthy,MRI,c09aeb5be632b756c0be2d8a60ae8ac3fce6ccd36d66875aaba193e567ca151c,1
C:\Users\dondo\OneDrive\Documents\ADBU CSE(AI & ML)\5th sem\Minor Project\Project Prototype\Brain-Tumor-Minor-Project\dataset\Brain Tumor MRI images\Healthy\mri_healthy (570).jpg,Brain Tumor MRI images/Healthy/mri_healthy (570).jpg,0,Healthy,MRI,ac1aaaf8b30e47c354256e5927557f421d30cf450b47c733b4e1257b504aea6e,1
C:\Users\dondo\OneDrive\Documents\ADBU CSE(AI & ML)\5th sem\Minor Project\Project Prototype\Brain-Tumor-Minor-Project\dataset\Brain Tumor MRI images\Healthy\mri_healthy (572).jpg,Brain Tumor MRI images/Healthy/mri_healthy (572).jpg,0,Healthy,MRI,dfe7b20bdec906a58d4fa0f654517f242f16cb2d1108b48efa7a5313d0fa16fa,1
C:\Users\dondo\OneDrive\Documents\ADBU CSE(AI & ML)\5th sem\Minor Project\Project Prototype\Brain-Tumor-Minor-Project\dataset\Brain Tumor MRI images\Healthy\mri_healthy (573).jpg,Brain Tumor MRI images/Healthy/mri_healthy (573).jpg,0,Healthy,MRI,123aa8352a75908753af34820a7cba09e767b5ec1cd2ccfbeb2c1ed19cee63c4,1
C:\Users\dondo\OneDrive\Documents\ADBU CSE(AI & ML)\5th sem\Minor Project\Project Prototype\Brain-Tumor-Minor-Project\dataset\Brain Tumor MRI images\Healthy\mri_healthy (574).jpg,Brain Tumor MRI images/Healthy/mri_healthy (574).jpg,0,Healthy,MRI,9fd5fc80ddf9c1b5b9ed3d6c2d67a6202a8a37b443382bbc75c358ee9d64d427,1
C:\Users\dondo\OneDrive\Documents\ADBU CSE(AI & ML)\5th sem\Minor Project\Project Prototype\Brain-Tumor-Minor-Project\dataset\Brain Tumor MRI images\Healthy\mri_healthy (575).jpg,Brain Tumor MRI images/Healthy/mri_healthy (575).jpg,0,Healthy,MRI,d0f62a8e0c35721c6e45d29acb29b3a004e0110b0104d2d6b6542d1c36b7dd70,1
C:\Users\dondo\OneDrive\Documents\ADBU CSE(AI & ML)\5th sem\Minor Project\Project Prototype\Brain-Tumor-Minor-Project\dataset\Brain Tumor MRI images\Healthy\mri_healthy (576).jpg,Brain Tumor MRI images/Healthy/mri_healthy (576).jpg,0,Healthy,MRI,604efdadb3c66e226cd55edf42d6f8bbb8e0671ecd1273a5f8c3108f7b5bf965,1
C:\Users\dondo\OneDrive\Documents\ADBU CSE(AI & ML)\5th sem\Minor Project\Project Prototype\Brain-Tumor-Minor-Project\dataset\Brain Tumor MRI images\Healthy\mri_healthy (582).jpg,Brain Tumor MRI images/Healthy/mri_healthy (582).jpg,0,Healthy,MRI,d511535c3291abb3c9b59f66b54c520d1fbf5351d5df708f8995f09d080f8406,1
C:\Users\dondo\OneDrive\Documents\ADBU CSE(AI & ML)\5th sem\Minor Project\Project Prototype\Brain-Tumor-Minor-Project\dataset\Brain Tumor MRI images\Healthy\mri_healthy (583).jpg,Brain Tumor MRI images/Healthy/mri_healthy (583).jpg,0,Healthy,MRI,ca149c708aa3c50e833a7e856fea640369165be97f86db541b6664c0829f03b5,1
C:\Users\dondo\OneDrive\Documents\ADBU CSE(AI & ML)\5th sem\Minor Project\Project Prototype\Brain-Tumor-Minor-Project\dataset\Brain Tumor MRI images\Healthy\mri_healthy (584).jpg,Brain Tumor MRI images/Healthy/mri_healthy (584).jpg,0,Healthy,MRI,5d3d6ff5c8a1c4b06b859984e9f559dde93db4a886f24948a53915aa1f33e7e6,1
C:\Users\dondo\OneDrive\Documents\ADBU CSE(AI & ML)\5th sem\Minor Project\Project Prototype\Brain-Tumor-Minor-Project\dataset\Brain Tumor MRI images\Healthy\mri_healthy (585).jpg,Brain Tumor MRI images/Healthy/mri_healthy (585).jpg,0,Healthy,MRI,91d6726f68b1679c1d4aacd5fd004f3832a37b8abda96cd42d466ddde8b1a56a,1
C:\Users\dondo\OneDrive\Documents\ADBU CSE(AI & ML)\5th sem\Minor Project\Project Prototype\Brain-Tumor-Minor-Project\dataset\Brain Tumor MRI images\Healthy\mri_healthy (587).jpg,Brain Tumor MRI images/Healthy/mri_healthy (587).jpg,0,Healthy,MRI,f3afc0bf5c997e94602eb7861712371216df4555078eb243eea398a72f63f14f,1
C:\Users\dondo\OneDrive\Documents\ADBU CSE(AI & ML)\5th sem\Minor Project\Project Prototype\Brain-Tumor-Minor-Project\dataset\Brain Tumor MRI images\Healthy\mri_healthy (589).jpg,Brain Tumor MRI images/Healthy/mri_healthy (589).jpg,0,Healthy,MRI,a5076e3031bddc525b1a7cbeb5f9bf61e55e573baac341afcd47a041b35e190e,1
C:\Users\dondo\OneDrive\Documents\ADBU CSE(AI & ML)\5th sem\Minor Project\Project Prototype\Brain-Tumor-Minor-Project\dataset\Brain Tumor MRI images\Healthy\mri_healthy (59).jpg,Brain Tumor MRI images/Healthy/mri_healthy (59).jpg,0,Healthy,MRI,7c3714a8a97b05b99124d07db3d29ff4b25839a5ad99a7ad68d5d21808557553,1
C:\Users\dondo\OneDrive\Documents\ADBU CSE(AI & ML)\5th sem\Minor Project\Project Prototype\Brain-Tumor-Minor-Project\dataset\Brain Tumor MRI images\Healthy\mri_healthy (590).jpg,Brain Tumor MRI images/Healthy/mri_healthy (590).jpg,0,Healthy,MRI,8d5e879f3033583cd6c83267a81f7c9803911932d3b15bf915a7ec078e0a88b3,1
C:\Users\dondo\OneDrive\Documents\ADBU CSE(AI & ML)\5th sem\Minor Project\Project Prototype\Brain-Tumor-Minor-Project\dataset\Brain Tumor MRI images\Healthy\mri_healthy (591).jpg,Brain Tumor MRI images/Healthy/mri_healthy (591).jpg,0,Healthy,MRI,88fd43557e962b670d0e1fa812720479871f37275c60ad23faf233e9a7940854,1
C:\Users\dondo\OneDrive\Documents\ADBU CSE(AI & ML)\5th sem\Minor Project\Project Prototype\Brain-Tumor-Minor-Project\dataset\Brain Tumor MRI images\Healthy\mri_healthy (592).jpg,Brain Tumor MRI images/Healthy/mri_healthy (592).jpg,0,Healthy,MRI,84af9d1f071945810ac05cefefc35b273d5cb7eb115aaee17e10f0490627ce90,1
C:\Users\dondo\OneDrive\Documents\ADBU CSE(AI & ML)\5th sem\Minor Project\Project Prototype\Brain-Tumor-Minor-Project\dataset\Brain Tumor MRI images\Healthy\mri_healthy (593).jpg,Brain Tumor MRI images/Healthy/mri_healthy (593).jpg,0,Healthy,MRI,dd3f676178815fcd6848d157aef85f91c127bfe56410d7b11e2b89aac4871df2,1
C:\Users\dondo\OneDrive\Documents\ADBU CSE(AI & ML)\5th sem\Minor Project\Project Prototype\Brain-Tumor-Minor-Project\dataset\Brain Tumor MRI images\Healthy\mri_healthy (596).jpg,Brain Tumor MRI images/Healthy/mri_healthy (596).jpg,0,Healthy,MRI,8d08b73b7c9d08f95dc6883d9be3151254444eff4c34aae3a840fe9471c877fb,1
C:\Users\dondo\OneDrive\Documents\ADBU CSE(AI & ML)\5th sem\Minor Project\Project Prototype\Brain-Tumor-Minor-Project\dataset\Brain Tumor MRI images\Healthy\mri_healthy (598).jpg,Brain Tumor MRI images/Healthy/mri_healthy (598).jpg,0,Healthy,MRI,78d3f0a0897ab379bdd64cd83eb55cbdf4d3a992c2a66b10aa8095d5349edee8,1
C:\Users\dondo\OneDrive\Documents\ADBU CSE(AI & ML)\5th sem\Minor Project\Project Prototype\Brain-Tumor-Minor-Project\dataset\Brain Tumor MRI images\Healthy\mri_healthy (6).jpg,Brain Tumor MRI images/Healthy/mri_healthy (6).jpg,0,Healthy,MRI,5880cd0c239f879766593fb7b0408dc5fc76a00d22cea1149a4956e53670944c,1
C:\Users\dondo\OneDrive\Documents\ADBU CSE(AI & ML)\5th sem\Minor Project\Project Prototype\Brain-Tumor-Minor-Project\dataset\Brain Tumor MRI images\Healthy\mri_healthy (601).jpg,Brain Tumor MRI images/Healthy/mri_healthy (601).jpg,0,Healthy,MRI,e8642c5e28ed70ecd14a65a90ddebb6137e55aac86774f981e0bb7a7514da214,1
C:\Users\dondo\OneDrive\Documents\ADBU CSE(AI & ML)\5th sem\Minor Project\Project Prototype\Brain-Tumor-Minor-Project\dataset\Brain Tumor MRI images\Healthy\mri_healthy (602).jpg,Brain Tumor MRI images/Healthy/mri_healthy (602).jpg,0,Healthy,MRI,4476446a6b75392e1667677b666c429a966ed5f9fb58e223ca15a54d39068c59,1
C:\Users\dondo\OneDrive\Documents\ADBU CSE(AI & ML)\5th sem\Minor Project\Project Prototype\Brain-Tumor-Minor-Project\dataset\Brain Tumor MRI images\Healthy\mri_healthy (603).jpg,Brain Tumor MRI images/Healthy/mri_healthy (603).jpg,0,Healthy,MRI,861505cb1e5e1b2809da997f12cd57f12a6d02784d2ceae9e87b4e847bc3843b,1
C:\Users\dondo\OneDrive\Documents\ADBU CSE(AI & ML)\5th sem\Minor Project\Project Prototype\Brain-Tumor-Minor-Project\dataset\Brain Tumor MRI images\Healthy\mri_healthy (605).jpg,Brain Tumor MRI images/Healthy/mri_healthy (605).jpg,0,Healthy,MRI,53e6713467b78b76d8ff59a0f1ca62482fb30618ad0974bb3f02ff4f7d1cc0e1,1
C:\Users\dondo\OneDrive\Documents\ADBU CSE(AI & ML)\5th sem\Minor Project\Project Prototype\Brain-Tumor-Minor-Project\dataset\Brain Tumor MRI images\Healthy\mri_healthy (606).jpg,Brain Tumor MRI images/Healthy/mri_healthy (606).jpg,0,Healthy,MRI,748b5d57ae09ba9ce270e29d38678499963c29e860f7312da86002c3c0355d0e,1
C:\Users\dondo\OneDrive\Documents\ADBU CSE(AI & ML)\5th sem\Minor Project\Project Prototype\Brain-Tumor-Minor-Project\dataset\Brain Tumor MRI images\Healthy\mri_healthy (607).jpg,Brain Tumor MRI images/Healthy/mri_healthy (607).jpg,0,Healthy,MRI,b94843b097f2ee52637dea98e7e60b5aabc13ffc6c04772bf97d0d30d9726cd9,1
C:\Users\dondo\OneDrive\Documents\ADBU CSE(AI & ML)\5th sem\Minor Project\Project Prototype\Brain-Tumor-Minor-Project\dataset\Brain Tumor MRI images\Healthy\mri_healthy (608).jpg,Brain Tumor MRI images/Healthy/mri_healthy (608).jpg,0,Healthy,MRI,109af94661154ef724e49215fcc343efc2f16dfa2301735a7bc27949ae572fb9,1
C:\Users\dondo\OneDrive\Documents\ADBU CSE(AI & ML)\5th sem\Minor Project\Project Prototype\Brain-Tumor-Minor-Project\dataset\Brain Tumor MRI images\Healthy\mri_healthy (61).jpg,Brain Tumor MRI images/Healthy/mri_healthy (61).jpg,0,Healthy,MRI,c4de8da8d5173cc584269e859ea8ddbb1a3b3e769fb969123e7731a466b85451,1
C:\Users\dondo\OneDrive\Documents\ADBU CSE(AI & ML)\5th sem\Minor Project\Project Prototype\Brain-Tumor-Minor-Project\dataset\Brain Tumor MRI images\Healthy\mri_healthy (611).jpg,Brain Tumor MRI images/Healthy/mri_healthy (611).jpg,0,Healthy,MRI,becbb253148c0a9474a88ae20d26df21b47013d6e3bdafd6a9d070a83804cce4,1
C:\Users\dondo\OneDrive\Documents\ADBU CSE(AI & ML)\5th sem\Minor Project\Project Prototype\Brain-Tumor-Minor-Project\dataset\Brain Tumor MRI images\Healthy\mri_healthy (612).jpg,Brain Tumor MRI images/Healthy/mri_healthy (612).jpg,0,Healthy,MRI,5a13e61226d1152e3fff6558570a4e8b45063acc29e9f5810168a8083dbfd495,1
C:\Users\dondo\OneDrive\Documents\ADBU CSE(AI & ML)\5th sem\Minor Project\Project Prototype\Brain-Tumor-Minor-Project\dataset\Brain Tumor MRI images\Healthy\mri_healthy (613).jpg,Brain Tumor MRI images/Healthy/mri_healthy (613).jpg,0,Healthy,MRI,24801c0d80816f56dae2e6408bc82396913e4d493481c0bfb56124eca2cd40c5,1
C:\Users\dondo\OneDrive\Documents\ADBU CSE(AI & ML)\5th sem\Minor Project\Project Prototype\Brain-Tumor-Minor-Project\dataset\Brain Tumor MRI images\Healthy\mri_healthy (615).jpg,Brain Tumor MRI images/Healthy/mri_healthy (615).jpg,0,Healthy,MRI,5d8420570a8bcf79f1275639464001dfa3edce1b00eff0f65d7d8c7ba328e323,1
C:\Users\dondo\OneDrive\Documents\ADBU CSE(AI & ML)\5th sem\Minor Project\Project Prototype\Brain-Tumor-Minor-Project\dataset\Brain Tumor MRI images\Healthy\mri_healthy (616).jpg,Brain Tumor MRI images/Healthy/mri_healthy (616).jpg,0,Healthy,MRI,4708458f0b85c9d46134611c89ab32da9ba6fc3efac29fa4c60a9d19f2957116,1
C:\Users\dondo\OneDrive\Documents\ADBU CSE(AI & ML)\5th sem\Minor Project\Project Prototype\Brain-Tumor-Minor-Project\dataset\Brain Tumor MRI images\Healthy\mri_healthy (617).jpg,Brain Tumor MRI images/Healthy/mri_healthy (617).jpg,0,Healthy,MRI,4578766c42c6dc32c00d7d7c324c1828d1d8d167224bcbf324eae655db68c68a,1
C:\Users\dondo\OneDrive\Documents\ADBU CSE(AI & ML)\5th sem\Minor Project\Project Prototype\Brain-Tumor-Minor-Project\dataset\Brain Tumor MRI images\Healthy\mri_healthy (618).jpg,Brain Tumor MRI images/Healthy/mri_healthy (618).jpg,0,Healthy,MRI,45699cbaec533d6ffdd55ae22fb1e7241bff71a342509c8f84e942f41da7a9c8,1
C:\Users\dondo\OneDrive\Documents\ADBU CSE(AI & ML)\5th sem\Minor Project\Project Prototype\Brain-Tumor-Minor-Project\dataset\Brain Tumor MRI images\Healthy\mri_healthy (621).jpg,Brain Tumor MRI images/Healthy/mri_healthy (621).jpg,0,Healthy,MRI,5c30b05f78f93f4db3711b3e34e4efb55cf4467a7e2215d57dbd7b4f43cc7d06,1
C:\Users\dondo\OneDrive\Documents\ADBU CSE(AI & ML)\5th sem\Minor Project\Project Prototype\Brain-Tumor-Minor-Project\dataset\Brain Tumor MRI images\Healthy\mri_healthy (623).jpg,Brain Tumor MRI images/Healthy/mri_healthy (623).jpg,0,Healthy,MRI,43f32f3254dffaafc3cf4d3abc1a799d91c4d894e6a53e270c59fac80358f873,1
C:\Users\dondo\OneDrive\Documents\ADBU CSE(AI & ML)\5th sem\Minor Project\Project Prototype\Brain-Tumor-Minor-Project\dataset\Brain Tumor MRI images\Healthy\mri_healthy (628).jpg,Brain Tumor MRI images/Healthy/mri_healthy (628).jpg,0,Healthy,MRI,c610e77a5a8fbce85cf8509428fee33ba9ec9d675171407eac92d07a1dcc5c44,1
C:\Users\dondo\OneDrive\Documents\ADBU CSE(AI & ML)\5th sem\Minor Project\Project Prototype\Brain-Tumor-Minor-Project\dataset\Brain Tumor MRI images\Healthy\mri_healthy (629).jpg,Brain Tumor MRI images/Healthy/mri_healthy (629).jpg,0,Healthy,MRI,bcde217f992d8966b428dc8a3b3ba06433313c76e04dce5d321a476e7cb751cd,1
C:\Users\dondo\OneDrive\Documents\ADBU CSE(AI & ML)\5th sem\Minor Project\Project Prototype\Brain-Tumor-Minor-Project\dataset\Brain Tumor MRI images\Healthy\mri_healthy (63).jpg,Brain Tumor MRI images/Healthy/mri_healthy (63).jpg,0,Healthy,MRI,01ff0191e5003d74435cb70d94b3013ff7cce12e283d68d3d95ea88824320cd6,1
C:\Users\dondo\OneDrive\Documents\ADBU CSE(AI & ML)\5th sem\Minor Project\Project Prototype\Brain-Tumor-Minor-Project\dataset\Brain Tumor MRI images\Healthy\mri_healthy (630).jpg,Brain Tumor MRI images/Healthy/mri_healthy (630).jpg,0,Healthy,MRI,68d48cfd87e8ec1e9d686c8dd69300be5032e6e62f2c9f83d8e13f21e38a092a,1
C:\Users\dondo\OneDrive\Documents\ADBU CSE(AI & ML)\5th sem\Minor Project\Project Prototype\Brain-Tumor-Minor-Project\dataset\Brain Tumor MRI images\Healthy\mri_healthy (632).jpg,Brain Tumor MRI images/Healthy/mri_healthy (632).jpg,0,Healthy,MRI,2a22d2411d8aff6a9d6cea93842cd59c068fbfb1e46f607cf80ca19f101a821e,1
C:\Users\dondo\OneDrive\Documents\ADBU CSE(AI & ML)\5th sem\Minor Project\Project Prototype\Brain-Tumor-Minor-Project\dataset\Brain Tumor MRI images\Healthy\mri_healthy (633).jpg,Brain Tumor MRI images/Healthy/mri_healthy (633).jpg,0,Healthy,MRI,709a0ac01f5972e0740f9fc6818135c0c41fc59cb6622b3de9a631e661ae0747,1
C:\Users\dondo\OneDrive\Documents\ADBU CSE(AI & ML)\5th sem\Minor Project\Project Prototype\Brain-Tumor-Minor-Project\dataset\Brain Tumor MRI images\Healthy\mri_healthy (634).jpg,Brain Tumor MRI images/Healthy/mri_healthy (634).jpg,0,Healthy,MRI,8f01562f5d12d93e647e2106fa21acecd533d88dd6a792bb9c640a30cfa8403c,1
C:\Users\dondo\OneDrive\Documents\ADBU CSE(AI & ML)\5th sem\Minor Project\Project Prototype\Brain-Tumor-Minor-Project\dataset\Brain Tumor MRI images\Healthy\mri_healthy (636).jpg,Brain Tumor MRI images/Healthy/mri_healthy (636).jpg,0,Healthy,MRI,f69fc4ab017b247f1d116a2f4caa0c3f95774e02b14ebf097b6a83646ba37f5e,1
C:\Users\dondo\OneDrive\Documents\ADBU CSE(AI & ML)\5th sem\Minor Project\Project Prototype\Brain-Tumor-Minor-Project\dataset\Brain Tumor MRI images\Healthy\mri_healthy (637).jpg,Brain Tumor MRI images/Healthy/mri_healthy (637).jpg,0,Healthy,MRI,95db43f940810b348ce53f696660273828e22e7c24840a7439628d3405370167,1
C:\Users\dondo\OneDrive\Documents\ADBU CSE(AI & ML)\5th sem\Minor Project\Project Prototype\Brain-Tumor-Minor-Project\dataset\Brain Tumor MRI images\Healthy\mri_healthy (639).jpg,Brain Tumor MRI images/Healthy/mri_healthy (639).jpg,0,Healthy,MRI,1e35d463b8b5c6ee06177f7300007c4e0e79325eaca543fe6dde0d8678dab494,1
C:\Users\dondo\OneDrive\Documents\ADBU CSE(AI & ML)\5th sem\Minor Project\Project Prototype\Brain-Tumor-Minor-Project\dataset\Brain Tumor MRI images\Healthy\mri_healthy (642).jpg,Brain Tumor MRI images/Healthy/mri_healthy (642).jpg,0,Healthy,MRI,87e322a10d59dc37e17db7e2ac202dfc0a5c70fca67c6c9299b0ea9833ffaea3,1
C:\Users\dondo\OneDrive\Documents\ADBU CSE(AI & ML)\5th sem\Minor Project\Project Prototype\Brain-Tumor-Minor-Project\dataset\Brain Tumor MRI images\Healthy\mri_healthy (643).jpg,Brain Tumor MRI images/Healthy/mri_healthy (643).jpg,0,Healthy,MRI,d0519fe0fabced0cc51c7585e25fb7c6e66b0ea479522b2847266183106f77f1,1
C:\Users\dondo\OneDrive\Documents\ADBU CSE(AI & ML)\5th sem\Minor Project\Project Prototype\Brain-Tumor-Minor-Project\dataset\Brain Tumor MRI images\Healthy\mri_healthy (647).jpg,Brain Tumor MRI images/Healthy/mri_healthy (647).jpg,0,Healthy,MRI,ef0c148d5ca682d1fe81b9fe13d8b780be637d48189183af248e46eeef010d0a,1
C:\Users\dondo\OneDrive\Documents\ADBU CSE(AI & ML)\5th sem\Minor Project\Project Prototype\Brain-Tumor-Minor-Project\dataset\Brain Tumor MRI images\Healthy\mri_healthy (648).jpg,Brain Tumor MRI images/Healthy/mri_healthy (648).jpg,0,Healthy,MRI,415b76f06ec7e35ffac9b7bfc86f703fb6b9e197ae5c9970129d13cf08e21974,1
C:\Users\dondo\OneDrive\Documents\ADBU CSE(AI & ML)\5th sem\Minor Project\Project Prototype\Brain-Tumor-Minor-Project\dataset\Brain Tumor MRI images\Healthy\mri_healthy (649).jpg,Brain Tumor MRI images/Healthy/mri_healthy (649).jpg,0,Healthy,MRI,7d47ff00e456024df5dc3b45922011b993a22f6f3fa5ca96b6ac87e13f9ef02b,1
C:\Users\dondo\OneDrive\Documents\ADBU CSE(AI & ML)\5th sem\Minor Project\Project Prototype\Brain-Tumor-Minor-Project\dataset\Brain Tumor MRI images\Healthy\mri_healthy (651).jpg,Brain Tumor MRI images/Healthy/mri_healthy (651).jpg,0,Healthy,MRI,7935810149dc092acd04c4a7a899411c23523004f12cb100e0d831b12570d170,1
C:\Users\dondo\OneDrive\Documents\ADBU CSE(AI & ML)\5th sem\Minor Project\Project Prototype\Brain-Tumor-Minor-Project\dataset\Brain Tumor MRI images\Healthy\mri_healthy (652).jpg,Brain Tumor MRI images/Healthy/mri_healthy (652).jpg,0,Healthy,MRI,dcb06ae4e54b5e5dd7897f1e36cbc7cced7cffbeb3ebc6f3ea2085598ada014b,1
C:\Users\dondo\OneDrive\Documents\ADBU CSE(AI & ML)\5th sem\Minor Project\Project Prototype\Brain-Tumor-Minor-Project\dataset\Brain Tumor MRI images\Healthy\mri_healthy (654).jpg,Brain Tumor MRI images/Healthy/mri_healthy (654).jpg,0,Healthy,MRI,7c8b31e40aba3f7514165b814cc76a597f8ce11aae36314d0aab5959750bd5d8,1
C:\Users\dondo\OneDrive\Documents\ADBU CSE(AI & ML)\5th sem\Minor Project\Project Prototype\Brain-Tumor-Minor-Project\dataset\Brain Tumor MRI images\Healthy\mri_healthy (659).jpg,Brain Tumor MRI images/Healthy/mri_healthy (659).jpg,0,Healthy,MRI,9e6468554a9e6efd11575ae7c1f3a5fd4484a42e30d0a2a4bce65d710b9f3220,1
C:\Users\dondo\OneDrive\Documents\ADBU CSE(AI & ML)\5th sem\Minor Project\Project Prototype\Brain-Tumor-Minor-Project\dataset\Brain Tumor MRI images\Healthy\mri_healthy (662).jpg,Brain Tumor MRI images/Healthy/mri_healthy (662).jpg,0,Healthy,MRI,7a81f098fe4acd0eaff5d1856ba4b08660e912c5e92b4b2d1d4511d20fd68744,1
C:\Users\dondo\OneDrive\Documents\ADBU CSE(AI & ML)\5th sem\Minor Project\Project Prototype\Brain-Tumor-Minor-Project\dataset\Brain Tumor MRI images\Healthy\mri_healthy (663).jpg,Brain Tumor MRI images/Healthy/mri_healthy (663).jpg,0,Healthy,MRI,1266dab00109dba8ec86c2dc14bc7d19afcb053908501ef9c20b4aec15b0b626,1
C:\Users\dondo\OneDrive\Documents\ADBU CSE(AI & ML)\5th sem\Minor Project\Project Prototype\Brain-Tumor-Minor-Project\dataset\Brain Tumor MRI images\Healthy\mri_healthy (667).jpg,Brain Tumor MRI images/Healthy/mri_healthy (667).jpg,0,Healthy,MRI,497eef37807b05a5cf207f97695b168bf0f2c86b4ca1ea21c78ae19dcd129bac,1
C:\Users\dondo\OneDrive\Documents\ADBU CSE(AI & ML)\5th sem\Minor Project\Project Prototype\Brain-Tumor-Minor-Project\dataset\Brain Tumor MRI images\Healthy\mri_healthy (668).jpg,Brain Tumor MRI images/Healthy/mri_healthy (668).jpg,0,Healthy,MRI,b41c3ee7a4cb92e47e4f5f474bcf096887f24962f72f05fa0996eb0ec98d9395,1
C:\Users\dondo\OneDrive\Documents\ADBU CSE(AI & ML)\5th sem\Minor Project\Project Prototype\Brain-Tumor-Minor-Project\dataset\Brain Tumor MRI images\Healthy\mri_healthy (669).jpg,Brain Tumor MRI images/Healthy/mri_healthy (669).jpg,0,Healthy,MRI,d27e7f8abfa448a0dea643f6001149c0f22f975735e15089ca5d0a72c003c8ef,1
C:\Users\dondo\OneDrive\Documents\ADBU CSE(AI & ML)\5th sem\Minor Project\Project Prototype\Brain-Tumor-Minor-Project\dataset\Brain Tumor MRI images\Healthy\mri_healthy (67).jpg,Brain Tumor MRI images/Healthy/mri_healthy (67).jpg,0,Healthy,MRI,08275485988349e9b28fbc6996cdc7ae5679ceacdbb15fca2d028b1fafca256d,1
C:\Users\dondo\OneDrive\Documents\ADBU CSE(AI & ML)\5th sem\Minor Project\Project Prototype\Brain-Tumor-Minor-Project\dataset\Brain Tumor MRI images\Healthy\mri_healthy (671).jpg,Brain Tumor MRI images/Healthy/mri_healthy (671).jpg,0,Healthy,MRI,91f880f22ee87617b40e87281a1cc04a340b3125ff8dec6b5f68445960114078,1
C:\Users\dondo\OneDrive\Documents\ADBU CSE(AI & ML)\5th sem\Minor Project\Project Prototype\Brain-Tumor-Minor-Project\dataset\Brain Tumor MRI images\Healthy\mri_healthy (672).jpg,Brain Tumor MRI images/Healthy/mri_healthy (672).jpg,0,Healthy,MRI,2dc1926e6d0d9bd1b948ddf95abec9bb75ed143a8377e903a74da72dc03d9898,1
C:\Users\dondo\OneDrive\Documents\ADBU CSE(AI & ML)\5th sem\Minor Project\Project Prototype\Brain-Tumor-Minor-Project\dataset\Brain Tumor MRI images\Healthy\mri_healthy (674).jpg,Brain Tumor MRI images/Healthy/mri_healthy (674).jpg,0,Healthy,MRI,2d332ef2ccdefda51885a6e671e1dcd4917c6d4b3bfcbac431ad3f11a3e9f59e,1
C:\Users\dondo\OneDrive\Documents\ADBU CSE(AI & ML)\5th sem\Minor Project\Project Prototype\Brain-Tumor-Minor-Project\dataset\Brain Tumor MRI images\Healthy\mri_healthy (682).jpg,Brain Tumor MRI images/Healthy/mri_healthy (682).jpg,0,Healthy,MRI,fa0d655f69259b5f96f73da954f5c2a31c34f1512f4eee574177ff246e79889b,1
C:\Users\dondo\OneDrive\Documents\ADBU CSE(AI & ML)\5th sem\Minor Project\Project Prototype\Brain-Tumor-Minor-Project\dataset\Brain Tumor MRI images\Healthy\mri_healthy (684).jpg,Brain Tumor MRI images/Healthy/mri_healthy (684).jpg,0,Healthy,MRI,f9d7f228a2b66ca8a61d05f276cb140f5bb25e258e79b6ee3fea6fb169539516,1
C:\Users\dondo\OneDrive\Documents\ADBU CSE(AI & ML)\5th sem\Minor Project\Project Prototype\Brain-Tumor-Minor-Project\dataset\Brain Tumor MRI images\Healthy\mri_healthy (685).jpg,Brain Tumor MRI images/Healthy/mri_healthy (685).jpg,0,Healthy,MRI,b785c5acc5b34c9ff3b64db072dcd9aa261f79a4e7f61651e957daffce1522d5,1
C:\Users\dondo\OneDrive\Documents\ADBU CSE(AI & ML)\5th sem\Minor Project\Project Prototype\Brain-Tumor-Minor-Project\dataset\Brain Tumor MRI images\Healthy\mri_healthy (686).jpg,Brain Tumor MRI images/Healthy/mri_healthy (686).jpg,0,Healthy,MRI,1b136e179df6e6ece4f43ace5ccaf22755fcf06586c70e037703dd96f45d5f3f,1
C:\Users\dondo\OneDrive\Documents\ADBU CSE(AI & ML)\5th sem\Minor Project\Project Prototype\Brain-Tumor-Minor-Project\dataset\Brain Tumor MRI images\Healthy\mri_healthy (687).jpg,Brain Tumor MRI images/Healthy/mri_healthy (687).jpg,0,Healthy,MRI,e26af96d329b3f3b0f83bbc28d565156250c0de57359c7d8cd1a07517ec92484,1
C:\Users\dondo\OneDrive\Documents\ADBU CSE(AI & ML)\5th sem\Minor Project\Project Prototype\Brain-Tumor-Minor-Project\dataset\Brain Tumor MRI images\Healthy\mri_healthy (689).jpg,Brain Tumor MRI images/Healthy/mri_healthy (689).jpg,0,Healthy,MRI,7093fe9a42928f0c74abf46976f79076374da6fa61519498c96d9b991f93437b,1
C:\Users\dondo\OneDrive\Documents\ADBU CSE(AI & ML)\5th sem\Minor Project\Project Prototype\Brain-Tumor-Minor-Project\dataset\Brain Tumor MRI images\Healthy\mri_healthy (696).jpg,Brain Tumor MRI images/Healthy/mri_healthy (696).jpg,0,Healthy,MRI,b1607cd7769f9ff6f79503c2029c2beb2a3862cf19d6bd92b512af33a4b77115,1
C:\Users\dondo\OneDrive\Documents\ADBU CSE(AI & ML)\5th sem\Minor Project\Project Prototype\Brain-Tumor-Minor-Project\dataset\Brain Tumor MRI images\Healthy\mri_healthy (697).jpg,Brain Tumor MRI images/Healthy/mri_healthy (697).jpg,0,Healthy,MRI,e214ec1c41603f8652a54f438b12e80a86ad47c83dec40afc67cd787732d825c,1
C:\Users\dondo\OneDrive\Documents\ADBU CSE(AI & ML)\5th sem\Minor Project\Project Prototype\Brain-Tumor-Minor-Project\dataset\Brain Tumor MRI images\Healthy\mri_healthy (698).jpg,Brain Tumor MRI images/Healthy/mri_healthy (698).jpg,0,Healthy,MRI,24fdd580908eeebfbbff780c84ecac4a1b78b1f96221739052fa707a190ada3e,1
C:\Users\dondo\OneDrive\Documents\ADBU CSE(AI & ML)\5th sem\Minor Project\Project Prototype\Brain-Tumor-Minor-Project\dataset\Brain Tumor MRI images\Healthy\mri_healthy (699).jpg,Brain Tumor MRI images/Healthy/mri_healthy (699).jpg,0,Healthy,MRI,78830e4f0b6d67bc495d912a69c53a7bc0f1422ffee896c4eab659dda9ca8623,1
C:\Users\dondo\OneDrive\Documents\ADBU CSE(AI & ML)\5th sem\Minor Project\Project Prototype\Brain-Tumor-Minor-Project\dataset\Brain Tumor MRI images\Healthy\mri_healthy (7).jpg,Brain Tumor MRI images/Healthy/mri_healthy (7).jpg,0,Healthy,MRI,c2c455e44e6a6542a34deef0a9efee8c92a3c7136a3ef37e769dbb0e001ebc8c,1
C:\Users\dondo\OneDrive\Documents\ADBU CSE(AI & ML)\5th sem\Minor Project\Project Prototype\Brain-Tumor-Minor-Project\dataset\Brain Tumor MRI images\Healthy\mri_healthy (700).jpg,Brain Tumor MRI images/Healthy/mri_healthy (700).jpg,0,Healthy,MRI,d6bd383d6adcac7e0772e416697ed2b0ba829b7921858ea6b3e6294b45e2f682,1
C:\Users\dondo\OneDrive\Documents\ADBU CSE(AI & ML)\5th sem\Minor Project\Project Prototype\Brain-Tumor-Minor-Project\dataset\Brain Tumor MRI images\Healthy\mri_healthy (701).jpg,Brain Tumor MRI images/Healthy/mri_healthy (701).jpg,0,Healthy,MRI,5009cd0950178d1c0e8076799a27ff016b960bc24d4e5ef045959f943dadc593,1
C:\Users\dondo\OneDrive\Documents\ADBU CSE(AI & ML)\5th sem\Minor Project\Project Prototype\Brain-Tumor-Minor-Project\dataset\Brain Tumor MRI images\Healthy\mri_healthy (702).jpg,Brain Tumor MRI images/Healthy/mri_healthy (702).jpg,0,Healthy,MRI,ecd64d3e509aa460bc1771407d6b2f585a473745367f1cf6e4ce51325616aa29,1
C:\Users\dondo\OneDrive\Documents\ADBU CSE(AI & ML)\5th sem\Minor Project\Project Prototype\Brain-Tumor-Minor-Project\dataset\Brain Tumor MRI images\Healthy\mri_healthy (705).jpg,Brain Tumor MRI images/Healthy/mri_healthy (705).jpg,0,Healthy,MRI,9a8e7417ed26e664a1047e85460b3bd91afb6a508111ccf97b18922262b41658,1
C:\Users\dondo\OneDrive\Documents\ADBU CSE(AI & ML)\5th sem\Minor Project\Project Prototype\Brain-Tumor-Minor-Project\dataset\Brain Tumor MRI images\Healthy\mri_healthy (706).jpg,Brain Tumor MRI images/Healthy/mri_healthy (706).jpg,0,Healthy,MRI,7ed343adc1721d7ee6eb4de123c683a537c417fa466b9b1e93461643c31fae14,1
C:\Users\dondo\OneDrive\Documents\ADBU CSE(AI & ML)\5th sem\Minor Project\Project Prototype\Brain-Tumor-Minor-Project\dataset\Brain Tumor MRI images\Healthy\mri_healthy (707).jpg,Brain Tumor MRI images/Healthy/mri_healthy (707).jpg,0,Healthy,MRI,aa27d6ba94f77c29b018388e6884a7f724504d5296209e4095adca551b45937f,1
C:\Users\dondo\OneDrive\Documents\ADBU CSE(AI & ML)\5th sem\Minor Project\Project Prototype\Brain-Tumor-Minor-Project\dataset\Brain Tumor MRI images\Healthy\mri_healthy (708).jpg,Brain Tumor MRI images/Healthy/mri_healthy (708).jpg,0,Healthy,MRI,41c378de1c09ad9947d9a0457837535374d5e017a33a3b95389c88eda4c6e515,1
C:\Users\dondo\OneDrive\Documents\ADBU CSE(AI & ML)\5th sem\Minor Project\Project Prototype\Brain-Tumor-Minor-Project\dataset\Brain Tumor MRI images\Healthy\mri_healthy (710).jpg,Brain Tumor MRI images/Healthy/mri_healthy (710).jpg,0,Healthy,MRI,df7c5386ef5851f33bbb9950ccc0f7d1dd3ec45ca01276b0db2ac93287f634a5,1
C:\Users\dondo\OneDrive\Documents\ADBU CSE(AI & ML)\5th sem\Minor Project\Project Prototype\Brain-Tumor-Minor-Project\dataset\Brain Tumor MRI images\Healthy\mri_healthy (711).jpg,Brain Tumor MRI images/Healthy/mri_healthy (711).jpg,0,Healthy,MRI,a1aabef41b64fb285b4a3dd282ba5f5816beb1970c35ed61a58bfbd61671886e,1
C:\Users\dondo\OneDrive\Documents\ADBU CSE(AI & ML)\5th sem\Minor Project\Project Prototype\Brain-Tumor-Minor-Project\dataset\Brain Tumor MRI images\Healthy\mri_healthy (714).jpg,Brain Tumor MRI images/Healthy/mri_healthy (714).jpg,0,Healthy,MRI,f742befa0be860436515e161f96d070e2a3a2baf5f0c0d8cb2164398e994c75f,1
C:\Users\dondo\OneDrive\Documents\ADBU CSE(AI & ML)\5th sem\Minor Project\Project Prototype\Brain-Tumor-Minor-Project\dataset\Brain Tumor MRI images\Healthy\mri_healthy (715).jpg,Brain Tumor MRI images/Healthy/mri_healthy (715).jpg,0,Healthy,MRI,8fb3f10c5fb1117214ca63add6f101c66db8072f8f54fe8c233034c8674c1b7c,1
C:\Users\dondo\OneDrive\Documents\ADBU CSE(AI & ML)\5th sem\Minor Project\Project Prototype\Brain-Tumor-Minor-Project\dataset\Brain Tumor MRI images\Healthy\mri_healthy (716).jpg,Brain Tumor MRI images/Healthy/mri_healthy (716).jpg,0,Healthy,MRI,4be1701acb4e632852c9fb75f604ee603c7f4c7acd1ad23e459262c178906e8b,1
C:\Users\dondo\OneDrive\Documents\ADBU CSE(AI & ML)\5th sem\Minor Project\Project Prototype\Brain-Tumor-Minor-Project\dataset\Brain Tumor MRI images\Healthy\mri_healthy (718).jpg,Brain Tumor MRI images/Healthy/mri_healthy (718).jpg,0,Healthy,MRI,f318b044f87d41c99db6c98772df3109adb662b724ab693352abd0a99e4c3180,1
C:\Users\dondo\OneDrive\Documents\ADBU CSE(AI & ML)\5th sem\Minor Project\Project Prototype\Brain-Tumor-Minor-Project\dataset\Brain Tumor MRI images\Healthy\mri_healthy (719).jpg,Brain Tumor MRI images/Healthy/mri_healthy (719).jpg,0,Healthy,MRI,a8167de5fe1e68243642953a3e422739ba3a14cbdb604f9593d49446663ba8f6,1
C:\Users\dondo\OneDrive\Documents\ADBU CSE(AI & ML)\5th sem\Minor Project\Project Prototype\Brain-Tumor-Minor-Project\dataset\Brain Tumor MRI images\Healthy\mri_healthy (72).jpg,Brain Tumor MRI images/Healthy/mri_healthy (72).jpg,0,Healthy,MRI,0fbf921bc2bf3a71086181d82db2e8d5a62f89b0fdae8d4a7cdb5828dd28ddcd,1
C:\Users\dondo\OneDrive\Documents\ADBU CSE(AI & ML)\5th sem\Minor Project\Project Prototype\Brain-Tumor-Minor-Project\dataset\Brain Tumor MRI images\Healthy\mri_healthy (721).jpg,Brain Tumor MRI images/Healthy/mri_healthy (721).jpg,0,Healthy,MRI,461390b7edcdd745e2f8b5c408aafaeac73d3ac2596abe9c38ffad4dca26e723,1
C:\Users\dondo\OneDrive\Documents\ADBU CSE(AI & ML)\5th sem\Minor Project\Project Prototype\Brain-Tumor-Minor-Project\dataset\Brain Tumor MRI images\Healthy\mri_healthy (722).jpg,Brain Tumor MRI images/Healthy/mri_healthy (722).jpg,0,Healthy,MRI,07d7a245c45cd58599dff57f8832d99020fee22fe600d829448517ab1c2c0edd,1
C:\Users\dondo\OneDrive\Documents\ADBU CSE(AI & ML)\5th sem\Minor Project\Project Prototype\Brain-Tumor-Minor-Project\dataset\Brain Tumor MRI images\Healthy\mri_healthy (723).jpg,Brain Tumor MRI images/Healthy/mri_healthy (723).jpg,0,Healthy,MRI,6fdb07f4f1d6c7417dc25dc640a78bc20b91ef3495dba13e775ef47089b968fc,1
C:\Users\dondo\OneDrive\Documents\ADBU CSE(AI & ML)\5th sem\Minor Project\Project Prototype\Brain-Tumor-Minor-Project\dataset\Brain Tumor MRI images\Healthy\mri_healthy (726).jpg,Brain Tumor MRI images/Healthy/mri_healthy (726).jpg,0,Healthy,MRI,acd3dfe715ba9177c2faeffeafee440a84ad9c78063b653b91cb0a4115830c1a,1
C:\Users\dondo\OneDrive\Documents\ADBU CSE(AI & ML)\5th sem\Minor Project\Project Prototype\Brain-Tumor-Minor-Project\dataset\Brain Tumor MRI images\Healthy\mri_healthy (73).jpg,Brain Tumor MRI images/Healthy/mri_healthy (73).jpg,0,Healthy,MRI,3ecfaa22fa79bcef9b60ceedee2998e4dd1e3bd86d425574ae373859bc28808b,1
C:\Users\dondo\OneDrive\Documents\ADBU CSE(AI & ML)\5th sem\Minor Project\Project Prototype\Brain-Tumor-Minor-Project\dataset\Brain Tumor MRI images\Healthy\mri_healthy (731).jpg,Brain Tumor MRI images/Healthy/mri_healthy (731).jpg,0,Healthy,MRI,909e863dd05eef31a764ef34bbfd174731ed63a072670a2b8d12a0fbc76f5d27,1
C:\Users\dondo\OneDrive\Documents\ADBU CSE(AI & ML)\5th sem\Minor Project\Project Prototype\Brain-Tumor-Minor-Project\dataset\Brain Tumor MRI images\Healthy\mri_healthy (738).jpg,Brain Tumor MRI images/Healthy/mri_healthy (738).jpg,0,Healthy,MRI,2fe92b935e8f6248cd65b1257785203a218781be27c4db23cc8776db11c827af,1
C:\Users\dondo\OneDrive\Documents\ADBU CSE(AI & ML)\5th sem\Minor Project\Project Prototype\Brain-Tumor-Minor-Project\dataset\Brain Tumor MRI images\Healthy\mri_healthy (740).jpg,Brain Tumor MRI images/Healthy/mri_healthy (740).jpg,0,Healthy,MRI,6aa22dc68c162453ce6a123e8cddb0eb4883d04fef2f02aaf783e1abf306cdf7,1
C:\Users\dondo\OneDrive\Documents\ADBU CSE(AI & ML)\5th sem\Minor Project\Project Prototype\Brain-Tumor-Minor-Project\dataset\Brain Tumor MRI images\Healthy\mri_healthy (742).jpg,Brain Tumor MRI images/Healthy/mri_healthy (742).jpg,0,Healthy,MRI,533f2147d27c996303ac855935bef7f4314763feb32bf4d48d3df002f7765c75,1
C:\Users\dondo\OneDrive\Documents\ADBU CSE(AI & ML)\5th sem\Minor Project\Project Prototype\Brain-Tumor-Minor-Project\dataset\Brain Tumor MRI images\Healthy\mri_healthy (745).jpg,Brain Tumor MRI images/Healthy/mri_healthy (745).jpg,0,Healthy,MRI,f89c82290d143ac561f688fe038d49344be009463b23a0b3ed4e10dd9044a2ba,1
C:\Users\dondo\OneDrive\Documents\ADBU CSE(AI & ML)\5th sem\Minor Project\Project Prototype\Brain-Tumor-Minor-Project\dataset\Brain Tumor MRI images\Healthy\mri_healthy (746).jpg,Brain Tumor MRI images/Healthy/mri_healthy (746).jpg,0,Healthy,MRI,4171e490d420b113106ceace3e290252a280ebf98021111f7956e393644f138b,1
C:\Users\dondo\OneDrive\Documents\ADBU CSE(AI & ML)\5th sem\Minor Project\Project Prototype\Brain-Tumor-Minor-Project\dataset\Brain Tumor MRI images\Healthy\mri_healthy (748).jpg,Brain Tumor MRI images/Healthy/mri_healthy (748).jpg,0,Healthy,MRI,9c90d5c2a514c1ea449357beae1f1c83539aa6a485865b495a5007a895064c96,1
C:\Users\dondo\OneDrive\Documents\ADBU CSE(AI & ML)\5th sem\Minor Project\Project Prototype\Brain-Tumor-Minor-Project\dataset\Brain Tumor MRI images\Healthy\mri_healthy (750).jpg,Brain Tumor MRI images/Healthy/mri_healthy (750).jpg,0,Healthy,MRI,86922c0b6ef10fc3352de0e80bffdca9d0e14759471cba2bb8ff119ff9722a63,1
C:\Users\dondo\OneDrive\Documents\ADBU CSE(AI & ML)\5th sem\Minor Project\Project Prototype\Brain-Tumor-Minor-Project\dataset\Brain Tumor MRI images\Healthy\mri_healthy (751).jpg,Brain Tumor MRI images/Healthy/mri_healthy (751).jpg,0,Healthy,MRI,ed29e3f763a50dc93e5329990b3635e8a73fe3ba313a8c3dc109f002e53bce23,1
C:\Users\dondo\OneDrive\Documents\ADBU CSE(AI & ML)\5th sem\Minor Project\Project Prototype\Brain-Tumor-Minor-Project\dataset\Brain Tumor MRI images\Healthy\mri_healthy (77).jpg,Brain Tumor MRI images/Healthy/mri_healthy (77).jpg,0,Healthy,MRI,f179af8792efe5636b7febbffc48e29149abe0e4247803138039f95af15c0154,1
C:\Users\dondo\OneDrive\Documents\ADBU CSE(AI & ML)\5th sem\Minor Project\Project Prototype\Brain-Tumor-Minor-Project\dataset\Brain Tumor MRI images\Healthy\mri_healthy (79).jpg,Brain Tumor MRI images/Healthy/mri_healthy (79).jpg,0,Healthy,MRI,6bb91554fe2c4ac4ff16e55db21cd1016d7a983e14d699709dafdc222cdf3a6d,1
C:\Users\dondo\OneDrive\Documents\ADBU CSE(AI & ML)\5th sem\Minor Project\Project Prototype\Brain-Tumor-Minor-Project\dataset\Brain Tumor MRI images\Healthy\mri_healthy (8).jpg,Brain Tumor MRI images/Healthy/mri_healthy (8).jpg,0,Healthy,MRI,034b69307e21767731f37675743caaf2d3fe33c9a8f1e57dab067ac6cf6c8da3,1
C:\Users\dondo\OneDrive\Documents\ADBU CSE(AI & ML)\5th sem\Minor Project\Project Prototype\Brain-Tumor-Minor-Project\dataset\Brain Tumor MRI images\Healthy\mri_healthy (80).jpg,Brain Tumor MRI images/Healthy/mri_healthy (80).jpg,0,Healthy,MRI,3e03d47b005e480010d3184bf39ee308c06a2e00ec9446eb6eb5d7784766e3c8,1
C:\Users\dondo\OneDrive\Documents\ADBU CSE(AI & ML)\5th sem\Minor Project\Project Prototype\Brain-Tumor-Minor-Project\dataset\Brain Tumor MRI images\Healthy\mri_healthy (82).jpg,Brain Tumor MRI images/Healthy/mri_healthy (82).jpg,0,Healthy,MRI,172ad5616d0911724886868e9e565ca6172fe04d2fa8a1020f259466d4a825df,1
C:\Users\dondo\OneDrive\Documents\ADBU CSE(AI & ML)\5th sem\Minor Project\Project Prototype\Brain-Tumor-Minor-Project\dataset\Brain Tumor MRI images\Healthy\mri_healthy (83).jpg,Brain Tumor MRI images/Healthy/mri_healthy (83).jpg,0,Healthy,MRI,b3fb1e285269cde6db32f7033c556177cff44a316c3b806aafe0042be3955c48,1
C:\Users\dondo\OneDrive\Documents\ADBU CSE(AI & ML)\5th sem\Minor Project\Project Prototype\Brain-Tumor-Minor-Project\dataset\Brain Tumor MRI images\Healthy\mri_healthy (84).jpg,Brain Tumor MRI images/Healthy/mri_healthy (84).jpg,0,Healthy,MRI,e9fb2a4fdb17e1c270908690ac74dd337169e8f7dcf09e778769410803e85265,1
C:\Users\dondo\OneDrive\Documents\ADBU CSE(AI & ML)\5th sem\Minor Project\Project Prototype\Brain-Tumor-Minor-Project\dataset\Brain Tumor MRI images\Healthy\mri_healthy (85).jpg,Brain Tumor MRI images/Healthy/mri_healthy (85).jpg,0,Healthy,MRI,b3c901d9aa8503497307262af0ec94974fa91659ef50a6f0c69adca7678ac149,1
C:\Users\dondo\OneDrive\Documents\ADBU CSE(AI & ML)\5th sem\Minor Project\Project Prototype\Brain-Tumor-Minor-Project\dataset\Brain Tumor MRI images\Healthy\mri_healthy (86).jpg,Brain Tumor MRI images/Healthy/mri_healthy (86).jpg,0,Healthy,MRI,73875e0168ba548bb01ee93697da37aec9c57a4fd09babacda8f6e53e190ff1f,1
C:\Users\dondo\OneDrive\Documents\ADBU CSE(AI & ML)\5th sem\Minor Project\Project Prototype\Brain-Tumor-Minor-Project\dataset\Brain Tumor MRI images\Healthy\mri_healthy (866).jpg,Brain Tumor MRI images/Healthy/mri_healthy (866).jpg,0,Healthy,MRI,95ffabd6cfd94e094cd1af64396bfa75f578a012f52b23cbf8e5fa828ffa4863,1
C:\Users\dondo\OneDrive\Documents\ADBU CSE(AI & ML)\5th sem\Minor Project\Project Prototype\Brain-Tumor-Minor-Project\dataset\Brain Tumor MRI images\Healthy\mri_healthy (876).jpg,Brain Tumor MRI images/Healthy/mri_healthy (876).jpg,0,Healthy,MRI,c4057390fb3e932751c39c972f7b4c7911484329cb78b57116ddb7913bcb17d6,1
C:\Users\dondo\OneDrive\Documents\ADBU CSE(AI & ML)\5th sem\Minor Project\Project Prototype\Brain-Tumor-Minor-Project\dataset\Brain Tumor MRI images\Healthy\mri_healthy (878).jpg,Brain Tumor MRI images/Healthy/mri_healthy (878).jpg,0,Healthy,MRI,253d57e67f138b3bc0c97fdb30fdb5d0000d837aed10e3dd905cfbf77564a8e7,1
C:\Users\dondo\OneDrive\Documents\ADBU CSE(AI & ML)\5th sem\Minor Project\Project Prototype\Brain-Tumor-Minor-Project\dataset\Brain Tumor MRI images\Healthy\mri_healthy (879).jpg,Brain Tumor MRI images/Healthy/mri_healthy (879).jpg,0,Healthy,MRI,c12a152335b5770c8538dd9e7ab6017550890611360ea47f6161d207ff5dc574,1
C:\Users\dondo\OneDrive\Documents\ADBU CSE(AI & ML)\5th sem\Minor Project\Project Prototype\Brain-Tumor-Minor-Project\dataset\Brain Tumor MRI images\Healthy\mri_healthy (88).jpg,Brain Tumor MRI images/Healthy/mri_healthy (88).jpg,0,Healthy,MRI,e1e8d1e06ded61a2624d6aefb9d5ede41e82ca8a4a6bcaae4c3fa34c5ddcd6b6,1
C:\Users\dondo\OneDrive\Documents\ADBU CSE(AI & ML)\5th sem\Minor Project\Project Prototype\Brain-Tumor-Minor-Project\dataset\Brain Tumor MRI images\Healthy\mri_healthy (880).jpg,Brain Tumor MRI images/Healthy/mri_healthy (880).jpg,0,Healthy,MRI,1eede351fab51afc572b0d7f9ad48bdd8345adabffb5970812a0556173d42c94,1
C:\Users\dondo\OneDrive\Documents\ADBU CSE(AI & ML)\5th sem\Minor Project\Project Prototype\Brain-Tumor-Minor-Project\dataset\Brain Tumor MRI images\Healthy\mri_healthy (881).jpg,Brain Tumor MRI images/Healthy/mri_healthy (881).jpg,0,Healthy,MRI,c62034d44c65a34c42cf1b5022b228ac2e064e91ec0fe98507f0d93b57dd9928,1
C:\Users\dondo\OneDrive\Documents\ADBU CSE(AI & ML)\5th sem\Minor Project\Project Prototype\Brain-Tumor-Minor-Project\dataset\Brain Tumor MRI images\Healthy\mri_healthy (882).jpg,Brain Tumor MRI images/Healthy/mri_healthy (882).jpg,0,Healthy,MRI,2862f027871d02a04f0c0b96c7a338fac524ebccb28056e81fafc8f2b8172cc8,1
C:\Users\dondo\OneDrive\Documents\ADBU CSE(AI & ML)\5th sem\Minor Project\Project Prototype\Brain-Tumor-Minor-Project\dataset\Brain Tumor MRI images\Healthy\mri_healthy (883).jpg,Brain Tumor MRI images/Healthy/mri_healthy (883).jpg,0,Healthy,MRI,977d030f0939e8e9a3b454e4637965405cc6c0ab7a661b006d78edb6df34762a,1
C:\Users\dondo\OneDrive\Documents\ADBU CSE(AI & ML)\5th sem\Minor Project\Project Prototype\Brain-Tumor-Minor-Project\dataset\Brain Tumor MRI images\Healthy\mri_healthy (884).jpg,Brain Tumor MRI images/Healthy/mri_healthy (884).jpg,0,Healthy,MRI,207f4307ec20acae90cb33c2a8209184107bf81c88ddb04ba0b177b887f60b11,1
C:\Users\dondo\OneDrive\Documents\ADBU CSE(AI & ML)\5th sem\Minor Project\Project Prototype\Brain-Tumor-Minor-Project\dataset\Brain Tumor MRI images\Healthy\mri_healthy (886).jpg,Brain Tumor MRI images/Healthy/mri_healthy (886).jpg,0,Healthy,MRI,710e306ee3e1dbe5e4d8d4507abfeee17d10dae92fa25a57f288abf25251918b,1
C:\Users\dondo\OneDrive\Documents\ADBU CSE(AI & ML)\5th sem\Minor Project\Project Prototype\Brain-Tumor-Minor-Project\dataset\Brain Tumor MRI images\Healthy\mri_healthy (889).jpg,Brain Tumor MRI images/Healthy/mri_healthy (889).jpg,0,Healthy,MRI,dc8001fa1adb228c479c247db584ec56f3ecacb3673b43ba8068516bd13bdee5,1
C:\Users\dondo\OneDrive\Documents\ADBU CSE(AI & ML)\5th sem\Minor Project\Project Prototype\Brain-Tumor-Minor-Project\dataset\Brain Tumor MRI images\Healthy\mri_healthy (89).jpg,Brain Tumor MRI images/Healthy/mri_healthy (89).jpg,0,Healthy,MRI,948d40ca96583f1af7f0fab8b1e924594fc11b09163710a425895384420edd39,1
C:\Users\dondo\OneDrive\Documents\ADBU CSE(AI & ML)\5th sem\Minor Project\Project Prototype\Brain-Tumor-Minor-Project\dataset\Brain Tumor MRI images\Healthy\mri_healthy (890).jpg,Brain Tumor MRI images/Healthy/mri_healthy (890).jpg,0,Healthy,MRI,068d3f6b3edad113d84365889f7db68a435dad1d1b198c3105bd69b5beb0a5f3,1
C:\Users\dondo\OneDrive\Documents\ADBU CSE(AI & ML)\5th sem\Minor Project\Project Prototype\Brain-Tumor-Minor-Project\dataset\Brain Tumor MRI images\Healthy\mri_healthy (891).jpg,Brain Tumor MRI images/Healthy/mri_healthy (891).jpg,0,Healthy,MRI,62b494b4877a49f3127e1f7b85698e9c226cca84d37494bc6e773bf5fdd66900,1
C:\Users\dondo\OneDrive\Documents\ADBU CSE(AI & ML)\5th sem\Minor Project\Project Prototype\Brain-Tumor-Minor-Project\dataset\Brain Tumor MRI images\Healthy\mri_healthy (893).jpg,Brain Tumor MRI images/Healthy/mri_healthy (893).jpg,0,Healthy,MRI,1778373919ca4abca333d763c48e3bba59ab41fe7982cf2bc5c873a3a28f0362,1
C:\Users\dondo\OneDrive\Documents\ADBU CSE(AI & ML)\5th sem\Minor Project\Project Prototype\Brain-Tumor-Minor-Project\dataset\Brain Tumor MRI images\Healthy\mri_healthy (894).jpg,Brain Tumor MRI images/Healthy/mri_healthy (894).jpg,0,Healthy,MRI,b2102ad8bf8faa37b33570e84047b0da9a38696d941d37fe3d5e726d66d24aaf,1
C:\Users\dondo\OneDrive\Documents\ADBU CSE(AI & ML)\5th sem\Minor Project\Project Prototype\Brain-Tumor-Minor-Project\dataset\Brain Tumor MRI images\Healthy\mri_healthy (895).jpg,Brain Tumor MRI images/Healthy/mri_healthy (895).jpg,0,Healthy,MRI,bec6a29f4edb47e87977dc57e06e09351ec5bc06568b846d4caef0242ba3569e,1
C:\Users\dondo\OneDrive\Documents\ADBU CSE(AI & ML)\5th sem\Minor Project\Project Prototype\Brain-Tumor-Minor-Project\dataset\Brain Tumor MRI images\Healthy\mri_healthy (896).jpg,Brain Tumor MRI images/Healthy/mri_healthy (896).jpg,0,Healthy,MRI,1d7b8cf2f914558ba3ec7cd96dfd3a40b173ff859f7b4be998fb75170628d17a,1
C:\Users\dondo\OneDrive\Documents\ADBU CSE(AI & ML)\5th sem\Minor Project\Project Prototype\Brain-Tumor-Minor-Project\dataset\Brain Tumor MRI images\Healthy\mri_healthy (897).jpg,Brain Tumor MRI images/Healthy/mri_healthy (897).jpg,0,Healthy,MRI,94a862e1673c20b39de704b00a6b42379416cadc5ec3e2349f1e4223d3110a87,1
C:\Users\dondo\OneDrive\Documents\ADBU CSE(AI & ML)\5th sem\Minor Project\Project Prototype\Brain-Tumor-Minor-Project\dataset\Brain Tumor MRI images\Healthy\mri_healthy (900).jpg,Brain Tumor MRI images/Healthy/mri_healthy (900).jpg,0,Healthy,MRI,4bb4835bec9a01ea1d874737249292e9ccb0aef5ae930395d31da16b9985cb23,1
C:\Users\dondo\OneDrive\Documents\ADBU CSE(AI & ML)\5th sem\Minor Project\Project Prototype\Brain-Tumor-Minor-Project\dataset\Brain Tumor MRI images\Healthy\mri_healthy (901).jpg,Brain Tumor MRI images/Healthy/mri_healthy (901).jpg,0,Healthy,MRI,d21bd9934c347d72ffc336b192042adcf19a7c045044d3e489d400d3bf6a2c76,1
C:\Users\dondo\OneDrive\Documents\ADBU CSE(AI & ML)\5th sem\Minor Project\Project Prototype\Brain-Tumor-Minor-Project\dataset\Brain Tumor MRI images\Healthy\mri_healthy (902).jpg,Brain Tumor MRI images/Healthy/mri_healthy (902).jpg,0,Healthy,MRI,c875848268c756f0ff79dfb71ef05154fea71b3af4d078b60d02ec406226967d,1
C:\Users\dondo\OneDrive\Documents\ADBU CSE(AI & ML)\5th sem\Minor Project\Project Prototype\Brain-Tumor-Minor-Project\dataset\Brain Tumor MRI images\Healthy\mri_healthy (903).jpg,Brain Tumor MRI images/Healthy/mri_healthy (903).jpg,0,Healthy,MRI,9ccd352f0cec0e770216002c621df45764fbb8a2ff8cfff6697860637f47cdb7,1
C:\Users\dondo\OneDrive\Documents\ADBU CSE(AI & ML)\5th sem\Minor Project\Project Prototype\Brain-Tumor-Minor-Project\dataset\Brain Tumor MRI images\Healthy\mri_healthy (904).jpg,Brain Tumor MRI images/Healthy/mri_healthy (904).jpg,0,Healthy,MRI,0768e0c4f49d832804bb9b0aab444fbcf2b84b8651181586ac8be16ac9037d25,1
C:\Users\dondo\OneDrive\Documents\ADBU CSE(AI & ML)\5th sem\Minor Project\Project Prototype\Brain-Tumor-Minor-Project\dataset\Brain Tumor MRI images\Healthy\mri_healthy (906).jpg,Brain Tumor MRI images/Healthy/mri_healthy (906).jpg,0,Healthy,MRI,cfe3c148b4fdaacf8f9e1fa31deb44b7e77789f902bf43b374f387abce2bdec5,1
C:\Users\dondo\OneDrive\Documents\ADBU CSE(AI & ML)\5th sem\Minor Project\Project Prototype\Brain-Tumor-Minor-Project\dataset\Brain Tumor MRI images\Healthy\mri_healthy (907).jpg,Brain Tumor MRI images/Healthy/mri_healthy (907).jpg,0,Healthy,MRI,734da5c73274289daa688c29b9966f613719ff70238cf5e93f4f90c380f5b236,1
C:\Users\dondo\OneDrive\Documents\ADBU CSE(AI & ML)\5th sem\Minor Project\Project Prototype\Brain-Tumor-Minor-Project\dataset\Brain Tumor MRI images\Healthy\mri_healthy (908).jpg,Brain Tumor MRI images/Healthy/mri_healthy (908).jpg,0,Healthy,MRI,6488b0f51644f5915f62c81ad8b3a3b33539c311a08e8ae773c402af6ab97f2a,1
C:\Users\dondo\OneDrive\Documents\ADBU CSE(AI & ML)\5th sem\Minor Project\Project Prototype\Brain-Tumor-Minor-Project\dataset\Brain Tumor MRI images\Healthy\mri_healthy (909).jpg,Brain Tumor MRI images/Healthy/mri_healthy (909).jpg,0,Healthy,MRI,a85ea163fba8129a536b719c455ab78154ac68835cf3be0de9e0077ed6080b70,1
C:\Users\dondo\OneDrive\Documents\ADBU CSE(AI & ML)\5th sem\Minor Project\Project Prototype\Brain-Tumor-Minor-Project\dataset\Brain Tumor MRI images\Healthy\mri_healthy (91).jpg,Brain Tumor MRI images/Healthy/mri_healthy (91).jpg,0,Healthy,MRI,23dd0b97a850d060dfa26ff6edc6a74e426fc9a40867b6676dcd4d28051e5fd3,1
C:\Users\dondo\OneDrive\Documents\ADBU CSE(AI & ML)\5th sem\Minor Project\Project Prototype\Brain-Tumor-Minor-Project\dataset\Brain Tumor MRI images\Healthy\mri_healthy (911).jpg,Brain Tumor MRI images/Healthy/mri_healthy (911).jpg,0,Healthy,MRI,103cd586f68a752b869946405c12668320f6f8f5853b8ecba3cbf42e22dbc1eb,1
C:\Users\dondo\OneDrive\Documents\ADBU CSE(AI & ML)\5th sem\Minor Project\Project Prototype\Brain-Tumor-Minor-Project\dataset\Brain Tumor MRI images\Healthy\mri_healthy (913).jpg,Brain Tumor MRI images/Healthy/mri_healthy (913).jpg,0,Healthy,MRI,a155c2f5ac0f6e042125bcaedceb63b676990f03e305647264fee4c788dac035,1
C:\Users\dondo\OneDrive\Documents\ADBU CSE(AI & ML)\5th sem\Minor Project\Project Prototype\Brain-Tumor-Minor-Project\dataset\Brain Tumor MRI images\Healthy\mri_healthy (914).jpg,Brain Tumor MRI images/Healthy/mri_healthy (914).jpg,0,Healthy,MRI,f781122ee7ed13f3882e6fca0437654c4735bf57b998925b62e14f88be055a8d,1
C:\Users\dondo\OneDrive\Documents\ADBU CSE(AI & ML)\5th sem\Minor Project\Project Prototype\Brain-Tumor-Minor-Project\dataset\Brain Tumor MRI images\Healthy\mri_healthy (915).jpg,Brain Tumor MRI images/Healthy/mri_healthy (915).jpg,0,Healthy,MRI,b5c6311e19d7cf033cb619614345d2bbed76eb060208af21406fa1b161daa012,1
C:\Users\dondo\OneDrive\Documents\ADBU CSE(AI & ML)\5th sem\Minor Project\Project Prototype\Brain-Tumor-Minor-Project\dataset\Brain Tumor MRI images\Healthy\mri_healthy (916).jpg,Brain Tumor MRI images/Healthy/mri_healthy (916).jpg,0,Healthy,MRI,7e7fa7c33340a84a9249b0313424d8dcceb9da45c72c64a40b40e3abc3deb45c,1
C:\Users\dondo\OneDrive\Documents\ADBU CSE(AI & ML)\5th sem\Minor Project\Project Prototype\Brain-Tumor-Minor-Project\dataset\Brain Tumor MRI images\Healthy\mri_healthy (917).jpg,Brain Tumor MRI images/Healthy/mri_healthy (917).jpg,0,Healthy,MRI,a1dec5c59c373525b644120ae79534c8fe8f93bf443f44ae5180196aa4a5611d,1
C:\Users\dondo\OneDrive\Documents\ADBU CSE(AI & ML)\5th sem\Minor Project\Project Prototype\Brain-Tumor-Minor-Project\dataset\Brain Tumor MRI images\Healthy\mri_healthy (918).jpg,Brain Tumor MRI images/Healthy/mri_healthy (918).jpg,0,Healthy,MRI,79f5b47d36806d669da527e8a6a78c5b4e8e48a37a111c75fa49dde3b980b798,1
C:\Users\dondo\OneDrive\Documents\ADBU CSE(AI & ML)\5th sem\Minor Project\Project Prototype\Brain-Tumor-Minor-Project\dataset\Brain Tumor MRI images\Healthy\mri_healthy (92).jpg,Brain Tumor MRI images/Healthy/mri_healthy (92).jpg,0,Healthy,MRI,a3f21b1b732ab7ed60f1e163e7f45f3dbae2799055732c58e9a4ffdcd2876dc5,1
C:\Users\dondo\OneDrive\Documents\ADBU CSE(AI & ML)\5th sem\Minor Project\Project Prototype\Brain-Tumor-Minor-Project\dataset\Brain Tumor MRI images\Healthy\mri_healthy (920).jpg,Brain Tumor MRI images/Healthy/mri_healthy (920).jpg,0,Healthy,MRI,b7f02972150493abc20f7a1405e4017514dee6f0cda7fdfa4b92cfb23dca0a6f,1
C:\Users\dondo\OneDrive\Documents\ADBU CSE(AI & ML)\5th sem\Minor Project\Project Prototype\Brain-Tumor-Minor-Project\dataset\Brain Tumor MRI images\Healthy\mri_healthy (922).jpg,Brain Tumor MRI images/Healthy/mri_healthy (922).jpg,0,Healthy,MRI,45c976bd3248de1ef604309548f2c81ea84360fbab31289c33d0e4da7caa1371,1
C:\Users\dondo\OneDrive\Documents\ADBU CSE(AI & ML)\5th sem\Minor Project\Project Prototype\Brain-Tumor-Minor-Project\dataset\Brain Tumor MRI images\Healthy\mri_healthy (923).jpg,Brain Tumor MRI images/Healthy/mri_healthy (923).jpg,0,Healthy,MRI,9810a3ab9991d8b750ddaad178071ae912fd102de3aae5800b2224598908cbe7,1
C:\Users\dondo\OneDrive\Documents\ADBU CSE(AI & ML)\5th sem\Minor Project\Project Prototype\Brain-Tumor-Minor-Project\dataset\Brain Tumor MRI images\Healthy\mri_healthy (924).jpg,Brain Tumor MRI images/Healthy/mri_healthy (924).jpg,0,Healthy,MRI,b2673aef4981ff3f4c249d09968cc92440c7630f8e676e9237d0d59dfd3e680a,1
C:\Users\dondo\OneDrive\Documents\ADBU CSE(AI & ML)\5th sem\Minor Project\Project Prototype\Brain-Tumor-Minor-Project\dataset\Brain Tumor MRI images\Healthy\mri_healthy (926).jpg,Brain Tumor MRI images/Healthy/mri_healthy (926).jpg,0,Healthy,MRI,ea3b70005474580f63e8ca349152ef20bf34458333e96e419f6dd8a7a7227b5b,1
C:\Users\dondo\OneDrive\Documents\ADBU CSE(AI & ML)\5th sem\Minor Project\Project Prototype\Brain-Tumor-Minor-Project\dataset\Brain Tumor MRI images\Healthy\mri_healthy (927).jpg,Brain Tumor MRI images/Healthy/mri_healthy (927).jpg,0,Healthy,MRI,f3ffedd2b79bf8f6b37bceed27dccfd01652a01fd70cb84ddffb4cba90519cf6,1
C:\Users\dondo\OneDrive\Documents\ADBU CSE(AI & ML)\5th sem\Minor Project\Project Prototype\Brain-Tumor-Minor-Project\dataset\Brain Tumor MRI images\Healthy\mri_healthy (929).jpg,Brain Tumor MRI images/Healthy/mri_healthy (929).jpg,0,Healthy,MRI,f12611c087f2f1343ca1d6117cf3d3e67e2b7173efec439355dcb556a6ca2c04,1
C:\Users\dondo\OneDrive\Documents\ADBU CSE(AI & ML)\5th sem\Minor Project\Project Prototype\Brain-Tumor-Minor-Project\dataset\Brain Tumor MRI images\Healthy\mri_healthy (93).jpg,Brain Tumor MRI images/Healthy/mri_healthy (93).jpg,0,Healthy,MRI,f768d4fe4d2830bc95383e8462090cf8053041ec900627be96b807c9e54f3b76,1
C:\Users\dondo\OneDrive\Documents\ADBU CSE(AI & ML)\5th sem\Minor Project\Project Prototype\Brain-Tumor-Minor-Project\dataset\Brain Tumor MRI images\Healthy\mri_healthy (930).jpg,Brain Tumor MRI images/Healthy/mri_healthy (930).jpg,0,Healthy,MRI,7b130c40551b8e1fd50e7e3e2655ff4409b04b3f6da179a4c42c96a59b8f9ba5,1
C:\Users\dondo\OneDrive\Documents\ADBU CSE(AI & ML)\5th sem\Minor Project\Project Prototype\Brain-Tumor-Minor-Project\dataset\Brain Tumor MRI images\Healthy\mri_healthy (931).jpg,Brain Tumor MRI images/Healthy/mri_healthy (931).jpg,0,Healthy,MRI,dbd9372f861d35583f0256f765118706e1a69a815728d82f3d6276d418ad087b,1
C:\Users\dondo\OneDrive\Documents\ADBU CSE(AI & ML)\5th sem\Minor Project\Project Prototype\Brain-Tumor-Minor-Project\dataset\Brain Tumor MRI images\Healthy\mri_healthy (933).jpg,Brain Tumor MRI images/Healthy/mri_healthy (933).jpg,0,Healthy,MRI,b1e8afef5ba9b5efe89134e6893774373cbcafd64d6f91a94ee52a79b6a69fcb,1
C:\Users\dondo\OneDrive\Documents\ADBU CSE(AI & ML)\5th sem\Minor Project\Project Prototype\Brain-Tumor-Minor-Project\dataset\Brain Tumor MRI images\Healthy\mri_healthy (934).jpg,Brain Tumor MRI images/Healthy/mri_healthy (934).jpg,0,Healthy,MRI,8b42ed4547745d0b2f3d086118d08b70ed1f764015af6ed2c3bfe7db6d4618a9,1
C:\Users\dondo\OneDrive\Documents\ADBU CSE(AI & ML)\5th sem\Minor Project\Project Prototype\Brain-Tumor-Minor-Project\dataset\Brain Tumor MRI images\Healthy\mri_healthy (935).jpg,Brain Tumor MRI images/Healthy/mri_healthy (935).jpg,0,Healthy,MRI,f6bdbd26349c9e973f915d85ec179b594cc24ce67f1f7048e441b0bcd8cb1f1d,1
C:\Users\dondo\OneDrive\Documents\ADBU CSE(AI & ML)\5th sem\Minor Project\Project Prototype\Brain-Tumor-Minor-Project\dataset\Brain Tumor MRI images\Healthy\mri_healthy (937).jpg,Brain Tumor MRI images/Healthy/mri_healthy (937).jpg,0,Healthy,MRI,66dc7b5805b07f71717797d7c41ab369d1a4b539ddb67bfa0bb4fd5d94da1683,1
C:\Users\dondo\OneDrive\Documents\ADBU CSE(AI & ML)\5th sem\Minor Project\Project Prototype\Brain-Tumor-Minor-Project\dataset\Brain Tumor MRI images\Healthy\mri_healthy (938).jpg,Brain Tumor MRI images/Healthy/mri_healthy (938).jpg,0,Healthy,MRI,46c829af8e1b288c05dffebb0fe27f37868c25904f0c9efa0583cf5440c2d026,1
C:\Users\dondo\OneDrive\Documents\ADBU CSE(AI & ML)\5th sem\Minor Project\Project Prototype\Brain-Tumor-Minor-Project\dataset\Brain Tumor MRI images\Healthy\mri_healthy (940).jpg,Brain Tumor MRI images/Healthy/mri_healthy (940).jpg,0,Healthy,MRI,fb822019132e95ce435157514cb99a454f8a2a66b5e955564ace4b158b82e486,1
C:\Users\dondo\OneDrive\Documents\ADBU CSE(AI & ML)\5th sem\Minor Project\Project Prototype\Brain-Tumor-Minor-Project\dataset\Brain Tumor MRI images\Healthy\mri_healthy (942).jpg,Brain Tumor MRI images/Healthy/mri_healthy (942).jpg,0,Healthy,MRI,e08ca194ed54727344552c2d153c8dcb79d320024783ff32be4f3b913a90aeaf,1
C:\Users\dondo\OneDrive\Documents\ADBU CSE(AI & ML)\5th sem\Minor Project\Project Prototype\Brain-Tumor-Minor-Project\dataset\Brain Tumor MRI images\Healthy\mri_healthy (944).jpg,Brain Tumor MRI images/Healthy/mri_healthy (944).jpg,0,Healthy,MRI,0c1be1d53fd8ff55db1139202aa4e6c905191b50781a1b0b0c40477adad1dce4,1
C:\Users\dondo\OneDrive\Documents\ADBU CSE(AI & ML)\5th sem\Minor Project\Project Prototype\Brain-Tumor-Minor-Project\dataset\Brain Tumor MRI images\Healthy\mri_healthy (945).jpg,Brain Tumor MRI images/Healthy/mri_healthy (945).jpg,0,Healthy,MRI,13c74a2d638959691895d41a9e6c7c4218c7f096d954146ab09f0216b0eea23a,1
C:\Users\dondo\OneDrive\Documents\ADBU CSE(AI & ML)\5th sem\Minor Project\Project Prototype\Brain-Tumor-Minor-Project\dataset\Brain Tumor MRI images\Healthy\mri_healthy (948).jpg,Brain Tumor MRI images/Healthy/mri_healthy (948).jpg,0,Healthy,MRI,350202e0621db8cc2125f5c55a932459b7d01043454c348548cd8deaf9112dff,1
C:\Users\dondo\OneDrive\Documents\ADBU CSE(AI & ML)\5th sem\Minor Project\Project Prototype\Brain-Tumor-Minor-Project\dataset\Brain Tumor MRI images\Healthy\mri_healthy (949).jpg,Brain Tumor MRI images/Healthy/mri_healthy (949).jpg,0,Healthy,MRI,b8698de406a1962089b3f9cd58daa04b903a7edc9abf307f57b0fa8d505011e9,1
C:\Users\dondo\OneDrive\Documents\ADBU CSE(AI & ML)\5th sem\Minor Project\Project Prototype\Brain-Tumor-Minor-Project\dataset\Brain Tumor MRI images\Healthy\mri_healthy (95).jpg,Brain Tumor MRI images/Healthy/mri_healthy (95).jpg,0,Healthy,MRI,1ec7470334161f04e27e1923d364a27612abe640f1cc9d5455a5477e2488a950,1
C:\Users\dondo\OneDrive\Documents\ADBU CSE(AI & ML)\5th sem\Minor Project\Project Prototype\Brain-Tumor-Minor-Project\dataset\Brain Tumor MRI images\Healthy\mri_healthy (951).jpg,Brain Tumor MRI images/Healthy/mri_healthy (951).jpg,0,Healthy,MRI,2111842620279c8f3d8ae50d0f698e9a9a050399fb4013a0ca68504cf779d579,1
C:\Users\dondo\OneDrive\Documents\ADBU CSE(AI & ML)\5th sem\Minor Project\Project Prototype\Brain-Tumor-Minor-Project\dataset\Brain Tumor MRI images\Healthy\mri_healthy (952).jpg,Brain Tumor MRI images/Healthy/mri_healthy (952).jpg,0,Healthy,MRI,6c5046f7a61b74a503730c08a315876cd11ae9951a386a8e848874cab276c40f,2
C:\Users\dondo\OneDrive\Documents\ADBU CSE(AI & ML)\5th sem\Minor Project\Project Prototype\Brain-Tumor-Minor-Project\dataset\Brain Tumor MRI images\Healthy\mri_healthy (956).jpg,Brain Tumor MRI images/Healthy/mri_healthy (956).jpg,0,Healthy,MRI,dc73b1ed3b5d2183fca6142f34fcb5194dc76d726fd57bffe05755dea9db528e,2
C:\Users\dondo\OneDrive\Documents\ADBU CSE(AI & ML)\5th sem\Minor Project\Project Prototype\Brain-Tumor-Minor-Project\dataset\Brain Tumor MRI images\Healthy\mri_healthy (958).jpg,Brain Tumor MRI images/Healthy/mri_healthy (958).jpg,0,Healthy,MRI,676f13e489c9047ccc9e592a7eb96c8a1fe2b135d02fcaf6762e996d3768886d,1
C:\Users\dondo\OneDrive\Documents\ADBU CSE(AI & ML)\5th sem\Minor Project\Project Prototype\Brain-Tumor-Minor-Project\dataset\Brain Tumor MRI images\Healthy\mri_healthy (959).jpg,Brain Tumor MRI images/Healthy/mri_healthy (959).jpg,0,Healthy,MRI,aa8366d24e914424c89c8bfcf60a2d973068a1b2b7144c02fa5890cb40c11abd,1
C:\Users\dondo\OneDrive\Documents\ADBU CSE(AI & ML)\5th sem\Minor Project\Project Prototype\Brain-Tumor-Minor-Project\dataset\Brain Tumor MRI images\Healthy\mri_healthy (960).jpg,Brain Tumor MRI images/Healthy/mri_healthy (960).jpg,0,Healthy,MRI,b339eef98b90d4db85c4ac97e26290fc73345269f0366519b19468e61f9d488c,1
C:\Users\dondo\OneDrive\Documents\ADBU CSE(AI & ML)\5th sem\Minor Project\Project Prototype\Brain-Tumor-Minor-Project\dataset\Brain Tumor MRI images\Healthy\mri_healthy (961).jpg,Brain Tumor MRI images/Healthy/mri_healthy (961).jpg,0,Healthy,MRI,de5fbbcb608e161199f34739a89fa5b98b915acde14a247717b6d0cb902816fd,1
C:\Users\dondo\OneDrive\Documents\ADBU CSE(AI & ML)\5th sem\Minor Project\Project Prototype\Brain-Tumor-Minor-Project\dataset\Brain Tumor MRI images\Healthy\mri_healthy (962).jpg,Brain Tumor MRI images/Healthy/mri_healthy (962).jpg,0,Healthy,MRI,5a546ed4b713665966e9204d282887cea97cee3cce03e845d8ec78959f2ffdea,1
C:\Users\dondo\OneDrive\Documents\ADBU CSE(AI & ML)\5th sem\Minor Project\Project Prototype\Brain-Tumor-Minor-Project\dataset\Brain Tumor MRI images\Healthy\mri_healthy (964).jpg,Brain Tumor MRI images/Healthy/mri_healthy (964).jpg,0,Healthy,MRI,7395c6c9470eb80974d9c8b4ffe367ff590edde637a0be94293b1bf2443f3f7a,1
C:\Users\dondo\OneDrive\Documents\ADBU CSE(AI & ML)\5th sem\Minor Project\Project Prototype\Brain-Tumor-Minor-Project\dataset\Brain Tumor MRI images\Healthy\mri_healthy (967).jpg,Brain Tumor MRI images/Healthy/mri_healthy (967).jpg,0,Healthy,MRI,4e6575d694a1b1873da871cc24b659d106a0b9dc4bbe6f41d9b3297bbeac2596,1
C:\Users\dondo\OneDrive\Documents\ADBU CSE(AI & ML)\5th sem\Minor Project\Project Prototype\Brain-Tumor-Minor-Project\dataset\Brain Tumor MRI images\Healthy\mri_healthy (968).jpg,Brain Tumor MRI images/Healthy/mri_healthy (968).jpg,0,Healthy,MRI,b5810e94dd5b93b9ccd59eecc1e390946cf49ed957422a73b880f762149800a6,1
C:\Users\dondo\OneDrive\Documents\ADBU CSE(AI & ML)\5th sem\Minor Project\Project Prototype\Brain-Tumor-Minor-Project\dataset\Brain Tumor MRI images\Healthy\mri_healthy (969).jpg,Brain Tumor MRI images/Healthy/mri_healthy (969).jpg,0,Healthy,MRI,976f8d3560736e7bb75a41d0e530ef3dc2bfac3116a04f853305ecb3ff99294b,1
C:\Users\dondo\OneDrive\Documents\ADBU CSE(AI & ML)\5th sem\Minor Project\Project Prototype\Brain-Tumor-Minor-Project\dataset\Brain Tumor MRI images\Healthy\mri_healthy (97).jpg,Brain Tumor MRI images/Healthy/mri_healthy (97).jpg,0,Healthy,MRI,92b77025a22ab7fc66387968d681a0ab62d3f65e3f3181b24256c72776903535,1
C:\Users\dondo\OneDrive\Documents\ADBU CSE(AI & ML)\5th sem\Minor Project\Project Prototype\Brain-Tumor-Minor-Project\dataset\Brain Tumor MRI images\Healthy\mri_healthy (972).jpg,Brain Tumor MRI images/Healthy/mri_healthy (972).jpg,0,Healthy,MRI,ae52d9e660868811e7a9e5744ffa4b58d6fbfbe1a122d827894c6525b6dd66a4,1
C:\Users\dondo\OneDrive\Documents\ADBU CSE(AI & ML)\5th sem\Minor Project\Project Prototype\Brain-Tumor-Minor-Project\dataset\Brain Tumor MRI images\Healthy\mri_healthy (973).jpg,Brain Tumor MRI images/Healthy/mri_healthy (973).jpg,0,Healthy,MRI,d131b0ade9731dcd3d73620e1e9bc7deda335b8cf94ff585290a91163a7930c2,1
C:\Users\dondo\OneDrive\Documents\ADBU CSE(AI & ML)\5th sem\Minor Project\Project Prototype\Brain-Tumor-Minor-Project\dataset\Brain Tumor MRI images\Healthy\mri_healthy (977).jpg,Brain Tumor MRI images/Healthy/mri_healthy (977).jpg,0,Healthy,MRI,c13bdf8b42d2c268c631e8f02f05131c41bdbe4393e08c33d0bec1160ba47f83,1
C:\Users\dondo\OneDrive\Documents\ADBU CSE(AI & ML)\5th sem\Minor Project\Project Prototype\Brain-Tumor-Minor-Project\dataset\Brain Tumor MRI images\Healthy\mri_healthy (978).jpg,Brain Tumor MRI images/Healthy/mri_healthy (978).jpg,0,Healthy,MRI,bd09f1eb1d316e6b5f75a35d313054a6a2ba55a552e4f949aa64d65e756546b4,1
C:\Users\dondo\OneDrive\Documents\ADBU CSE(AI & ML)\5th sem\Minor Project\Project Prototype\Brain-Tumor-Minor-Project\dataset\Brain Tumor MRI images\Healthy\mri_healthy (98).jpg,Brain Tumor MRI images/Healthy/mri_healthy (98).jpg,0,Healthy,MRI,48d305dc3f8f8e6bb3548d5401d99cdb4554952c1ace0842605a94c46f0e7e4f,1
C:\Users\dondo\OneDrive\Documents\ADBU CSE(AI & ML)\5th sem\Minor Project\Project Prototype\Brain-Tumor-Minor-Project\dataset\Brain Tumor MRI images\Healthy\mri_healthy (981).jpg,Brain Tumor MRI images/Healthy/mri_healthy (981).jpg,0,Healthy,MRI,b5bcbd4e8211cb739f3463b347f6c6d1644501674d549bfd4bcbc0c426852521,1
C:\Users\dondo\OneDrive\Documents\ADBU CSE(AI & ML)\5th sem\Minor Project\Project Prototype\Brain-Tumor-Minor-Project\dataset\Brain Tumor MRI images\Healthy\mri_healthy (986).jpg,Brain Tumor MRI images/Healthy/mri_healthy (986).jpg,0,Healthy,MRI,2aa6a5117e643a3d1801dc0baf660e7ad24321de117b3f6a7efa0800ef4bf02d,1
C:\Users\dondo\OneDrive\Documents\ADBU CSE(AI & ML)\5th sem\Minor Project\Project Prototype\Brain-Tumor-Minor-Project\dataset\Brain Tumor MRI images\Healthy\mri_healthy (990).jpg,Brain Tumor MRI images/Healthy/mri_healthy (990).jpg,0,Healthy,MRI,fd22017763599aae363d10a301b7a07597bec71ead998e738c863fc55f46e4c6,1
C:\Users\dondo\OneDrive\Documents\ADBU CSE(AI & ML)\5th sem\Minor Project\Project Prototype\Brain-Tumor-Minor-Project\dataset\Brain Tumor MRI images\Healthy\mri_healthy (991).jpg,Brain Tumor MRI images/Healthy/mri_healthy (991).jpg,0,Healthy,MRI,fa43f3f1a2da37b5474290a0f85243cf0e9af5578c5e8cb226ee9724c1cba2a2,2
C:\Users\dondo\OneDrive\Documents\ADBU CSE(AI & ML)\5th sem\Minor Project\Project Prototype\Brain-Tumor-Minor-Project\dataset\Brain Tumor MRI images\Healthy\mri_healthy (992).jpg,Brain Tumor MRI images/Healthy/mri_healthy (992).jpg,0,Healthy,MRI,8a9f29e0680e9be6f0e08dfec4a24a71ea15d0ae0f83a1b420fd39c15739b1a7,1
C:\Users\dondo\OneDrive\Documents\ADBU CSE(AI & ML)\5th sem\Minor Project\Project Prototype\Brain-Tumor-Minor-Project\dataset\Brain Tumor MRI images\Healthy\mri_healthy (993).jpg,Brain Tumor MRI images/Healthy/mri_healthy (993).jpg,0,Healthy,MRI,64bf9fb6110226e629a0a0b22e149f1458eb9f65971ef639566659812f5251bc,2
C:\Users\dondo\OneDrive\Documents\ADBU CSE(AI & ML)\5th sem\Minor Project\Project Prototype\Brain-Tumor-Minor-Project\dataset\Brain Tumor MRI images\Healthy\mri_healthy (999).jpg,Brain Tumor MRI images/Healthy/mri_healthy (999).jpg,0,Healthy,MRI,5faa11dd7118947ab79c56d75fd0785e19aae3f64e81a61455a026143dbe5887,1
C:\Users\dondo\OneDrive\Documents\ADBU CSE(AI & ML)\5th sem\Minor Project\Project Prototype\Brain-Tumor-Minor-Project\dataset\Brain Tumor MRI images\Tumor\glioma (1).jpg,Brain Tumor MRI images/Tumor/glioma (1).jpg,1,Tumor,MRI,13509e45c804999bb70316d0d4ad406f19bd36ebbc97dd8ecc6279699f7f9978,1
C:\Users\dondo\OneDrive\Documents\ADBU CSE(AI & ML)\5th sem\Minor Project\Project Prototype\Brain-Tumor-Minor-Project\dataset\Brain Tumor MRI images\Tumor\glioma (10).jpg,Brain Tumor MRI images/Tumor/glioma (10).jpg,1,Tumor,MRI,80d7eab7f410172d419328ff51d820fb0ab7e838a0b77b7e57c4569216f79f35,1
C:\Users\dondo\OneDrive\Documents\ADBU CSE(AI & ML)\5th sem\Minor Project\Project Prototype\Brain-Tumor-Minor-Project\dataset\Brain Tumor MRI images\Tumor\glioma (101).jpg,Brain Tumor MRI images/Tumor/glioma (101).jpg,1,Tumor,MRI,68a472ce5e032fe2af057dcfdcadc0b9de533bb703d3e393419226d83d190d05,1
C:\Users\dondo\OneDrive\Documents\ADBU CSE(AI & ML)\5th sem\Minor Project\Project Prototype\Brain-Tumor-Minor-Project\dataset\Brain Tumor MRI images\Tumor\glioma (102).jpg,Brain Tumor MRI images/Tumor/glioma (102).jpg,1,Tumor,MRI,ec5cfe57c8130956c52276c221f6def171a2fd414706bc4cf872a1f7a60e886f,1
C:\Users\dondo\OneDrive\Documents\ADBU CSE(AI & ML)\5th sem\Minor Project\Project Prototype\Brain-Tumor-Minor-Project\dataset\Brain Tumor MRI images\Tumor\glioma (104).jpg,Brain Tumor MRI images/Tumor/glioma (104).jpg,1,Tumor,MRI,e166d1d6da15eebe441bcfea9031b255fc7831aa13f65487d6355e2f6fd3c52a,1
C:\Users\dondo\OneDrive\Documents\ADBU CSE(AI & ML)\5th sem\Minor Project\Project Prototype\Brain-Tumor-Minor-Project\dataset\Brain Tumor MRI images\Tumor\glioma (107).jpg,Brain Tumor MRI images/Tumor/glioma (107).jpg,1,Tumor,MRI,6b4cf73c62a4ac8130f0a2d320cf863eb179ec41515a6ea146b1e35b0ae1410b,1
C:\Users\dondo\OneDrive\Documents\ADBU CSE(AI & ML)\5th sem\Minor Project\Project Prototype\Brain-Tumor-Minor-Project\dataset\Brain Tumor MRI images\Tumor\glioma (108).jpg,Brain Tumor MRI images/Tumor/glioma (108).jpg,1,Tumor,MRI,8e7383dc15f45498523dc109e6cba1599ab2ad0356732587fb45fb34438fd630,1
C:\Users\dondo\OneDrive\Documents\ADBU CSE(AI & ML)\5th sem\Minor Project\Project Prototype\Brain-Tumor-Minor-Project\dataset\Brain Tumor MRI images\Tumor\glioma (109).jpg,Brain Tumor MRI images/Tumor/glioma (109).jpg,1,Tumor,MRI,d326e4c2ab3b7f00ebb822a64a31b3440afe73573957437e3c746b488ed21608,1
C:\Users\dondo\OneDrive\Documents\ADBU CSE(AI & ML)\5th sem\Minor Project\Project Prototype\Brain-Tumor-Minor-Project\dataset\Brain Tumor MRI images\Tumor\glioma (110).jpg,Brain Tumor MRI images/Tumor/glioma (110).jpg,1,Tumor,MRI,d019b0523a1840c60e5e2e22030a2cfbc1a578641a693bd27662c48bdeceaf83,1
C:\Users\dondo\OneDrive\Documents\ADBU CSE(AI & ML)\5th sem\Minor Project\Project Prototype\Brain-Tumor-Minor-Project\dataset\Brain Tumor MRI images\Tumor\glioma (111).jpg,Brain Tumor MRI images/Tumor/glioma (111).jpg,1,Tumor,MRI,69f6d40795772da7ca991ef17b068372b4444175a276aca7e7e0c2108042d596,1
C:\Users\dondo\OneDrive\Documents\ADBU CSE(AI & ML)\5th sem\Minor Project\Project Prototype\Brain-Tumor-Minor-Project\dataset\Brain Tumor MRI images\Tumor\glioma (114).jpg,Brain Tumor MRI images/Tumor/glioma (114).jpg,1,Tumor,MRI,87cc210cd4cc43d0b98838327fb7383c5ef1f0360c2aa817718172040d54c961,1
C:\Users\dondo\OneDrive\Documents\ADBU CSE(AI & ML)\5th sem\Minor Project\Project Prototype\Brain-Tumor-Minor-Project\dataset\Brain Tumor MRI images\Tumor\glioma (116).jpg,Brain Tumor MRI images/Tumor/glioma (116).jpg,1,Tumor,MRI,569385bea3ed0b0602a9bbba3924c163c4058ced988a698081fc983dd4ab5e63,1
C:\Users\dondo\OneDrive\Documents\ADBU CSE(AI & ML)\5th sem\Minor Project\Project Prototype\Brain-Tumor-Minor-Project\dataset\Brain Tumor MRI images\Tumor\glioma (117).jpg,Brain Tumor MRI images/Tumor/glioma (117).jpg,1,Tumor,MRI,27fae94f5445e6b87d6231be9bf8ddb18444d6dedc7cb03f6f45cc6391b5f480,1
C:\Users\dondo\OneDrive\Documents\ADBU CSE(AI & ML)\5th sem\Minor Project\Project Prototype\Brain-Tumor-Minor-Project\dataset\Brain Tumor MRI images\Tumor\glioma (118).jpg,Brain Tumor MRI images/Tumor/glioma (118).jpg,1,Tumor,MRI,940221ec5682e2b232ee34efc932fe4c97417b5090cb9aaeaab7b2b5df8bd112,1
C:\Users\dondo\OneDrive\Documents\ADBU CSE(AI & ML)\5th sem\Minor Project\Project Prototype\Brain-Tumor-Minor-Project\dataset\Brain Tumor MRI images\Tumor\glioma (119).jpg,Brain Tumor MRI images/Tumor/glioma (119).jpg,1,Tumor,MRI,3e9b15f38cd0f6a52b016f43519a8ed29209231556b78e8105ef909937151b3e,1
C:\Users\dondo\OneDrive\Documents\ADBU CSE(AI & ML)\5th sem\Minor Project\Project Prototype\Brain-Tumor-Minor-Project\dataset\Brain Tumor MRI images\Tumor\glioma (12).jpg,Brain Tumor MRI images/Tumor/glioma (12).jpg,1,Tumor,MRI,d299f70366983e86e1d43a16df44f7ab0b40b2e4e66dc1b49f3c22e66b7873de,1
C:\Users\dondo\OneDrive\Documents\ADBU CSE(AI & ML)\5th sem\Minor Project\Project Prototype\Brain-Tumor-Minor-Project\dataset\Brain Tumor MRI images\Tumor\glioma (121).jpg,Brain Tumor MRI images/Tumor/glioma (121).jpg,1,Tumor,MRI,bc2c1d57d51048501286e372ecf1ffffacf5602eaa948fb927084f05037c0696,1
C:\Users\dondo\OneDrive\Documents\ADBU CSE(AI & ML)\5th sem\Minor Project\Project Prototype\Brain-Tumor-Minor-Project\dataset\Brain Tumor MRI images\Tumor\glioma (122).jpg,Brain Tumor MRI images/Tumor/glioma (122).jpg,1,Tumor,MRI,053422bf50f4493f2e35c4c336258eb91ae98a1954c5fb3696735bd5a2b215b1,1
C:\Users\dondo\OneDrive\Documents\ADBU CSE(AI & ML)\5th sem\Minor Project\Project Prototype\Brain-Tumor-Minor-Project\dataset\Brain Tumor MRI images\Tumor\glioma (123).jpg,Brain Tumor MRI images/Tumor/glioma (123).jpg,1,Tumor,MRI,88ac99aec8662ed54784b818b896aaa44f750e4b05dc280a08484510623f28b2,1
C:\Users\dondo\OneDrive\Documents\ADBU CSE(AI & ML)\5th sem\Minor Project\Project Prototype\Brain-Tumor-Minor-Project\dataset\Brain Tumor MRI images\Tumor\glioma (124).jpg,Brain Tumor MRI images/Tumor/glioma (124).jpg,1,Tumor,MRI,11130dff9b6ad0fc9e4cee68dfbe52673f1e0dbb604c9d6763e02844260fa544,1
C:\Users\dondo\OneDrive\Documents\ADBU CSE(AI & ML)\5th sem\Minor Project\Project Prototype\Brain-Tumor-Minor-Project\dataset\Brain Tumor MRI images\Tumor\glioma (125).jpg,Brain Tumor MRI images/Tumor/glioma (125).jpg,1,Tumor,MRI,52fface23fbf45c59ea49ca96bf20ca5f3b0fd0c0ddd3c1dc5e86b2004fd2e34,1
C:\Users\dondo\OneDrive\Documents\ADBU CSE(AI & ML)\5th sem\Minor Project\Project Prototype\Brain-Tumor-Minor-Project\dataset\Brain Tumor MRI images\Tumor\glioma (126).jpg,Brain Tumor MRI images/Tumor/glioma (126).jpg,1,Tumor,MRI,f56bc07c347fe1b8afc59f8da1e09c3aa3d9f2135a34e5a989d73493baeaff41,1
C:\Users\dondo\OneDrive\Documents\ADBU CSE(AI & ML)\5th sem\Minor Project\Project Prototype\Brain-Tumor-Minor-Project\dataset\Brain Tumor MRI images\Tumor\glioma (127).jpg,Brain Tumor MRI images/Tumor/glioma (127).jpg,1,Tumor,MRI,45f0298b17718a7b83c1379122f1b4bb2500c64a8a70a110ca62d0155190c725,1
C:\Users\dondo\OneDrive\Documents\ADBU CSE(AI & ML)\5th sem\Minor Project\Project Prototype\Brain-Tumor-Minor-Project\dataset\Brain Tumor MRI images\Tumor\glioma (128).jpg,Brain Tumor MRI images/Tumor/glioma (128).jpg,1,Tumor,MRI,25595ae3339da2f6214b68c950e591561860cd08d7a982b9aa3732abbbbe1476,1
C:\Users\dondo\OneDrive\Documents\ADBU CSE(AI & ML)\5th sem\Minor Project\Project Prototype\Brain-Tumor-Minor-Project\dataset\Brain Tumor MRI images\Tumor\glioma (13).jpg,Brain Tumor MRI images/Tumor/glioma (13).jpg,1,Tumor,MRI,8461ec8f16b1c27d3fec97629a4c17094f78b35130801b9607f27e6e210e640e,1
C:\Users\dondo\OneDrive\Documents\ADBU CSE(AI & ML)\5th sem\Minor Project\Project Prototype\Brain-Tumor-Minor-Project\dataset\Brain Tumor MRI images\Tumor\glioma (130).jpg,Brain Tumor MRI images/Tumor/glioma (130).jpg,1,Tumor,MRI,afebf9e3275e1250de3168fa69a2cf19ecde507e3a08d35efb498ca68e76bccd,1
C:\Users\dondo\OneDrive\Documents\ADBU CSE(AI & ML)\5th sem\Minor Project\Project Prototype\Brain-Tumor-Minor-Project\dataset\Brain Tumor MRI images\Tumor\glioma (131).jpg,Brain Tumor MRI images/Tumor/glioma (131).jpg,1,Tumor,MRI,5e319bb3aa1bd9b7251944fb4766209b68cc837a1f97e09b3721fc560ac389b2,1
C:\Users\dondo\OneDrive\Documents\ADBU CSE(AI & ML)\5th sem\Minor Project\Project Prototype\Brain-Tumor-Minor-Project\dataset\Brain Tumor MRI images\Tumor\glioma (132).jpg,Brain Tumor MRI images/Tumor/glioma (132).jpg,1,Tumor,MRI,1d2d333fea222b6787f9a75affd0cc8c2bfa210217ba876618035ae5ca8e3b2d,1
C:\Users\dondo\OneDrive\Documents\ADBU CSE(AI & ML)\5th sem\Minor Project\Project Prototype\Brain-Tumor-Minor-Project\dataset\Brain Tumor MRI images\Tumor\glioma (135).jpg,Brain Tumor MRI images/Tumor/glioma (135).jpg,1,Tumor,MRI,40563c616d331c8183b2dbfd8d5d25a645e2150b8dca8dff9818a4c2fe48155c,1
C:\Users\dondo\OneDrive\Documents\ADBU CSE(AI & ML)\5th sem\Minor Project\Project Prototype\Brain-Tumor-Minor-Project\dataset\Brain Tumor MRI images\Tumor\glioma (136).jpg,Brain Tumor MRI images/Tumor/glioma (136).jpg,1,Tumor,MRI,8936f8fa45ff68caf778d1f21ea3d4600d68374db2c817a84c75e6b715a4f833,1
C:\Users\dondo\OneDrive\Documents\ADBU CSE(AI & ML)\5th sem\Minor Project\Project Prototype\Brain-Tumor-Minor-Project\dataset\Brain Tumor MRI images\Tumor\glioma (137).jpg,Brain Tumor MRI images/Tumor/glioma (137).jpg,1,Tumor,MRI,7890aa9709ef1dc1f3d11564dbf9222c500d7620f4cb77c8e61aa19a847c7d43,1
C:\Users\dondo\OneDrive\Documents\ADBU CSE(AI & ML)\5th sem\Minor Project\Project Prototype\Brain-Tumor-Minor-Project\dataset\Brain Tumor MRI images\Tumor\glioma (139).jpg,Brain Tumor MRI images/Tumor/glioma (139).jpg,1,Tumor,MRI,54d31873e6839d9974d6bee33a8c170e00d01de7e6651b2cba6571d7d37d4e9c,1
C:\Users\dondo\OneDrive\Documents\ADBU CSE(AI & ML)\5th sem\Minor Project\Project Prototype\Brain-Tumor-Minor-Project\dataset\Brain Tumor MRI images\Tumor\glioma (140).jpg,Brain Tumor MRI images/Tumor/glioma (140).jpg,1,Tumor,MRI,8e2d4fcff9091148f0a23b9c2f7730d9313ec928bb4328aa38212d12f3ebd03a,1
C:\Users\dondo\OneDrive\Documents\ADBU CSE(AI & ML)\5th sem\Minor Project\Project Prototype\Brain-Tumor-Minor-Project\dataset\Brain Tumor MRI images\Tumor\glioma (141).jpg,Brain Tumor MRI images/Tumor/glioma (141).jpg,1,Tumor,MRI,779eb7729ce018957e98aade67b0a6decf08a050f9e51e743b0d46c88161096f,1
C:\Users\dondo\OneDrive\Documents\ADBU CSE(AI & ML)\5th sem\Minor Project\Project Prototype\Brain-Tumor-Minor-Project\dataset\Brain Tumor MRI images\Tumor\glioma (143).jpg,Brain Tumor MRI images/Tumor/glioma (143).jpg,1,Tumor,MRI,6e4f3a410d3409882a749efec01f575326fa9f78e1bd004b2cde332c06d3aeca,1
C:\Users\dondo\OneDrive\Documents\ADBU CSE(AI & ML)\5th sem\Minor Project\Project Prototype\Brain-Tumor-Minor-Project\dataset\Brain Tumor MRI images\Tumor\glioma (145).jpg,Brain Tumor MRI images/Tumor/glioma (145).jpg,1,Tumor,MRI,99c93b14b11f765c4ef2fbf8852bffb8e2cfe5ceb716125b6d5e16d947db0376,1
C:\Users\dondo\OneDrive\Documents\ADBU CSE(AI & ML)\5th sem\Minor Project\Project Prototype\Brain-Tumor-Minor-Project\dataset\Brain Tumor MRI images\Tumor\glioma (146).jpg,Brain Tumor MRI images/Tumor/glioma (146).jpg,1,Tumor,MRI,a71ab5e589b9c19608ba2852381f350602f37f4d614aa04e101e8cdb2cbdd7e0,1
C:\Users\dondo\OneDrive\Documents\ADBU CSE(AI & ML)\5th sem\Minor Project\Project Prototype\Brain-Tumor-Minor-Project\dataset\Brain Tumor MRI images\Tumor\glioma (147).jpg,Brain Tumor MRI images/Tumor/glioma (147).jpg,1,Tumor,MRI,12e3f72d21ecb42022654a80aec00bd1498aa87b4eeca319e6110c802aa4912d,1
C:\Users\dondo\OneDrive\Documents\ADBU CSE(AI & ML)\5th sem\Minor Project\Project Prototype\Brain-Tumor-Minor-Project\dataset\Brain Tumor MRI images\Tumor\glioma (148).jpg,Brain Tumor MRI images/Tumor/glioma (148).jpg,1,Tumor,MRI,b1a371a683f935d4e997428bf2ec04f74a1e2ee59d8005d7fce97339860c1d22,1
C:\Users\dondo\OneDrive\Documents\ADBU CSE(AI & ML)\5th sem\Minor Project\Project Prototype\Brain-Tumor-Minor-Project\dataset\Brain Tumor MRI images\Tumor\glioma (15).jpg,Brain Tumor MRI images/Tumor/glioma (15).jpg,1,Tumor,MRI,a3fe338c17ed84eb8b9a35964dbb17acc4500a08a19815f0bcc68ab6877c7e08,1
C:\Users\dondo\OneDrive\Documents\ADBU CSE(AI & ML)\5th sem\Minor Project\Project Prototype\Brain-Tumor-Minor-Project\dataset\Brain Tumor MRI images\Tumor\glioma (150).jpg,Brain Tumor MRI images/Tumor/glioma (150).jpg,1,Tumor,MRI,e275aaecfb96d21ee7fbd9262aff7c44082bf40e73791b16fe15defd62b587a3,1
C:\Users\dondo\OneDrive\Documents\ADBU CSE(AI & ML)\5th sem\Minor Project\Project Prototype\Brain-Tumor-Minor-Project\dataset\Brain Tumor MRI images\Tumor\glioma (152).jpg,Brain Tumor MRI images/Tumor/glioma (152).jpg,1,Tumor,MRI,4e684e5fd89fd97a05574066c12e7033aa4b599cc278c44a75a360abd86ff83c,1
C:\Users\dondo\OneDrive\Documents\ADBU CSE(AI & ML)\5th sem\Minor Project\Project Prototype\Brain-Tumor-Minor-Project\dataset\Brain Tumor MRI images\Tumor\glioma (153).jpg,Brain Tumor MRI images/Tumor/glioma (153).jpg,1,Tumor,MRI,dee9fabbf00c43aebc9980c1aedc3dcd7cf29007af6afbb100e8962c8552eaf0,1
C:\Users\dondo\OneDrive\Documents\ADBU CSE(AI & ML)\5th sem\Minor Project\Project Prototype\Brain-Tumor-Minor-Project\dataset\Brain Tumor MRI images\Tumor\glioma (156).jpg,Brain Tumor MRI images/Tumor/glioma (156).jpg,1,Tumor,MRI,17385a955e80485ed30bc5fa568005bfe5415c916af42dd287249f35d884c68f,1
C:\Users\dondo\OneDrive\Documents\ADBU CSE(AI & ML)\5th sem\Minor Project\Project Prototype\Brain-Tumor-Minor-Project\dataset\Brain Tumor MRI images\Tumor\glioma (157).jpg,Brain Tumor MRI images/Tumor/glioma (157).jpg,1,Tumor,MRI,a82c34850851c6b437c2b3c88bf90888dadb50c7d02f8ab1d54ff390e15d183a,1
C:\Users\dondo\OneDrive\Documents\ADBU CSE(AI & ML)\5th sem\Minor Project\Project Prototype\Brain-Tumor-Minor-Project\dataset\Brain Tumor MRI images\Tumor\glioma (159).jpg,Brain Tumor MRI images/Tumor/glioma (159).jpg,1,Tumor,MRI,409138debe04ce0e036d57dd0f637074fd8096f498aa1c1cc545ec020d278197,1
C:\Users\dondo\OneDrive\Documents\ADBU CSE(AI & ML)\5th sem\Minor Project\Project Prototype\Brain-Tumor-Minor-Project\dataset\Brain Tumor MRI images\Tumor\glioma (16).jpg,Brain Tumor MRI images/Tumor/glioma (16).jpg,1,Tumor,MRI,ef5cff6858aa1b18097dca16cd033ca29eaf5948eda834785926972e46907a3c,1
C:\Users\dondo\OneDrive\Documents\ADBU CSE(AI & ML)\5th sem\Minor Project\Project Prototype\Brain-Tumor-Minor-Project\dataset\Brain Tumor MRI images\Tumor\glioma (160).jpg,Brain Tumor MRI images/Tumor/glioma (160).jpg,1,Tumor,MRI,837c106ecc9bea0061eaf3fff05d0baaff6dcfb142123d32fdbea9218bd071f6,1
C:\Users\dondo\OneDrive\Documents\ADBU CSE(AI & ML)\5th sem\Minor Project\Project Prototype\Brain-Tumor-Minor-Project\dataset\Brain Tumor MRI images\Tumor\glioma (161).jpg,Brain Tumor MRI images/Tumor/glioma (161).jpg,1,Tumor,MRI,d7d6d26d0f2fabdf8b58fcfbcfd8909d7e0b81c50f301ac70dcbe8602ff35ab6,1
C:\Users\dondo\OneDrive\Documents\ADBU CSE(AI & ML)\5th sem\Minor Project\Project Prototype\Brain-Tumor-Minor-Project\dataset\Brain Tumor MRI images\Tumor\glioma (162).jpg,Brain Tumor MRI images/Tumor/glioma (162).jpg,1,Tumor,MRI,a54a40455da49eb98bd890e6b2a700c5f0d17f3354e44c8510c2c244d347a868,1
C:\Users\dondo\OneDrive\Documents\ADBU CSE(AI & ML)\5th sem\Minor Project\Project Prototype\Brain-Tumor-Minor-Project\dataset\Brain Tumor MRI images\Tumor\glioma (163).jpg,Brain Tumor MRI images/Tumor/glioma (163).jpg,1,Tumor,MRI,4c102da117fc73a8c958848fd8f01ecacc55da551af4f720d3c85005363c3747,1
C:\Users\dondo\OneDrive\Documents\ADBU CSE(AI & ML)\5th sem\Minor Project\Project Prototype\Brain-Tumor-Minor-Project\dataset\Brain Tumor MRI images\Tumor\glioma (165).jpg,Brain Tumor MRI images/Tumor/glioma (165).jpg,1,Tumor,MRI,8b2f38cb9ccd36e58cb16d684431d7cfcf1575f74437d905655c85769091356a,1
C:\Users\dondo\OneDrive\Documents\ADBU CSE(AI & ML)\5th sem\Minor Project\Project Prototype\Brain-Tumor-Minor-Project\dataset\Brain Tumor MRI images\Tumor\glioma (166).jpg,Brain Tumor MRI images/Tumor/glioma (166).jpg,1,Tumor,MRI,9f469f61de2324855e8bc98393e2c7cb4527d10f11236aac43e02e5850334da2,1
C:\Users\dondo\OneDrive\Documents\ADBU CSE(AI & ML)\5th sem\Minor Project\Project Prototype\Brain-Tumor-Minor-Project\dataset\Brain Tumor MRI images\Tumor\glioma (167).jpg,Brain Tumor MRI images/Tumor/glioma (167).jpg,1,Tumor,MRI,53ae033b9c49652cc4485e8a4de1b5b775b03fc9297be4aef96721fcc4fd1f8b,1
C:\Users\dondo\OneDrive\Documents\ADBU CSE(AI & ML)\5th sem\Minor Project\Project Prototype\Brain-Tumor-Minor-Project\dataset\Brain Tumor MRI images\Tumor\glioma (168).jpg,Brain Tumor MRI images/Tumor/glioma (168).jpg,1,Tumor,MRI,f115b1067a7eda9891bc3ad2a964af64c11cf39b521783545662a1b15ef65fd6,1
C:\Users\dondo\OneDrive\Documents\ADBU CSE(AI & ML)\5th sem\Minor Project\Project Prototype\Brain-Tumor-Minor-Project\dataset\Brain Tumor MRI images\Tumor\glioma (169).jpg,Brain Tumor MRI images/Tumor/glioma (169).jpg,1,Tumor,MRI,d1aff66481f83a323aa63bbe4348334fc44b924bc89db5c648c8c5f6b81a9c0b,1
C:\Users\dondo\OneDrive\Documents\ADBU CSE(AI & ML)\5th sem\Minor Project\Project Prototype\Brain-Tumor-Minor-Project\dataset\Brain Tumor MRI images\Tumor\glioma (17).jpg,Brain Tumor MRI images/Tumor/glioma (17).jpg,1,Tumor,MRI,f0822404e6a76f6f7b094ceb119cf3ee488bb6b36b4d135b3c1fadbece8d2c0a,1
C:\Users\dondo\OneDrive\Documents\ADBU CSE(AI & ML)\5th sem\Minor Project\Project Prototype\Brain-Tumor-Minor-Project\dataset\Brain Tumor MRI images\Tumor\glioma (173).jpg,Brain Tumor MRI images/Tumor/glioma (173).jpg,1,Tumor,MRI,03439d67b0671bafa5a2275bb95d6233e7083b445844e2f42c0888e5761e0c80,1
C:\Users\dondo\OneDrive\Documents\ADBU CSE(AI & ML)\5th sem\Minor Project\Project Prototype\Brain-Tumor-Minor-Project\dataset\Brain Tumor MRI images\Tumor\glioma (174).jpg,Brain Tumor MRI images/Tumor/glioma (174).jpg,1,Tumor,MRI,517c7cf0287dbf48c5aca3a44ebe1c9f74e50241fab31a6e808d0e3243152ea1,1
C:\Users\dondo\OneDrive\Documents\ADBU CSE(AI & ML)\5th sem\Minor Project\Project Prototype\Brain-Tumor-Minor-Project\dataset\Brain Tumor MRI images\Tumor\glioma (175).jpg,Brain Tumor MRI images/Tumor/glioma (175).jpg,1,Tumor,MRI,31aa8b6b27552bcea1c3e61e43e798f6fe9b06f22c269700f820d58d2b4bbb9a,1
C:\Users\dondo\OneDrive\Documents\ADBU CSE(AI & ML)\5th sem\Minor Project\Project Prototype\Brain-Tumor-Minor-Project\dataset\Brain Tumor MRI images\Tumor\glioma (177).jpg,Brain Tumor MRI images/Tumor/glioma (177).jpg,1,Tumor,MRI,4ba816cafb73f976fbc6abd1f64dca7c5abd4c9c20c392a4b581acab4f5c445e,1
C:\Users\dondo\OneDrive\Documents\ADBU CSE(AI & ML)\5th sem\Minor Project\Project Prototype\Brain-Tumor-Minor-Project\dataset\Brain Tumor MRI images\Tumor\glioma (178).jpg,Brain Tumor MRI images/Tumor/glioma (178).jpg,1,Tumor,MRI,c9fa0adc6a1b5524a428625721909cddbb5e80083b69d023f125501d593ad7e5,1
C:\Users\dondo\OneDrive\Documents\ADBU CSE(AI & ML)\5th sem\Minor Project\Project Prototype\Brain-Tumor-Minor-Project\dataset\Brain Tumor MRI images\Tumor\glioma (179).jpg,Brain Tumor MRI images/Tumor/glioma (179).jpg,1,Tumor,MRI,9eea2f99c5d0eda627d144541a2a070c5a00bcdae3957ccc8b00f6ed9d4bfa41,1
C:\Users\dondo\OneDrive\Documents\ADBU CSE(AI & ML)\5th sem\Minor Project\Project Prototype\Brain-Tumor-Minor-Project\dataset\Brain Tumor MRI images\Tumor\glioma (180).jpg,Brain Tumor MRI images/Tumor/glioma (180).jpg,1,Tumor,MRI,83662fe1251de428abd0e86f76888471a4a125bf6bb10bc44a1a51e6f0a4c99c,1
C:\Users\dondo\OneDrive\Documents\ADBU CSE(AI & ML)\5th sem\Minor Project\Project Prototype\Brain-Tumor-Minor-Project\dataset\Brain Tumor MRI images\Tumor\glioma (181).jpg,Brain Tumor MRI images/Tumor/glioma (181).jpg,1,Tumor,MRI,f43835ab943e7b03cde7077d005fdde66030eb7178e85e20d69a752edd8fb44a,1
C:\Users\dondo\OneDrive\Documents\ADBU CSE(AI & ML)\5th sem\Minor Project\Project Prototype\Brain-Tumor-Minor-Project\dataset\Brain Tumor MRI images\Tumor\glioma (184).jpg,Brain Tumor MRI images/Tumor/glioma (184).jpg,1,Tumor,MRI,b3d1d6153256f92bbcc11fe8e48d042445fc7e374d1edf7edd90d0f7094eb7ae,1
C:\Users\dondo\OneDrive\Documents\ADBU CSE(AI & ML)\5th sem\Minor Project\Project Prototype\Brain-Tumor-Minor-Project\dataset\Brain Tumor MRI images\Tumor\glioma (185).jpg,Brain Tumor MRI images/Tumor/glioma (185).jpg,1,Tumor,MRI,ec5305916d58b5dc10305624129a341a46b073613896319ec7eb9d023f3513a9,1
C:\Users\dondo\OneDrive\Documents\ADBU CSE(AI & ML)\5th sem\Minor Project\Project Prototype\Brain-Tumor-Minor-Project\dataset\Brain Tumor MRI images\Tumor\glioma (186).jpg,Brain Tumor MRI images/Tumor/glioma (186).jpg,1,Tumor,MRI,6af72540c383d4064315214043be70b673dea799f9f8b6d27553aa640c781712,1
C:\Users\dondo\OneDrive\Documents\ADBU CSE(AI & ML)\5th sem\Minor Project\Project Prototype\Brain-Tumor-Minor-Project\dataset\Brain Tumor MRI images\Tumor\glioma (188).jpg,Brain Tumor MRI images/Tumor/glioma (188).jpg,1,Tumor,MRI,1cfb89cd7a62b22853974efaf7f728df0ce4a4cd1df2cf3cfa7d7ceec4d65dbd,1
C:\Users\dondo\OneDrive\Documents\ADBU CSE(AI & ML)\5th sem\Minor Project\Project Prototype\Brain-Tumor-Minor-Project\dataset\Brain Tumor MRI images\Tumor\glioma (189).jpg,Brain Tumor MRI images/Tumor/glioma (189).jpg,1,Tumor,MRI,02c27321812ef7972f20cb306cc219bca2729d60986cb8aa8e15202447acbfb9,1
C:\Users\dondo\OneDrive\Documents\ADBU CSE(AI & ML)\5th sem\Minor Project\Project Prototype\Brain-Tumor-Minor-Project\dataset\Brain Tumor MRI images\Tumor\glioma (190).jpg,Brain Tumor MRI images/Tumor/glioma (190).jpg,1,Tumor,MRI,7f673fb26b647457e74f76fe46047178975dfcbe082f56148112dfbdcf0a868a,1
C:\Users\dondo\OneDrive\Documents\ADBU CSE(AI & ML)\5th sem\Minor Project\Project Prototype\Brain-Tumor-Minor-Project\dataset\Brain Tumor MRI images\Tumor\glioma (191).jpg,Brain Tumor MRI images/Tumor/glioma (191).jpg,1,Tumor,MRI,5549e795157e030e0458dd5440565dc766f5f2b73dff9d739e8e27052c8e62b4,1
C:\Users\dondo\OneDrive\Documents\ADBU CSE(AI & ML)\5th sem\Minor Project\Project Prototype\Brain-Tumor-Minor-Project\dataset\Brain Tumor MRI images\Tumor\glioma (192).jpg,Brain Tumor MRI images/Tumor/glioma (192).jpg,1,Tumor,MRI,7af4b8ae3ce31c527372c820f14244d4262e669e2cabc14e2ddfd55bc6accd98,1
C:\Users\dondo\OneDrive\Documents\ADBU CSE(AI & ML)\5th sem\Minor Project\Project Prototype\Brain-Tumor-Minor-Project\dataset\Brain Tumor MRI images\Tumor\glioma (193).jpg,Brain Tumor MRI images/Tumor/glioma (193).jpg,1,Tumor,MRI,ca699ed3ec61175b32307fbceb4ec75ea1601570318ea34e9121124e3b34bd7b,1
C:\Users\dondo\OneDrive\Documents\ADBU CSE(AI & ML)\5th sem\Minor Project\Project Prototype\Brain-Tumor-Minor-Project\dataset\Brain Tumor MRI images\Tumor\glioma (194).jpg,Brain Tumor MRI images/Tumor/glioma (194).jpg,1,Tumor,MRI,9f597d277a0d83ec52562d590fd925ac3e494a90bfae6702b42da40a3a1b6bb4,1
C:\Users\dondo\OneDrive\Documents\ADBU CSE(AI & ML)\5th sem\Minor Project\Project Prototype\Brain-Tumor-Minor-Project\dataset\Brain Tumor MRI images\Tumor\glioma (195).jpg,Brain Tumor MRI images/Tumor/glioma (195).jpg,1,Tumor,MRI,a9be84e2c8fa489695047c6b0d28e6cbd5e810679b2064792e7429f1940c8be9,1
C:\Users\dondo\OneDrive\Documents\ADBU CSE(AI & ML)\5th sem\Minor Project\Project Prototype\Brain-Tumor-Minor-Project\dataset\Brain Tumor MRI images\Tumor\glioma (196).jpg,Brain Tumor MRI images/Tumor/glioma (196).jpg,1,Tumor,MRI,7448fec71f672f9af8d9c0d99bbee287837f7509a8e435341fd4ef42ff031ead,1
C:\Users\dondo\OneDrive\Documents\ADBU CSE(AI & ML)\5th sem\Minor Project\Project Prototype\Brain-Tumor-Minor-Project\dataset\Brain Tumor MRI images\Tumor\glioma (197).jpg,Brain Tumor MRI images/Tumor/glioma (197).jpg,1,Tumor,MRI,1cae5698fb33362cb9f40a103bfb04add4d8b399f2277743d936b3ebd81f7bbf,1
C:\Users\dondo\OneDrive\Documents\ADBU CSE(AI & ML)\5th sem\Minor Project\Project Prototype\Brain-Tumor-Minor-Project\dataset\Brain Tumor MRI images\Tumor\glioma (198).jpg,Brain Tumor MRI images/Tumor/glioma (198).jpg,1,Tumor,MRI,143a329c586d89bebcdfa71ef63c0d04403c4135c99dc57264b6eab073db30c3,1
C:\Users\dondo\OneDrive\Documents\ADBU CSE(AI & ML)\5th sem\Minor Project\Project Prototype\Brain-Tumor-Minor-Project\dataset\Brain Tumor MRI images\Tumor\glioma (199).jpg,Brain Tumor MRI images/Tumor/glioma (199).jpg,1,Tumor,MRI,8a23eedabe9eac6e77e2ac0d327edc34c52e3c2be2cca6d21c876a12b9fa6180,1
C:\Users\dondo\OneDrive\Documents\ADBU CSE(AI & ML)\5th sem\Minor Project\Project Prototype\Brain-Tumor-Minor-Project\dataset\Brain Tumor MRI images\Tumor\glioma (2).jpg,Brain Tumor MRI images/Tumor/glioma (2).jpg,1,Tumor,MRI,e0a22c7d00185196d522420cc5f52401a8822ff41524abbf359082e5eb2b7750,1
C:\Users\dondo\OneDrive\Documents\ADBU CSE(AI & ML)\5th sem\Minor Project\Project Prototype\Brain-Tumor-Minor-Project\dataset\Brain Tumor MRI images\Tumor\glioma (20).jpg,Brain Tumor MRI images/Tumor/glioma (20).jpg,1,Tumor,MRI,e440e0fc9c16e647de7d0c3f7b8c93ebf1c6c0707aec9851bf541c00bc253f5c,1
C:\Users\dondo\OneDrive\Documents\ADBU CSE(AI & ML)\5th sem\Minor Project\Project Prototype\Brain-Tumor-Minor-Project\dataset\Brain Tumor MRI images\Tumor\glioma (200).jpg,Brain Tumor MRI images/Tumor/glioma (200).jpg,1,Tumor,MRI,31e8fbf36c4c557828dd83af7ddcbc3f1c77f2893e96184324126e627d32bae8,1
C:\Users\dondo\OneDrive\Documents\ADBU CSE(AI & ML)\5th sem\Minor Project\Project Prototype\Brain-Tumor-Minor-Project\dataset\Brain Tumor MRI images\Tumor\glioma (201).jpg,Brain Tumor MRI images/Tumor/glioma (201).jpg,1,Tumor,MRI,be87d51cc45f30f650dfac9974b553fe7af824841c6da051135852df5ee37aad,1
C:\Users\dondo\OneDrive\Documents\ADBU CSE(AI & ML)\5th sem\Minor Project\Project Prototype\Brain-Tumor-Minor-Project\dataset\Brain Tumor MRI images\Tumor\glioma (202).jpg,Brain Tumor MRI images/Tumor/glioma (202).jpg,1,Tumor,MRI,ed6671ee454a65b0624174ddd1f11a82d513a727724bfbc8e2f9cb1c693fd066,1
C:\Users\dondo\OneDrive\Documents\ADBU CSE(AI & ML)\5th sem\Minor Project\Project Prototype\Brain-Tumor-Minor-Project\dataset\Brain Tumor MRI images\Tumor\glioma (203).jpg,Brain Tumor MRI images/Tumor/glioma (203).jpg,1,Tumor,MRI,5113227764ad17cf03933d0a9d234ee7a972ee0012d60e13ded705896f72b1fb,1
C:\Users\dondo\OneDrive\Documents\ADBU CSE(AI & ML)\5th sem\Minor Project\Project Prototype\Brain-Tumor-Minor-Project\dataset\Brain Tumor MRI images\Tumor\glioma (205).jpg,Brain Tumor MRI images/Tumor/glioma (205).jpg,1,Tumor,MRI,b1382dde82f8900d9241117971c9e7e4ec95125be146e25b21afa8c174c537ac,1
C:\Users\dondo\OneDrive\Documents\ADBU CSE(AI & ML)\5th sem\Minor Project\Project Prototype\Brain-Tumor-Minor-Project\dataset\Brain Tumor MRI images\Tumor\glioma (206).jpg,Brain Tumor MRI images/Tumor/glioma (206).jpg,1,Tumor,MRI,dcc81a1b68e60da131028dded16bda8b0da77a11eeeaab340db4fd874767f07d,1
C:\Users\dondo\OneDrive\Documents\ADBU CSE(AI & ML)\5th sem\Minor Project\Project Prototype\Brain-Tumor-Minor-Project\dataset\Brain Tumor MRI images\Tumor\glioma (209).jpg,Brain Tumor MRI images/Tumor/glioma (209).jpg,1,Tumor,MRI,854c2c80e1f06984c7115746ce1f63dc740e5aadac41eea94e43e23160ab07fa,1
C:\Users\dondo\OneDrive\Documents\ADBU CSE(AI & ML)\5th sem\Minor Project\Project Prototype\Brain-Tumor-Minor-Project\dataset\Brain Tumor MRI images\Tumor\glioma (21).jpg,Brain Tumor MRI images/Tumor/glioma (21).jpg,1,Tumor,MRI,b052f2915b6429c896bc43acea527a29ea37964e34794250211a178ef610bca1,1
C:\Users\dondo\OneDrive\Documents\ADBU CSE(AI & ML)\5th sem\Minor Project\Project Prototype\Brain-Tumor-Minor-Project\dataset\Brain Tumor MRI images\Tumor\glioma (210).jpg,Brain Tumor MRI images/Tumor/glioma (210).jpg,1,Tumor,MRI,77f741df2d12e71af947036bb1190156d90a299d72145b879cce30a7cf0eb564,1
C:\Users\dondo\OneDrive\Documents\ADBU CSE(AI & ML)\5th sem\Minor Project\Project Prototype\Brain-Tumor-Minor-Project\dataset\Brain Tumor MRI images\Tumor\glioma (212).jpg,Brain Tumor MRI images/Tumor/glioma (212).jpg,1,Tumor,MRI,1424800e01de3e50f4b549bd94802ce91c069eb555dbea2b01af7944f950aa07,1
C:\Users\dondo\OneDrive\Documents\ADBU CSE(AI & ML)\5th sem\Minor Project\Project Prototype\Brain-Tumor-Minor-Project\dataset\Brain Tumor MRI images\Tumor\glioma (213).jpg,Brain Tumor MRI images/Tumor/glioma (213).jpg,1,Tumor,MRI,0bb16450530ce08aa3e767e568b17423d88b997def5af48838358e5841ff6fa3,1
C:\Users\dondo\OneDrive\Documents\ADBU CSE(AI & ML)\5th sem\Minor Project\Project Prototype\Brain-Tumor-Minor-Project\dataset\Brain Tumor MRI images\Tumor\glioma (214).jpg,Brain Tumor MRI images/Tumor/glioma (214).jpg,1,Tumor,MRI,3088a2a011f464c91c56fcf5f9ce19b658b96e019ef25e903a97be972b1dcc36,1
C:\Users\dondo\OneDrive\Documents\ADBU CSE(AI & ML)\5th sem\Minor Project\Project Prototype\Brain-Tumor-Minor-Project\dataset\Brain Tumor MRI images\Tumor\glioma (215).jpg,Brain Tumor MRI images/Tumor/glioma (215).jpg,1,Tumor,MRI,da8545ff06bf3c9e26fc75350fd4fced5902958a8d2503d0387fb3f582288bb6,1
C:\Users\dondo\OneDrive\Documents\ADBU CSE(AI & ML)\5th sem\Minor Project\Project Prototype\Brain-Tumor-Minor-Project\dataset\Brain Tumor MRI images\Tumor\glioma (216).jpg,Brain Tumor MRI images/Tumor/glioma (216).jpg,1,Tumor,MRI,dc239da889b9936f832a09d8cd53f5a518647fdebd80d166c80b926eb9461cc0,1
C:\Users\dondo\OneDrive\Documents\ADBU CSE(AI & ML)\5th sem\Minor Project\Project Prototype\Brain-Tumor-Minor-Project\dataset\Brain Tumor MRI images\Tumor\glioma (217).jpg,Brain Tumor MRI images/Tumor/glioma (217).jpg,1,Tumor,MRI,fb82f2d49ead20fb3bf58725d6ae87bcee019589442732301270a6966c41272b,1
C:\Users\dondo\OneDrive\Documents\ADBU CSE(AI & ML)\5th sem\Minor Project\Project Prototype\Brain-Tumor-Minor-Project\dataset\Brain Tumor MRI images\Tumor\glioma (218).jpg,Brain Tumor MRI images/Tumor/glioma (218).jpg,1,Tumor,MRI,a3d19fe231a11e03909588c936294a4f998e4d42627ddb82b2898a7248a0b64b,1
C:\Users\dondo\OneDrive\Documents\ADBU CSE(AI & ML)\5th sem\Minor Project\Project Prototype\Brain-Tumor-Minor-Project\dataset\Brain Tumor MRI images\Tumor\glioma (219).jpg,Brain Tumor MRI images/Tumor/glioma (219).jpg,1,Tumor,MRI,68fdfbea3bc78dca296b0ef904f33d6948e3e97b2a4f6882926fafb5f21440c4,1
C:\Users\dondo\OneDrive\Documents\ADBU CSE(AI & ML)\5th sem\Minor Project\Project Prototype\Brain-Tumor-Minor-Project\dataset\Brain Tumor MRI images\Tumor\glioma (22).jpg,Brain Tumor MRI images/Tumor/glioma (22).jpg,1,Tumor,MRI,045af78e86b3ac774782677b2ea97dd53f2887d981fde9aea5bb6d93d0643b3d,1
C:\Users\dondo\OneDrive\Documents\ADBU CSE(AI & ML)\5th sem\Minor Project\Project Prototype\Brain-Tumor-Minor-Project\dataset\Brain Tumor MRI images\Tumor\glioma (220).jpg,Brain Tumor MRI images/Tumor/glioma (220).jpg,1,Tumor,MRI,ab0bd64a92bbc0d9bc345833c48ce9cc907e8d80ed5e686f0ada2555cd594764,1
C:\Users\dondo\OneDrive\Documents\ADBU CSE(AI & ML)\5th sem\Minor Project\Project Prototype\Brain-Tumor-Minor-Project\dataset\Brain Tumor MRI images\Tumor\glioma (221).jpg,Brain Tumor MRI images/Tumor/glioma (221).jpg,1,Tumor,MRI,fe8e5d043b668c6adf1964b76ce93bcca910d7c919a601b3bd3428c4478bd5b9,1
C:\Users\dondo\OneDrive\Documents\ADBU CSE(AI & ML)\5th sem\Minor Project\Project Prototype\Brain-Tumor-Minor-Project\dataset\Brain Tumor MRI images\Tumor\glioma (222).jpg,Brain Tumor MRI images/Tumor/glioma (222).jpg,1,Tumor,MRI,b00fc7a316076e7a31d57b713b151bd9f63c90b7180713a5e20d839f5d87e62b,1
C:\Users\dondo\OneDrive\Documents\ADBU CSE(AI & ML)\5th sem\Minor Project\Project Prototype\Brain-Tumor-Minor-Project\dataset\Brain Tumor MRI images\Tumor\glioma (223).jpg,Brain Tumor MRI images/Tumor/glioma (223).jpg,1,Tumor,MRI,25cdf05d77cf4b9c7a16a873799ba66dd786b19ec1f1ac75641ffaf8dda2014e,1
C:\Users\dondo\OneDrive\Documents\ADBU CSE(AI & ML)\5th sem\Minor Project\Project Prototype\Brain-Tumor-Minor-Project\dataset\Brain Tumor MRI images\Tumor\glioma (224).jpg,Brain Tumor MRI images/Tumor/glioma (224).jpg,1,Tumor,MRI,6f185f4431b7ef69349f645e578027b108200c67ef15fcedb93b2c66ceacbadb,1
C:\Users\dondo\OneDrive\Documents\ADBU CSE(AI & ML)\5th sem\Minor Project\Project Prototype\Brain-Tumor-Minor-Project\dataset\Brain Tumor MRI images\Tumor\glioma (225).jpg,Brain Tumor MRI images/Tumor/glioma (225).jpg,1,Tumor,MRI,3d45994b9df829c666f06460e9d880aef275914600bf71a06168a823535a547d,1
C:\Users\dondo\OneDrive\Documents\ADBU CSE(AI & ML)\5th sem\Minor Project\Project Prototype\Brain-Tumor-Minor-Project\dataset\Brain Tumor MRI images\Tumor\glioma (226).jpg,Brain Tumor MRI images/Tumor/glioma (226).jpg,1,Tumor,MRI,0b0949cf9ba52197dee9e44c0ab469a1c0fd9659132ea4ba45af4cbc26ccd351,1
C:\Users\dondo\OneDrive\Documents\ADBU CSE(AI & ML)\5th sem\Minor Project\Project Prototype\Brain-Tumor-Minor-Project\dataset\Brain Tumor MRI images\Tumor\glioma (227).jpg,Brain Tumor MRI images/Tumor/glioma (227).jpg,1,Tumor,MRI,04705a21a18b9539b324504b0af9104cae9fc76a9a3314731ebb74340122a1b1,1
C:\Users\dondo\OneDrive\Documents\ADBU CSE(AI & ML)\5th sem\Minor Project\Project Prototype\Brain-Tumor-Minor-Project\dataset\Brain Tumor MRI images\Tumor\glioma (228).jpg,Brain Tumor MRI images/Tumor/glioma (228).jpg,1,Tumor,MRI,b18c9e359bbd7312b6030cc8c1f0d45a5dcec9f220f3c85fe3d6e5ca9ece0af5,1
C:\Users\dondo\OneDrive\Documents\ADBU CSE(AI & ML)\5th sem\Minor Project\Project Prototype\Brain-Tumor-Minor-Project\dataset\Brain Tumor MRI images\Tumor\glioma (229).jpg,Brain Tumor MRI images/Tumor/glioma (229).jpg,1,Tumor,MRI,e91cf8db2a800d79d662e8d17cd8086d60481bccd61d6cbefbde400582a57679,1
C:\Users\dondo\OneDrive\Documents\ADBU CSE(AI & ML)\5th sem\Minor Project\Project Prototype\Brain-Tumor-Minor-Project\dataset\Brain Tumor MRI images\Tumor\glioma (23).jpg,Brain Tumor MRI images/Tumor/glioma (23).jpg,1,Tumor,MRI,ee31f9817f8aaf3cf37450b9a639494e94a6212de2bbde50198886c7b278cd17,1
C:\Users\dondo\OneDrive\Documents\ADBU CSE(AI & ML)\5th sem\Minor Project\Project Prototype\Brain-Tumor-Minor-Project\dataset\Brain Tumor MRI images\Tumor\glioma (230).jpg,Brain Tumor MRI images/Tumor/glioma (230).jpg,1,Tumor,MRI,61e1c02979b95cceb50da1e0513941140798737821840ed8611e1726e4932fe7,1
C:\Users\dondo\OneDrive\Documents\ADBU CSE(AI & ML)\5th sem\Minor Project\Project Prototype\Brain-Tumor-Minor-Project\dataset\Brain Tumor MRI images\Tumor\glioma (232).jpg,Brain Tumor MRI images/Tumor/glioma (232).jpg,1,Tumor,MRI,f49b5e5eb264292c64eda08e4f188a834acbd5e5a82ef79c4cab7b08e98939a5,1
C:\Users\dondo\OneDrive\Documents\ADBU CSE(AI & ML)\5th sem\Minor Project\Project Prototype\Brain-Tumor-Minor-Project\dataset\Brain Tumor MRI images\Tumor\glioma (233).jpg,Brain Tumor MRI images/Tumor/glioma (233).jpg,1,Tumor,MRI,f05398a434bc0b88fd02b549c864b3387b67e0b9d6c8a0ba2c167516b1e11ff2,1
C:\Users\dondo\OneDrive\Documents\ADBU CSE(AI & ML)\5th sem\Minor Project\Project Prototype\Brain-Tumor-Minor-Project\dataset\Brain Tumor MRI images\Tumor\glioma (235).jpg,Brain Tumor MRI images/Tumor/glioma (235).jpg,1,Tumor,MRI,20735db1b8136da3225628f4a366f1fe7ac57dd03341b3ed5779110ad8617a0b,1
C:\Users\dondo\OneDrive\Documents\ADBU CSE(AI & ML)\5th sem\Minor Project\Project Prototype\Brain-Tumor-Minor-Project\dataset\Brain Tumor MRI images\Tumor\glioma (237).jpg,Brain Tumor MRI images/Tumor/glioma (237).jpg,1,Tumor,MRI,c18988b8e0f9a0a1337d7865466146386a1665413a23befd150e503d283a3772,1
C:\Users\dondo\OneDrive\Documents\ADBU CSE(AI & ML)\5th sem\Minor Project\Project Prototype\Brain-Tumor-Minor-Project\dataset\Brain Tumor MRI images\Tumor\glioma (238).jpg,Brain Tumor MRI images/Tumor/glioma (238).jpg,1,Tumor,MRI,3c0ef0af02e129e11c73cffb1649897b25d5144321ac8f33f48451a50333bc2d,1
C:\Users\dondo\OneDrive\Documents\ADBU CSE(AI & ML)\5th sem\Minor Project\Project Prototype\Brain-Tumor-Minor-Project\dataset\Brain Tumor MRI images\Tumor\glioma (239).jpg,Brain Tumor MRI images/Tumor/glioma (239).jpg,1,Tumor,MRI,69661bc3cb566e6083757fd6d4331d250a3882184f310335b55b4b6c46cf83b5,1
C:\Users\dondo\OneDrive\Documents\ADBU CSE(AI & ML)\5th sem\Minor Project\Project Prototype\Brain-Tumor-Minor-Project\dataset\Brain Tumor MRI images\Tumor\glioma (242).jpg,Brain Tumor MRI images/Tumor/glioma (242).jpg,1,Tumor,MRI,6964d996e2d23e78ba5f390d24f7584a85555875cfba1d702e094ddde795c0b5,1
C:\Users\dondo\OneDrive\Documents\ADBU CSE(AI & ML)\5th sem\Minor Project\Project Prototype\Brain-Tumor-Minor-Project\dataset\Brain Tumor MRI images\Tumor\glioma (243).jpg,Brain Tumor MRI images/Tumor/glioma (243).jpg,1,Tumor,MRI,d634e1faaf49360bd5bb0906c5869000ac155df7c3cf5d1ebfeadd0d866c8701,1
C:\Users\dondo\OneDrive\Documents\ADBU CSE(AI & ML)\5th sem\Minor Project\Project Prototype\Brain-Tumor-Minor-Project\dataset\Brain Tumor MRI images\Tumor\glioma (245).jpg,Brain Tumor MRI images/Tumor/glioma (245).jpg,1,Tumor,MRI,ccfc86d72978164669d22313eb5d3875c0c5e988f00394a2ad3459be6d725910,1
C:\Users\dondo\OneDrive\Documents\ADBU CSE(AI & ML)\5th sem\Minor Project\Project Prototype\Brain-Tumor-Minor-Project\dataset\Brain Tumor MRI images\Tumor\glioma (246).jpg,Brain Tumor MRI images/Tumor/glioma (246).jpg,1,Tumor,MRI,7f7b4ca09e7eedbdc619f9681f8679123a2c9c33ffc01c3614bca888015d8cff,1
C:\Users\dondo\OneDrive\Documents\ADBU CSE(AI & ML)\5th sem\Minor Project\Project Prototype\Brain-Tumor-Minor-Project\dataset\Brain Tumor MRI images\Tumor\glioma (247).jpg,Brain Tumor MRI images/Tumor/glioma (247).jpg,1,Tumor,MRI,b720ae25c44726a83a06bfcf7aa0bf3c190ff71f06c9951dc1fa19f8a207e21d,1
C:\Users\dondo\OneDrive\Documents\ADBU CSE(AI & ML)\5th sem\Minor Project\Project Prototype\Brain-Tumor-Minor-Project\dataset\Brain Tumor MRI images\Tumor\glioma (248).jpg,Brain Tumor MRI images/Tumor/glioma (248).jpg,1,Tumor,MRI,d0ddb69c0f81a27f9dec88a90d3e2154a1aad5884782f34e6cff1d3bb0aba327,1
C:\Users\dondo\OneDrive\Documents\ADBU CSE(AI & ML)\5th sem\Minor Project\Project Prototype\Brain-Tumor-Minor-Project\dataset\Brain Tumor MRI images\Tumor\glioma (249).jpg,Brain Tumor MRI images/Tumor/glioma (249).jpg,1,Tumor,MRI,4ce4093530440dedfa0c0ca1ad3cd2fe86cc031ae7b936bbb71da047ab43b389,1
C:\Users\dondo\OneDrive\Documents\ADBU CSE(AI & ML)\5th sem\Minor Project\Project Prototype\Brain-Tumor-Minor-Project\dataset\Brain Tumor MRI images\Tumor\glioma (25).jpg,Brain Tumor MRI images/Tumor/glioma (25).jpg,1,Tumor,MRI,6e747673d05c192c3b5c12541eb59acc20108ae124ce5a8fd0e7b13b97ace011,1
C:\Users\dondo\OneDrive\Documents\ADBU CSE(AI & ML)\5th sem\Minor Project\Project Prototype\Brain-Tumor-Minor-Project\dataset\Brain Tumor MRI images\Tumor\glioma (250).jpg,Brain Tumor MRI images/Tumor/glioma (250).jpg,1,Tumor,MRI,a0a21f7f93750b8ef95139bff8a1724fd0df7616975710730ff38beab72db93e,1
C:\Users\dondo\OneDrive\Documents\ADBU CSE(AI & ML)\5th sem\Minor Project\Project Prototype\Brain-Tumor-Minor-Project\dataset\Brain Tumor MRI images\Tumor\glioma (252).jpg,Brain Tumor MRI images/Tumor/glioma (252).jpg,1,Tumor,MRI,5948fc9e093dbbe4f745419342996ca80e59c5cd106f653af1c92524cb1580b4,1
C:\Users\dondo\OneDrive\Documents\ADBU CSE(AI & ML)\5th sem\Minor Project\Project Prototype\Brain-Tumor-Minor-Project\dataset\Brain Tumor MRI images\Tumor\glioma (253).jpg,Brain Tumor MRI images/Tumor/glioma (253).jpg,1,Tumor,MRI,aab5349c975f7e784a88f3c9ba5fe1621cd2ed314f5e086d0b3452c60a6a51e6,1
C:\Users\dondo\OneDrive\Documents\ADBU CSE(AI & ML)\5th sem\Minor Project\Project Prototype\Brain-Tumor-Minor-Project\dataset\Brain Tumor MRI images\Tumor\glioma (254).jpg,Brain Tumor MRI images/Tumor/glioma (254).jpg,1,Tumor,MRI,c9451e0fae0936ae5f7d3a5bd0001c9cccfe74e23eb41bc7d0ef68d52b6c8785,1
C:\Users\dondo\OneDrive\Documents\ADBU CSE(AI & ML)\5th sem\Minor Project\Project Prototype\Brain-Tumor-Minor-Project\dataset\Brain Tumor MRI images\Tumor\glioma (255).jpg,Brain Tumor MRI images/Tumor/glioma (255).jpg,1,Tumor,MRI,f84e4e164e822c069b48808723f12a76fa2b18e1c00b893d63427c98a9a9dfba,1
C:\Users\dondo\OneDrive\Documents\ADBU CSE(AI & ML)\5th sem\Minor Project\Project Prototype\Brain-Tumor-Minor-Project\dataset\Brain Tumor MRI images\Tumor\glioma (257).jpg,Brain Tumor MRI images/Tumor/glioma (257).jpg,1,Tumor,MRI,68f80b18b03c8e6732fe1e65ee19a25d6312a12566fe726c182ff316793c60de,1
C:\Users\dondo\OneDrive\Documents\ADBU CSE(AI & ML)\5th sem\Minor Project\Project Prototype\Brain-Tumor-Minor-Project\dataset\Brain Tumor MRI images\Tumor\glioma (26).jpg,Brain Tumor MRI images/Tumor/glioma (26).jpg,1,Tumor,MRI,f3d035b6686e74f83993afd9c754aeb40e76d02c784b32873cce2db8529ddf3f,1
C:\Users\dondo\OneDrive\Documents\ADBU CSE(AI & ML)\5th sem\Minor Project\Project Prototype\Brain-Tumor-Minor-Project\dataset\Brain Tumor MRI images\Tumor\glioma (261).jpg,Brain Tumor MRI images/Tumor/glioma (261).jpg,1,Tumor,MRI,c302ca92be9f823b72f5164fb9d61d72bb80f1e2b9cc223e233f1883fb804f76,1
C:\Users\dondo\OneDrive\Documents\ADBU CSE(AI & ML)\5th sem\Minor Project\Project Prototype\Brain-Tumor-Minor-Project\dataset\Brain Tumor MRI images\Tumor\glioma (263).jpg,Brain Tumor MRI images/Tumor/glioma (263).jpg,1,Tumor,MRI,2231ff07280b99524b8c3e02b60fefd9739573708743930f863da35ad6d55181,1
C:\Users\dondo\OneDrive\Documents\ADBU CSE(AI & ML)\5th sem\Minor Project\Project Prototype\Brain-Tumor-Minor-Project\dataset\Brain Tumor MRI images\Tumor\glioma (264).jpg,Brain Tumor MRI images/Tumor/glioma (264).jpg,1,Tumor,MRI,c428bd170f10992ea5eac01a3206575ffdba5b208a894fdbe338fe99f91d5894,1
C:\Users\dondo\OneDrive\Documents\ADBU CSE(AI & ML)\5th sem\Minor Project\Project Prototype\Brain-Tumor-Minor-Project\dataset\Brain Tumor MRI images\Tumor\glioma (265).jpg,Brain Tumor MRI images/Tumor/glioma (265).jpg,1,Tumor,MRI,196cb4d8aac3b4f249e1f8eb9ad5af9983a20b728af6db9f40189445f33b488a,1
C:\Users\dondo\OneDrive\Documents\ADBU CSE(AI & ML)\5th sem\Minor Project\Project Prototype\Brain-Tumor-Minor-Project\dataset\Brain Tumor MRI images\Tumor\glioma (266).jpg,Brain Tumor MRI images/Tumor/glioma (266).jpg,1,Tumor,MRI,d42ee0d7eb4dec0417e2a269825cf906ef89ea06bc5fd7d4ca4e8078f1dbe2ca,1
C:\Users\dondo\OneDrive\Documents\ADBU CSE(AI & ML)\5th sem\Minor Project\Project Prototype\Brain-Tumor-Minor-Project\dataset\Brain Tumor MRI images\Tumor\glioma (267).jpg,Brain Tumor MRI images/Tumor/glioma (267).jpg,1,Tumor,MRI,07e6149351ddf6c4f7381f51bb026695dee7fb4c38c824a2fd818b78185d0147,1
C:\Users\dondo\OneDrive\Documents\ADBU CSE(AI & ML)\5th sem\Minor Project\Project Prototype\Brain-Tumor-Minor-Project\dataset\Brain Tumor MRI images\Tumor\glioma (269).jpg,Brain Tumor MRI images/Tumor/glioma (269).jpg,1,Tumor,MRI,8c51eec66f58a279be4f811f5e1185e5e548040c4f81e7e7ebac200ab1eee250,1
C:\Users\dondo\OneDrive\Documents\ADBU CSE(AI & ML)\5th sem\Minor Project\Project Prototype\Brain-Tumor-Minor-Project\dataset\Brain Tumor MRI images\Tumor\glioma (27).jpg,Brain Tumor MRI images/Tumor/glioma (27).jpg,1,Tumor,MRI,cc6bc9b8084b0767903026bda90f18ccc307fc4f694bbe70ea61adf55590f4e4,1
C:\Users\dondo\OneDrive\Documents\ADBU CSE(AI & ML)\5th sem\Minor Project\Project Prototype\Brain-Tumor-Minor-Project\dataset\Brain Tumor MRI images\Tumor\glioma (270).jpg,Brain Tumor MRI images/Tumor/glioma (270).jpg,1,Tumor,MRI,dff82b1630b659b874ac2ad46c8b628077b3d0ad9d201417967b3b0a0123cf32,1
C:\Users\dondo\OneDrive\Documents\ADBU CSE(AI & ML)\5th sem\Minor Project\Project Prototype\Brain-Tumor-Minor-Project\dataset\Brain Tumor MRI images\Tumor\glioma (271).jpg,Brain Tumor MRI images/Tumor/glioma (271).jpg,1,Tumor,MRI,a0d5a374d5941f90b6c0c512299a965ecfd6a36c8ad04c0b55dc3a72be8e18a3,1
C:\Users\dondo\OneDrive\Documents\ADBU CSE(AI & ML)\5th sem\Minor Project\Project Prototype\Brain-Tumor-Minor-Project\dataset\Brain Tumor MRI images\Tumor\glioma (272).jpg,Brain Tumor MRI images/Tumor/glioma (272).jpg,1,Tumor,MRI,35dc3fece6808c74d7dbde6ffdb733e30580cbe70288481af856520f946a4868,1
C:\Users\dondo\OneDrive\Documents\ADBU CSE(AI & ML)\5th sem\Minor Project\Project Prototype\Brain-Tumor-Minor-Project\dataset\Brain Tumor MRI images\Tumor\glioma (273).jpg,Brain Tumor MRI images/Tumor/glioma (273).jpg,1,Tumor,MRI,6e4acb8cd59b01df16f18f62ae25869c1062860273cd2a2114d62b5300987d1c,1
C:\Users\dondo\OneDrive\Documents\ADBU CSE(AI & ML)\5th sem\Minor Project\Project Prototype\Brain-Tumor-Minor-Project\dataset\Brain Tumor MRI images\Tumor\glioma (274).jpg,Brain Tumor MRI images/Tumor/glioma (274).jpg,1,Tumor,MRI,6342f0b0c92a3f0cd5ab56d3b6308f48005617ec9559ba1d1b0fa66d248fb061,1
C:\Users\dondo\OneDrive\Documents\ADBU CSE(AI & ML)\5th sem\Minor Project\Project Prototype\Brain-Tumor-Minor-Project\dataset\Brain Tumor MRI images\Tumor\glioma (275).jpg,Brain Tumor MRI images/Tumor/glioma (275).jpg,1,Tumor,MRI,89930c1ffdfe93989dfd42a43bf559e4395b1186a2fba478b9c10651c7d09ac7,1
C:\Users\dondo\OneDrive\Documents\ADBU CSE(AI & ML)\5th sem\Minor Project\Project Prototype\Brain-Tumor-Minor-Project\dataset\Brain Tumor MRI images\Tumor\glioma (277).jpg,Brain Tumor MRI images/Tumor/glioma (277).jpg,1,Tumor,MRI,9b631d727657b2953333cbe84231a1e3a69da03d8c79c1969201411cc92cd826,1
C:\Users\dondo\OneDrive\Documents\ADBU CSE(AI & ML)\5th sem\Minor Project\Project Prototype\Brain-Tumor-Minor-Project\dataset\Brain Tumor MRI images\Tumor\glioma (278).jpg,Brain Tumor MRI images/Tumor/glioma (278).jpg,1,Tumor,MRI,c81b9f535bf94ee71288af7eada08107218aac3b64003c2bc5df07e2e473f55c,1
C:\Users\dondo\OneDrive\Documents\ADBU CSE(AI & ML)\5th sem\Minor Project\Project Prototype\Brain-Tumor-Minor-Project\dataset\Brain Tumor MRI images\Tumor\glioma (279).jpg,Brain Tumor MRI images/Tumor/glioma (279).jpg,1,Tumor,MRI,d8ce52b3a8015945f09c9230b7fd50667935d047c6a0033aab27c54932927afa,1
C:\Users\dondo\OneDrive\Documents\ADBU CSE(AI & ML)\5th sem\Minor Project\Project Prototype\Brain-Tumor-Minor-Project\dataset\Brain Tumor MRI images\Tumor\glioma (28).jpg,Brain Tumor MRI images/Tumor/glioma (28).jpg,1,Tumor,MRI,1fa6738592e0b0dd3090edfd7f116044d4c87caa7d32895eb1f117270b88cf5e,1
C:\Users\dondo\OneDrive\Documents\ADBU CSE(AI & ML)\5th sem\Minor Project\Project Prototype\Brain-Tumor-Minor-Project\dataset\Brain Tumor MRI images\Tumor\glioma (280).jpg,Brain Tumor MRI images/Tumor/glioma (280).jpg,1,Tumor,MRI,2dbefc1ff634259832701fbfc08470ed87c304e7057c030841d7829a4bb7ee8f,1
C:\Users\dondo\OneDrive\Documents\ADBU CSE(AI & ML)\5th sem\Minor Project\Project Prototype\Brain-Tumor-Minor-Project\dataset\Brain Tumor MRI images\Tumor\glioma (281).jpg,Brain Tumor MRI images/Tumor/glioma (281).jpg,1,Tumor,MRI,db19e491db4a4cbaf5b1ebd3798122a5d657be3b72f5df20d5f36824651c7829,1
C:\Users\dondo\OneDrive\Documents\ADBU CSE(AI & ML)\5th sem\Minor Project\Project Prototype\Brain-Tumor-Minor-Project\dataset\Brain Tumor MRI images\Tumor\glioma (282).jpg,Brain Tumor MRI images/Tumor/glioma (282).jpg,1,Tumor,MRI,984312978af7be966d310a769892b7e44bac0254714c31bb6b5ffb4690539691,1
C:\Users\dondo\OneDrive\Documents\ADBU CSE(AI & ML)\5th sem\Minor Project\Project Prototype\Brain-Tumor-Minor-Project\dataset\Brain Tumor MRI images\Tumor\glioma (284).jpg,Brain Tumor MRI images/Tumor/glioma (284).jpg,1,Tumor,MRI,6f29c4cca265ca0bc1703d3839b50394054eb724bd8847d0d24e11a81bc5cd4a,1
C:\Users\dondo\OneDrive\Documents\ADBU CSE(AI & ML)\5th sem\Minor Project\Project Prototype\Brain-Tumor-Minor-Project\dataset\Brain Tumor MRI images\Tumor\glioma (285).jpg,Brain Tumor MRI images/Tumor/glioma (285).jpg,1,Tumor,MRI,03c1437e1261fd478be85540df8e3327aa459e9729dc63f7282204c2aa10842f,1
C:\Users\dondo\OneDrive\Documents\ADBU CSE(AI & ML)\5th sem\Minor Project\Project Prototype\Brain-Tumor-Minor-Project\dataset\Brain Tumor MRI images\Tumor\glioma (286).jpg,Brain Tumor MRI images/Tumor/glioma (286).jpg,1,Tumor,MRI,17a1947b9a854174ceca7a0403ca3315e957483da46e0a3e94485d0945020aca,1
C:\Users\dondo\OneDrive\Documents\ADBU CSE(AI & ML)\5th sem\Minor Project\Project Prototype\Brain-Tumor-Minor-Project\dataset\Brain Tumor MRI images\Tumor\glioma (287).jpg,Brain Tumor MRI images/Tumor/glioma (287).jpg,1,Tumor,MRI,511b176e686e94fff7bb52c41fa27083cfe937a636c40bf62ff2a52f9cf5fbf9,1
C:\Users\dondo\OneDrive\Documents\ADBU CSE(AI & ML)\5th sem\Minor Project\Project Prototype\Brain-Tumor-Minor-Project\dataset\Brain Tumor MRI images\Tumor\glioma (288).jpg,Brain Tumor MRI images/Tumor/glioma (288).jpg,1,Tumor,MRI,b0d7afa590c16619a62250a40fac9326b1277a71b565488729d2ce731990ce21,1
C:\Users\dondo\OneDrive\Documents\ADBU CSE(AI & ML)\5th sem\Minor Project\Project Prototype\Brain-Tumor-Minor-Project\dataset\Brain Tumor MRI images\Tumor\glioma (29).jpg,Brain Tumor MRI images/Tumor/glioma (29).jpg,1,Tumor,MRI,b9e76856445c4c5ae39276b4cb187f81d44393e7fcd4e55b6297071fd517c329,1
C:\Users\dondo\OneDrive\Documents\ADBU CSE(AI & ML)\5th sem\Minor Project\Project Prototype\Brain-Tumor-Minor-Project\dataset\Brain Tumor MRI images\Tumor\glioma (291).jpg,Brain Tumor MRI images/Tumor/glioma (291).jpg,1,Tumor,MRI,3fff7ae0e18a541a68b281f0f788f7c50026ed8f57a760d1cd75746805b971d5,1
C:\Users\dondo\OneDrive\Documents\ADBU CSE(AI & ML)\5th sem\Minor Project\Project Prototype\Brain-Tumor-Minor-Project\dataset\Brain Tumor MRI images\Tumor\glioma (292).jpg,Brain Tumor MRI images/Tumor/glioma (292).jpg,1,Tumor,MRI,cd3f78333c096aa3f91fd0146461570b70de21be66c0481b665a1e700c91ef14,1
C:\Users\dondo\OneDrive\Documents\ADBU CSE(AI & ML)\5th sem\Minor Project\Project Prototype\Brain-Tumor-Minor-Project\dataset\Brain Tumor MRI images\Tumor\glioma (295).jpg,Brain Tumor MRI images/Tumor/glioma (295).jpg,1,Tumor,MRI,080d7eb0e22e08bdf2799f1eaab10e46ebdf8b22e0d6f1a746163d7a122facb6,1
C:\Users\dondo\OneDrive\Documents\ADBU CSE(AI & ML)\5th sem\Minor Project\Project Prototype\Brain-Tumor-Minor-Project\dataset\Brain Tumor MRI images\Tumor\glioma (297).jpg,Brain Tumor MRI images/Tumor/glioma (297).jpg,1,Tumor,MRI,88a1713e209c5ca80932ac59e11181a28154153def4c350dd97ad4b2b4f1270d,1
C:\Users\dondo\OneDrive\Documents\ADBU CSE(AI & ML)\5th sem\Minor Project\Project Prototype\Brain-Tumor-Minor-Project\dataset\Brain Tumor MRI images\Tumor\glioma (298).jpg,Brain Tumor MRI images/Tumor/glioma (298).jpg,1,Tumor,MRI,6af2cb62bbff3d86b94f8a33b2967d554176052881d5c9534a0ee32a8c3cc2b8,1
C:\Users\dondo\OneDrive\Documents\ADBU CSE(AI & ML)\5th sem\Minor Project\Project Prototype\Brain-Tumor-Minor-Project\dataset\Brain Tumor MRI images\Tumor\glioma (299).jpg,Brain Tumor MRI images/Tumor/glioma (299).jpg,1,Tumor,MRI,829eb76c408f80506ffbe847ef975827e79e915d230ad4516d68b6a1d413f69d,1
C:\Users\dondo\OneDrive\Documents\ADBU CSE(AI & ML)\5th sem\Minor Project\Project Prototype\Brain-Tumor-Minor-Project\dataset\Brain Tumor MRI images\Tumor\glioma (30).jpg,Brain Tumor MRI images/Tumor/glioma (30).jpg,1,Tumor,MRI,285a4168eea7f0b8676355b86a5d87189ccc02c67fa8e01d2210f845bdf7e9ca,1
C:\Users\dondo\OneDrive\Documents\ADBU CSE(AI & ML)\5th sem\Minor Project\Project Prototype\Brain-Tumor-Minor-Project\dataset\Brain Tumor MRI images\Tumor\glioma (301).jpg,Brain Tumor MRI images/Tumor/glioma (301).jpg,1,Tumor,MRI,cc34299b7adf684f9e1c50666506adc44c061c002c0723880b8afac2fb4408bb,1
C:\Users\dondo\OneDrive\Documents\ADBU CSE(AI & ML)\5th sem\Minor Project\Project Prototype\Brain-Tumor-Minor-Project\dataset\Brain Tumor MRI images\Tumor\glioma (302).jpg,Brain Tumor MRI images/Tumor/glioma (302).jpg,1,Tumor,MRI,c1bb2939ef83b6d54868e825b6be96b16c251ab67a662d58f25d1188dea38883,1
C:\Users\dondo\OneDrive\Documents\ADBU CSE(AI & ML)\5th sem\Minor Project\Project Prototype\Brain-Tumor-Minor-Project\dataset\Brain Tumor MRI images\Tumor\glioma (303).jpg,Brain Tumor MRI images/Tumor/glioma (303).jpg,1,Tumor,MRI,6e342de2a7d5c96d2d511e903866e70a7e5a88ba4bccdea9f1ecbab90be1c789,1
C:\Users\dondo\OneDrive\Documents\ADBU CSE(AI & ML)\5th sem\Minor Project\Project Prototype\Brain-Tumor-Minor-Project\dataset\Brain Tumor MRI images\Tumor\glioma (304).jpg,Brain Tumor MRI images/Tumor/glioma (304).jpg,1,Tumor,MRI,64bfed4dc54ffce598d40cf2810ea2b6ef30ecb8e562a06eb1fa75341d1d2270,1
C:\Users\dondo\OneDrive\Documents\ADBU CSE(AI & ML)\5th sem\Minor Project\Project Prototype\Brain-Tumor-Minor-Project\dataset\Brain Tumor MRI images\Tumor\glioma (305).jpg,Brain Tumor MRI images/Tumor/glioma (305).jpg,1,Tumor,MRI,b976e5e0b91bedccf45516de631595b873f03b3012f2fc0327c8f8c3dda17595,1
C:\Users\dondo\OneDrive\Documents\ADBU CSE(AI & ML)\5th sem\Minor Project\Project Prototype\Brain-Tumor-Minor-Project\dataset\Brain Tumor MRI images\Tumor\glioma (306).jpg,Brain Tumor MRI images/Tumor/glioma (306).jpg,1,Tumor,MRI,4449fdb2b566c13f7fb762163680e4b549fbc00e4b4a165818bb766564802879,1
C:\Users\dondo\OneDrive\Documents\ADBU CSE(AI & ML)\5th sem\Minor Project\Project Prototype\Brain-Tumor-Minor-Project\dataset\Brain Tumor MRI images\Tumor\glioma (307).jpg,Brain Tumor MRI images/Tumor/glioma (307).jpg,1,Tumor,MRI,0cb0ce3a2c2233ba6a4619ae0654db51675bdf7d8d8f342700ab939a6975f2f6,1
C:\Users\dondo\OneDrive\Documents\ADBU CSE(AI & ML)\5th sem\Minor Project\Project Prototype\Brain-Tumor-Minor-Project\dataset\Brain Tumor MRI images\Tumor\glioma (308).jpg,Brain Tumor MRI images/Tumor/glioma (308).jpg,1,Tumor,MRI,a45f68224f4a1f5b7deecc973118b002e00fda7fbcfbd76965cc326814cdccc0,1
C:\Users\dondo\OneDrive\Documents\ADBU CSE(AI & ML)\5th sem\Minor Project\Project Prototype\Brain-Tumor-Minor-Project\dataset\Brain Tumor MRI images\Tumor\glioma (309).jpg,Brain Tumor MRI images/Tumor/glioma (309).jpg,1,Tumor,MRI,e4c426fb45ee0bdf60fc5e0f8099125aa13c37f59cf6d667f8543246fed4852f,1
C:\Users\dondo\OneDrive\Documents\ADBU CSE(AI & ML)\5th sem\Minor Project\Project Prototype\Brain-Tumor-Minor-Project\dataset\Brain Tumor MRI images\Tumor\glioma (31).jpg,Brain Tumor MRI images/Tumor/glioma (31).jpg,1,Tumor,MRI,3417190e3b3eacca60251006ff93861a04a77ad7d01b736164e13acf755dc186,1
C:\Users\dondo\OneDrive\Documents\ADBU CSE(AI & ML)\5th sem\Minor Project\Project Prototype\Brain-Tumor-Minor-Project\dataset\Brain Tumor MRI images\Tumor\glioma (310).jpg,Brain Tumor MRI images/Tumor/glioma (310).jpg,1,Tumor,MRI,159bede6237f3bf45cde5c38d28ad89c42b0221b54400e116b2a22fcee8db31b,1
C:\Users\dondo\OneDrive\Documents\ADBU CSE(AI & ML)\5th sem\Minor Project\Project Prototype\Brain-Tumor-Minor-Project\dataset\Brain Tumor MRI images\Tumor\glioma (311).jpg,Brain Tumor MRI images/Tumor/glioma (311).jpg,1,Tumor,MRI,82ed7f39c05736411a628d9fb4b65ab38a8afce498756ed827aa846ef93c85ec,1
C:\Users\dondo\OneDrive\Documents\ADBU CSE(AI & ML)\5th sem\Minor Project\Project Prototype\Brain-Tumor-Minor-Project\dataset\Brain Tumor MRI images\Tumor\glioma (312).jpg,Brain Tumor MRI images/Tumor/glioma (312).jpg,1,Tumor,MRI,1c3158a225967fd34dbdd84389117a2dcc006047da3032dc0b0544626165cad2,1
C:\Users\dondo\OneDrive\Documents\ADBU CSE(AI & ML)\5th sem\Minor Project\Project Prototype\Brain-Tumor-Minor-Project\dataset\Brain Tumor MRI images\Tumor\glioma (314).jpg,Brain Tumor MRI images/Tumor/glioma (314).jpg,1,Tumor,MRI,1e755f2853e24d243a122d0a4334d1954b20f7f76be18804447a0e030a85c5b7,1
C:\Users\dondo\OneDrive\Documents\ADBU CSE(AI & ML)\5th sem\Minor Project\Project Prototype\Brain-Tumor-Minor-Project\dataset\Brain Tumor MRI images\Tumor\glioma (315).jpg,Brain Tumor MRI images/Tumor/glioma (315).jpg,1,Tumor,MRI,c4076d228e5e8f9ed3c7b7a03d7341f815563e621ad474661f2e239e183cd386,1
C:\Users\dondo\OneDrive\Documents\ADBU CSE(AI & ML)\5th sem\Minor Project\Project Prototype\Brain-Tumor-Minor-Project\dataset\Brain Tumor MRI images\Tumor\glioma (317).jpg,Brain Tumor MRI images/Tumor/glioma (317).jpg,1,Tumor,MRI,ad5f4a081103d2488e74d385619a50cf86aaa0c63e71f9d7ddb8cb618de40e0f,1
C:\Users\dondo\OneDrive\Documents\ADBU CSE(AI & ML)\5th sem\Minor Project\Project Prototype\Brain-Tumor-Minor-Project\dataset\Brain Tumor MRI images\Tumor\glioma (318).jpg,Brain Tumor MRI images/Tumor/glioma (318).jpg,1,Tumor,MRI,1b983012dd6b4f9ff41bb9ce4dd1b8d19958a96c4140033f14c0c9271ddb3acf,1
C:\Users\dondo\OneDrive\Documents\ADBU CSE(AI & ML)\5th sem\Minor Project\Project Prototype\Brain-Tumor-Minor-Project\dataset\Brain Tumor MRI images\Tumor\glioma (319).jpg,Brain Tumor MRI images/Tumor/glioma (319).jpg,1,Tumor,MRI,d59dce38b7e11d6c8e4d5e8d2afa7e11e624a247ad84238f0cf4ab54ad6e5734,1
C:\Users\dondo\OneDrive\Documents\ADBU CSE(AI & ML)\5th sem\Minor Project\Project Prototype\Brain-Tumor-Minor-Project\dataset\Brain Tumor MRI images\Tumor\glioma (32).jpg,Brain Tumor MRI images/Tumor/glioma (32).jpg,1,Tumor,MRI,5aface46d3bc28296f09374fbb7d5f66cd79d8a6fe96ab91ebac1eb6bdc317e5,1
C:\Users\dondo\OneDrive\Documents\ADBU CSE(AI & ML)\5th sem\Minor Project\Project Prototype\Brain-Tumor-Minor-Project\dataset\Brain Tumor MRI images\Tumor\glioma (320).jpg,Brain Tumor MRI images/Tumor/glioma (320).jpg,1,Tumor,MRI,d207f02966ce170739b349d1c0e6f1205d3d7e8bbcaec466b6dfe483e38b93ca,1
C:\Users\dondo\OneDrive\Documents\ADBU CSE(AI & ML)\5th sem\Minor Project\Project Prototype\Brain-Tumor-Minor-Project\dataset\Brain Tumor MRI images\Tumor\glioma (321).jpg,Brain Tumor MRI images/Tumor/glioma (321).jpg,1,Tumor,MRI,d3b7d01c6882810ba2c4fd0abcc4ed06feedbda8e2a95b0f250556770fc7de99,1
C:\Users\dondo\OneDrive\Documents\ADBU CSE(AI & ML)\5th sem\Minor Project\Project Prototype\Brain-Tumor-Minor-Project\dataset\Brain Tumor MRI images\Tumor\glioma (324).jpg,Brain Tumor MRI images/Tumor/glioma (324).jpg,1,Tumor,MRI,7fc7e45632a3d2c9c4438115d59db68e521c5b384e3e6ba42ee81fb3d8a15ece,1
C:\Users\dondo\OneDrive\Documents\ADBU CSE(AI & ML)\5th sem\Minor Project\Project Prototype\Brain-Tumor-Minor-Project\dataset\Brain Tumor MRI images\Tumor\glioma (325).jpg,Brain Tumor MRI images/Tumor/glioma (325).jpg,1,Tumor,MRI,a5b2696d023ac243ff80e54f75cc206e18bdb101ead0eea00805e52adbf9cf99,1
C:\Users\dondo\OneDrive\Documents\ADBU CSE(AI & ML)\5th sem\Minor Project\Project Prototype\Brain-Tumor-Minor-Project\dataset\Brain Tumor MRI images\Tumor\glioma (326).jpg,Brain Tumor MRI images/Tumor/glioma (326).jpg,1,Tumor,MRI,00eac67974f6b5ef2a61fb165f160cc936a317a94d309f53c2ee15c2ad3aefd7,1
C:\Users\dondo\OneDrive\Documents\ADBU CSE(AI & ML)\5th sem\Minor Project\Project Prototype\Brain-Tumor-Minor-Project\dataset\Brain Tumor MRI images\Tumor\glioma (329).jpg,Brain Tumor MRI images/Tumor/glioma (329).jpg,1,Tumor,MRI,3473a4a81dda016639791c1ad421361c7f69d685be836c4b8d7d36341b4b23a3,1
C:\Users\dondo\OneDrive\Documents\ADBU CSE(AI & ML)\5th sem\Minor Project\Project Prototype\Brain-Tumor-Minor-Project\dataset\Brain Tumor MRI images\Tumor\glioma (330).jpg,Brain Tumor MRI images/Tumor/glioma (330).jpg,1,Tumor,MRI,3e867a07646d2722294decc995cfecd1a995ab080b3324e776481bf838d7c51d,1
C:\Users\dondo\OneDrive\Documents\ADBU CSE(AI & ML)\5th sem\Minor Project\Project Prototype\Brain-Tumor-Minor-Project\dataset\Brain Tumor MRI images\Tumor\glioma (331).jpg,Brain Tumor MRI images/Tumor/glioma (331).jpg,1,Tumor,MRI,63f04959ded6c17293af5cb557710311a3c92cffed423caf8da76f8919f9c047,1
C:\Users\dondo\OneDrive\Documents\ADBU CSE(AI & ML)\5th sem\Minor Project\Project Prototype\Brain-Tumor-Minor-Project\dataset\Brain Tumor MRI images\Tumor\glioma (334).jpg,Brain Tumor MRI images/Tumor/glioma (334).jpg,1,Tumor,MRI,e03bb9beb9ef17a72513dfa4ed020e6496cd2d0fa86d7d3f61ce5b3557baa7ac,1
C:\Users\dondo\OneDrive\Documents\ADBU CSE(AI & ML)\5th sem\Minor Project\Project Prototype\Brain-Tumor-Minor-Project\dataset\Brain Tumor MRI images\Tumor\glioma (335).jpg,Brain Tumor MRI images/Tumor/glioma (335).jpg,1,Tumor,MRI,ca5c1cf954ab4db6ad2fe5da936d091b58dc0077965fd289d9b26ee4d87130a2,1
C:\Users\dondo\OneDrive\Documents\ADBU CSE(AI & ML)\5th sem\Minor Project\Project Prototype\Brain-Tumor-Minor-Project\dataset\Brain Tumor MRI images\Tumor\glioma (336).jpg,Brain Tumor MRI images/Tumor/glioma (336).jpg,1,Tumor,MRI,9fb8b6759521eb508983474d7257a1baa1b13e732021b64d2b025c20d25006e0,1
C:\Users\dondo\OneDrive\Documents\ADBU CSE(AI & ML)\5th sem\Minor Project\Project Prototype\Brain-Tumor-Minor-Project\dataset\Brain Tumor MRI images\Tumor\glioma (337).jpg,Brain Tumor MRI images/Tumor/glioma (337).jpg,1,Tumor,MRI,c1acaee0aebf287985c5e2250f569d46f9b74159f6f3a36d7c5542d6ab239456,1
C:\Users\dondo\OneDrive\Documents\ADBU CSE(AI & ML)\5th sem\Minor Project\Project Prototype\Brain-Tumor-Minor-Project\dataset\Brain Tumor MRI images\Tumor\glioma (339).jpg,Brain Tumor MRI images/Tumor/glioma (339).jpg,1,Tumor,MRI,4575740d38a5ab47304561fdb3d7992e13a4e6a9a70830127053c131a04fe6a5,1
C:\Users\dondo\OneDrive\Documents\ADBU CSE(AI & ML)\5th sem\Minor Project\Project Prototype\Brain-Tumor-Minor-Project\dataset\Brain Tumor MRI images\Tumor\glioma (34).jpg,Brain Tumor MRI images/Tumor/glioma (34).jpg,1,Tumor,MRI,dcceb199126d57ffd9af34a615beac4c3371fde80c896f787939665a242bcc54,1
C:\Users\dondo\OneDrive\Documents\ADBU CSE(AI & ML)\5th sem\Minor Project\Project Prototype\Brain-Tumor-Minor-Project\dataset\Brain Tumor MRI images\Tumor\glioma (340).jpg,Brain Tumor MRI images/Tumor/glioma (340).jpg,1,Tumor,MRI,63152654225dfcfd406236db6fc064dd8032ead5d91d8610b8d806930d4ac084,1
C:\Users\dondo\OneDrive\Documents\ADBU CSE(AI & ML)\5th sem\Minor Project\Project Prototype\Brain-Tumor-Minor-Project\dataset\Brain Tumor MRI images\Tumor\glioma (341).jpg,Brain Tumor MRI images/Tumor/glioma (341).jpg,1,Tumor,MRI,26b316735b6fb5496da985d15fd4596fa63f80da80274af299a47642503f3332,1
C:\Users\dondo\OneDrive\Documents\ADBU CSE(AI & ML)\5th sem\Minor Project\Project Prototype\Brain-Tumor-Minor-Project\dataset\Brain Tumor MRI images\Tumor\glioma (343).jpg,Brain Tumor MRI images/Tumor/glioma (343).jpg,1,Tumor,MRI,2d977d263cbcd1a4524eb31e8511a72579caceb877a879a1fcb92a88503e6c7a,1
C:\Users\dondo\OneDrive\Documents\ADBU CSE(AI & ML)\5th sem\Minor Project\Project Prototype\Brain-Tumor-Minor-Project\dataset\Brain Tumor MRI images\Tumor\glioma (344).jpg,Brain Tumor MRI images/Tumor/glioma (344).jpg,1,Tumor,MRI,d61a25f1d0f7ed49da4b4d9d40dba8111a0001cd8f19a2df65f4baa47b620587,1
C:\Users\dondo\OneDrive\Documents\ADBU CSE(AI & ML)\5th sem\Minor Project\Project Prototype\Brain-Tumor-Minor-Project\dataset\Brain Tumor MRI images\Tumor\glioma (347).jpg,Brain Tumor MRI images/Tumor/glioma (347).jpg,1,Tumor,MRI,17970d9fcc53da1d63cb0d9490508439e2183d6d3a3dcb68244880fb2cf9c431,1
C:\Users\dondo\OneDrive\Documents\ADBU CSE(AI & ML)\5th sem\Minor Project\Project Prototype\Brain-Tumor-Minor-Project\dataset\Brain Tumor MRI images\Tumor\glioma (349).jpg,Brain Tumor MRI images/Tumor/glioma (349).jpg,1,Tumor,MRI,33ced502c6ddc5c8020eb1ab61e1f0398acd1a1ddea28e4554afe28011b0e593,1
C:\Users\dondo\OneDrive\Documents\ADBU CSE(AI & ML)\5th sem\Minor Project\Project Prototype\Brain-Tumor-Minor-Project\dataset\Brain Tumor MRI images\Tumor\glioma (351).jpg,Brain Tumor MRI images/Tumor/glioma (351).jpg,1,Tumor,MRI,98383fe35dda261d8e288d4556d8e490dcb3dbcbd7e3826309d571efe7429aa9,1
C:\Users\dondo\OneDrive\Documents\ADBU CSE(AI & ML)\5th sem\Minor Project\Project Prototype\Brain-Tumor-Minor-Project\dataset\Brain Tumor MRI images\Tumor\glioma (352).jpg,Brain Tumor MRI images/Tumor/glioma (352).jpg,1,Tumor,MRI,e627cc24107d086713c39df4cbf6536b5c441641532e27a9d10aed341e00575e,1
C:\Users\dondo\OneDrive\Documents\ADBU CSE(AI & ML)\5th sem\Minor Project\Project Prototype\Brain-Tumor-Minor-Project\dataset\Brain Tumor MRI images\Tumor\glioma (353).jpg,Brain Tumor MRI images/Tumor/glioma (353).jpg,1,Tumor,MRI,1c07ee705e2aa0911c7bd0c9da89968513ed9d3f50bd7c51d65117773ebbda45,1
C:\Users\dondo\OneDrive\Documents\ADBU CSE(AI & ML)\5th sem\Minor Project\Project Prototype\Brain-Tumor-Minor-Project\dataset\Brain Tumor MRI images\Tumor\glioma (356).jpg,Brain Tumor MRI images/Tumor/glioma (356).jpg,1,Tumor,MRI,860e19d07cf3258abd748296f591cb984ed7a8594b346a0b0e6ba088c6587e08,1
C:\Users\dondo\OneDrive\Documents\ADBU CSE(AI & ML)\5th sem\Minor Project\Project Prototype\Brain-Tumor-Minor-Project\dataset\Brain Tumor MRI images\Tumor\glioma (357).jpg,Brain Tumor MRI images/Tumor/glioma (357).jpg,1,Tumor,MRI,3dd45aac617a601d1c52cece824c3855822ced3dfa28ea224886b25d1574769a,1
C:\Users\dondo\OneDrive\Documents\ADBU CSE(AI & ML)\5th sem\Minor Project\Project Prototype\Brain-Tumor-Minor-Project\dataset\Brain Tumor MRI images\Tumor\glioma (358).jpg,Brain Tumor MRI images/Tumor/glioma (358).jpg,1,Tumor,MRI,db194f25222cb690065b00034d705682a5f09af26b999b9af56975f55c26ce1d,1
C:\Users\dondo\OneDrive\Documents\ADBU CSE(AI & ML)\5th sem\Minor Project\Project Prototype\Brain-Tumor-Minor-Project\dataset\Brain Tumor MRI images\Tumor\glioma (359).jpg,Brain Tumor MRI images/Tumor/glioma (359).jpg,1,Tumor,MRI,b7183c499d9041aff566f0a1b48e2694f801f59bf6e29677dc3bb70032bd86c1,1
C:\Users\dondo\OneDrive\Documents\ADBU CSE(AI & ML)\5th sem\Minor Project\Project Prototype\Brain-Tumor-Minor-Project\dataset\Brain Tumor MRI images\Tumor\glioma (36).jpg,Brain Tumor MRI images/Tumor/glioma (36).jpg,1,Tumor,MRI,3a5c03a7d16073387c67aacd292086a4a9ba3e8caddb04814f4bc5c35cea11f3,1
C:\Users\dondo\OneDrive\Documents\ADBU CSE(AI & ML)\5th sem\Minor Project\Project Prototype\Brain-Tumor-Minor-Project\dataset\Brain Tumor MRI images\Tumor\glioma (361).jpg,Brain Tumor MRI images/Tumor/glioma (361).jpg,1,Tumor,MRI,66926c630a7dc8ff8578d84411cb715fca8e09c6c03956259997cd32e319c868,1
C:\Users\dondo\OneDrive\Documents\ADBU CSE(AI & ML)\5th sem\Minor Project\Project Prototype\Brain-Tumor-Minor-Project\dataset\Brain Tumor MRI images\Tumor\glioma (362).jpg,Brain Tumor MRI images/Tumor/glioma (362).jpg,1,Tumor,MRI,67160bec36841c4cb65a8dffa9ec05949ef4b73af3ce056d44710ef3bd588111,1
C:\Users\dondo\OneDrive\Documents\ADBU CSE(AI & ML)\5th sem\Minor Project\Project Prototype\Brain-Tumor-Minor-Project\dataset\Brain Tumor MRI images\Tumor\glioma (364).jpg,Brain Tumor MRI images/Tumor/glioma (364).jpg,1,Tumor,MRI,914ec61278cb65ff02c3098dc9d5c2392d17bb845a703fda3a0043d43d918095,1
C:\Users\dondo\OneDrive\Documents\ADBU CSE(AI & ML)\5th sem\Minor Project\Project Prototype\Brain-Tumor-Minor-Project\dataset\Brain Tumor MRI images\Tumor\glioma (365).jpg,Brain Tumor MRI images/Tumor/glioma (365).jpg,1,Tumor,MRI,a1b7a4635643def429540175a187e6c0df08c0a9d4a8ba2f1bd26886220522fa,1
C:\Users\dondo\OneDrive\Documents\ADBU CSE(AI & ML)\5th sem\Minor Project\Project Prototype\Brain-Tumor-Minor-Project\dataset\Brain Tumor MRI images\Tumor\glioma (367).jpg,Brain Tumor MRI images/Tumor/glioma (367).jpg,1,Tumor,MRI,dea43d053a50e6ceca44339dd3913cc00f8fa4a52c809716404968968d2445ec,1
C:\Users\dondo\OneDrive\Documents\ADBU CSE(AI & ML)\5th sem\Minor Project\Project Prototype\Brain-Tumor-Minor-Project\dataset\Brain Tumor MRI images\Tumor\glioma (369).jpg,Brain Tumor MRI images/Tumor/glioma (369).jpg,1,Tumor,MRI,0acdde7b0dc8aa1427647cd430fd0a26793afb8bddddf49ea28b11964ed107e1,1
C:\Users\dondo\OneDrive\Documents\ADBU CSE(AI & ML)\5th sem\Minor Project\Project Prototype\Brain-Tumor-Minor-Project\dataset\Brain Tumor MRI images\Tumor\glioma (37).jpg,Brain Tumor MRI images/Tumor/glioma (37).jpg,1,Tumor,MRI,f31a7afa133b8b72c3e4761c4023635119307dddf4fe91a498988322b5c648f8,1
C:\Users\dondo\OneDrive\Documents\ADBU CSE(AI & ML)\5th sem\Minor Project\Project Prototype\Brain-Tumor-Minor-Project\dataset\Brain Tumor MRI images\Tumor\glioma (371).jpg,Brain Tumor MRI images/Tumor/glioma (371).jpg,1,Tumor,MRI,172d485ba600c0976e152de88f344e417d18c64e829b57147b2380b933b655e6,1
C:\Users\dondo\OneDrive\Documents\ADBU CSE(AI & ML)\5th sem\Minor Project\Project Prototype\Brain-Tumor-Minor-Project\dataset\Brain Tumor MRI images\Tumor\glioma (372).jpg,Brain Tumor MRI images/Tumor/glioma (372).jpg,1,Tumor,MRI,aff390347541621a09421000f0e7dd328ee63c4714ffe268a17c9b53ec53cd93,1
C:\Users\dondo\OneDrive\Documents\ADBU CSE(AI & ML)\5th sem\Minor Project\Project Prototype\Brain-Tumor-Minor-Project\dataset\Brain Tumor MRI images\Tumor\glioma (376).jpg,Brain Tumor MRI images/Tumor/glioma (376).jpg,1,Tumor,MRI,3f297c546d01c58a1e4dd1d679d956d2206458ac9db50625cf1fc4624c24dd5f,1
C:\Users\dondo\OneDrive\Documents\ADBU CSE(AI & ML)\5th sem\Minor Project\Project Prototype\Brain-Tumor-Minor-Project\dataset\Brain Tumor MRI images\Tumor\glioma (377).jpg,Brain Tumor MRI images/Tumor/glioma (377).jpg,1,Tumor,MRI,e2895f3e1000d9d12036a4f1756b2e1334590107c2c532d4155411c701eeb223,1
C:\Users\dondo\OneDrive\Documents\ADBU CSE(AI & ML)\5th sem\Minor Project\Project Prototype\Brain-Tumor-Minor-Project\dataset\Brain Tumor MRI images\Tumor\glioma (378).jpg,Brain Tumor MRI images/Tumor/glioma (378).jpg,1,Tumor,MRI,64254cfac9ea42e5ab389b5093c9a3075433711297b93baf1096d94bf325aab7,1
C:\Users\dondo\OneDrive\Documents\ADBU CSE(AI & ML)\5th sem\Minor Project\Project Prototype\Brain-Tumor-Minor-Project\dataset\Brain Tumor MRI images\Tumor\glioma (379).jpg,Brain Tumor MRI images/Tumor/glioma (379).jpg,1,Tumor,MRI,21bb83c39e31b8d9ab288bb3386385a6725d8b62fe3c1a657b6ff9e71c58f492,1
C:\Users\dondo\OneDrive\Documents\ADBU CSE(AI & ML)\5th sem\Minor Project\Project Prototype\Brain-Tumor-Minor-Project\dataset\Brain Tumor MRI images\Tumor\glioma (380).jpg,Brain Tumor MRI images/Tumor/glioma (380).jpg,1,Tumor,MRI,c620eb3089c8ed4385ae636576bb5febe99f310b0c19165b233d23e3b275065a,1
C:\Users\dondo\OneDrive\Documents\ADBU CSE(AI & ML)\5th sem\Minor Project\Project Prototype\Brain-Tumor-Minor-Project\dataset\Brain Tumor MRI images\Tumor\glioma (381).jpg,Brain Tumor MRI images/Tumor/glioma (381).jpg,1,Tumor,MRI,33093f7bdf8b2a837d620abe9a21e9508b5df1389f311388d26cee2b518459dd,1
C:\Users\dondo\OneDrive\Documents\ADBU CSE(AI & ML)\5th sem\Minor Project\Project Prototype\Brain-Tumor-Minor-Project\dataset\Brain Tumor MRI images\Tumor\glioma (382).jpg,Brain Tumor MRI images/Tumor/glioma (382).jpg,1,Tumor,MRI,83e2a0ba3078576b28b2d89be222521b776e48fe0549cd6ea47a5716235e8bad,1
C:\Users\dondo\OneDrive\Documents\ADBU CSE(AI & ML)\5th sem\Minor Project\Project Prototype\Brain-Tumor-Minor-Project\dataset\Brain Tumor MRI images\Tumor\glioma (383).jpg,Brain Tumor MRI images/Tumor/glioma (383).jpg,1,Tumor,MRI,77c0d9d3c221c4da21fd20352aaf6dc952e2cee0ac77840c9f35145023010cc3,1
C:\Users\dondo\OneDrive\Documents\ADBU CSE(AI & ML)\5th sem\Minor Project\Project Prototype\Brain-Tumor-Minor-Project\dataset\Brain Tumor MRI images\Tumor\glioma (384).jpg,Brain Tumor MRI images/Tumor/glioma (384).jpg,1,Tumor,MRI,177703855b08c04d9c989c5ea0daadbc8c7c2678784a415012ba6e5c24ae4c5c,1
C:\Users\dondo\OneDrive\Documents\ADBU CSE(AI & ML)\5th sem\Minor Project\Project Prototype\Brain-Tumor-Minor-Project\dataset\Brain Tumor MRI images\Tumor\glioma (385).jpg,Brain Tumor MRI images/Tumor/glioma (385).jpg,1,Tumor,MRI,9086faba17f7caa09548fda5a90b54b620d2866948bfe82a192c31bf5dec3aaa,1
C:\Users\dondo\OneDrive\Documents\ADBU CSE(AI & ML)\5th sem\Minor Project\Project Prototype\Brain-Tumor-Minor-Project\dataset\Brain Tumor MRI images\Tumor\glioma (386).jpg,Brain Tumor MRI images/Tumor/glioma (386).jpg,1,Tumor,MRI,4f2669466e6506b43aa4287b37840e693c7f3060b6ee05867469170368627aef,1
C:\Users\dondo\OneDrive\Documents\ADBU CSE(AI & ML)\5th sem\Minor Project\Project Prototype\Brain-Tumor-Minor-Project\dataset\Brain Tumor MRI images\Tumor\glioma (387).jpg,Brain Tumor MRI images/Tumor/glioma (387).jpg,1,Tumor,MRI,e52b8e22d23188b73d144191e60a1a244ec9e873cbaa885cea45a6951f6f0163,1
C:\Users\dondo\OneDrive\Documents\ADBU CSE(AI & ML)\5th sem\Minor Project\Project Prototype\Brain-Tumor-Minor-Project\dataset\Brain Tumor MRI images\Tumor\glioma (388).jpg,Brain Tumor MRI images/Tumor/glioma (388).jpg,1,Tumor,MRI,75fa13d95e69afc8492aa19374c8847d70c35aba0c9b9fb50319529d6c9df76f,1
C:\Users\dondo\OneDrive\Documents\ADBU CSE(AI & ML)\5th sem\Minor Project\Project Prototype\Brain-Tumor-Minor-Project\dataset\Brain Tumor MRI images\Tumor\glioma (389).jpg,Brain Tumor MRI images/Tumor/glioma (389).jpg,1,Tumor,MRI,4401e1c93d6a33716165e90b33cb5f2ccf162a03b73674d9060d0e746ac628e6,1
C:\Users\dondo\OneDrive\Documents\ADBU CSE(AI & ML)\5th sem\Minor Project\Project Prototype\Brain-Tumor-Minor-Project\dataset\Brain Tumor MRI images\Tumor\glioma (390).jpg,Brain Tumor MRI images/Tumor/glioma (390).jpg,1,Tumor,MRI,1052e7e47dc865110af5f2c9cde38174ce003f32a724d1db9298c9920c027062,1
C:\Users\dondo\OneDrive\Documents\ADBU CSE(AI & ML)\5th sem\Minor Project\Project Prototype\Brain-Tumor-Minor-Project\dataset\Brain Tumor MRI images\Tumor\glioma (391).jpg,Brain Tumor MRI images/Tumor/glioma (391).jpg,1,Tumor,MRI,1d69c30d80a5e785da145e864f337899fae81bc9c3e596844ec67d24ba213191,1
C:\Users\dondo\OneDrive\Documents\ADBU CSE(AI & ML)\5th sem\Minor Project\Project Prototype\Brain-Tumor-Minor-Project\dataset\Brain Tumor MRI images\Tumor\glioma (392).jpg,Brain Tumor MRI images/Tumor/glioma (392).jpg,1,Tumor,MRI,d28b37f8cc8f6d5ea065416492fe79068294873e0aa0a3e465d8de78ece27ff9,1
C:\Users\dondo\OneDrive\Documents\ADBU CSE(AI & ML)\5th sem\Minor Project\Project Prototype\Brain-Tumor-Minor-Project\dataset\Brain Tumor MRI images\Tumor\glioma (394).jpg,Brain Tumor MRI images/Tumor/glioma (394).jpg,1,Tumor,MRI,e0f11860ce5a2c9648d16c71b830f5e8d97cc53f82311bf002884b0bb0ee5726,1
C:\Users\dondo\OneDrive\Documents\ADBU CSE(AI & ML)\5th sem\Minor Project\Project Prototype\Brain-Tumor-Minor-Project\dataset\Brain Tumor MRI images\Tumor\glioma (395).jpg,Brain Tumor MRI images/Tumor/glioma (395).jpg,1,Tumor,MRI,28af043e78d9ddaf710e3b1b76a28b95a1b80f376702ca64f348d98820f9392a,1
C:\Users\dondo\OneDrive\Documents\ADBU CSE(AI & ML)\5th sem\Minor Project\Project Prototype\Brain-Tumor-Minor-Project\dataset\Brain Tumor MRI images\Tumor\glioma (398).jpg,Brain Tumor MRI images/Tumor/glioma (398).jpg,1,Tumor,MRI,f3938382aa7e09275823aef4bf50559a022393e27a48c41271fd3ab28374a8fc,1
C:\Users\dondo\OneDrive\Documents\ADBU CSE(AI & ML)\5th sem\Minor Project\Project Prototype\Brain-Tumor-Minor-Project\dataset\Brain Tumor MRI images\Tumor\glioma (399).jpg,Brain Tumor MRI images/Tumor/glioma (399).jpg,1,Tumor,MRI,b82b7da050c36e05d18cf3109ac8ff6e15f49824bd5e7c1d0b954ed5e240115a,1
C:\Users\dondo\OneDrive\Documents\ADBU CSE(AI & ML)\5th sem\Minor Project\Project Prototype\Brain-Tumor-Minor-Project\dataset\Brain Tumor MRI images\Tumor\glioma (4).jpg,Brain Tumor MRI images/Tumor/glioma (4).jpg,1,Tumor,MRI,1a857a244017283dbfaa7f4a9bef06b01b5942c5eef6637bd56e59990ddfc63d,1
C:\Users\dondo\OneDrive\Documents\ADBU CSE(AI & ML)\5th sem\Minor Project\Project Prototype\Brain-Tumor-Minor-Project\dataset\Brain Tumor MRI images\Tumor\glioma (40).jpg,Brain Tumor MRI images/Tumor/glioma (40).jpg,1,Tumor,MRI,f3e9d81d27de7a0406725a8b1aec1c3d94d43887d82224d2d5258a23685d6c80,1
C:\Users\dondo\OneDrive\Documents\ADBU CSE(AI & ML)\5th sem\Minor Project\Project Prototype\Brain-Tumor-Minor-Project\dataset\Brain Tumor MRI images\Tumor\glioma (400).jpg,Brain Tumor MRI images/Tumor/glioma (400).jpg,1,Tumor,MRI,ca61c0fc07bf3debc9443228d42d06110a1ad94bb9b740742fe319615717d502,1
C:\Users\dondo\OneDrive\Documents\ADBU CSE(AI & ML)\5th sem\Minor Project\Project Prototype\Brain-Tumor-Minor-Project\dataset\Brain Tumor MRI images\Tumor\glioma (401).jpg,Brain Tumor MRI images/Tumor/glioma (401).jpg,1,Tumor,MRI,f5488d1916fa24759178e1ddf6dffe5a6dd6ff88eb31799ae4033a76b21231ab,1
C:\Users\dondo\OneDrive\Documents\ADBU CSE(AI & ML)\5th sem\Minor Project\Project Prototype\Brain-Tumor-Minor-Project\dataset\Brain Tumor MRI images\Tumor\glioma (402).jpg,Brain Tumor MRI images/Tumor/glioma (402).jpg,1,Tumor,MRI,f1ef5dadc7ca244c47ff054885eb04e98fcad310d7dd831de165c26431daa43e,1
C:\Users\dondo\OneDrive\Documents\ADBU CSE(AI & ML)\5th sem\Minor Project\Project Prototype\Brain-Tumor-Minor-Project\dataset\Brain Tumor MRI images\Tumor\glioma (404).jpg,Brain Tumor MRI images/Tumor/glioma (404).jpg,1,Tumor,MRI,0468e35d61ce084512f8da3c8a9b0892a0c076ef1291297ba2c309ee795b5d41,1
C:\Users\dondo\OneDrive\Documents\ADBU CSE(AI & ML)\5th sem\Minor Project\Project Prototype\Brain-Tumor-Minor-Project\dataset\Brain Tumor MRI images\Tumor\glioma (406).jpg,Brain Tumor MRI images/Tumor/glioma (406).jpg,1,Tumor,MRI,4749ffce3226d1a9c1c4e073042489c11b68bcd45e06ff2e261c2465fcf1d8d2,1
C:\Users\dondo\OneDrive\Documents\ADBU CSE(AI & ML)\5th sem\Minor Project\Project Prototype\Brain-Tumor-Minor-Project\dataset\Brain Tumor MRI images\Tumor\glioma (407).jpg,Brain Tumor MRI images/Tumor/glioma (407).jpg,1,Tumor,MRI,cc5b82ce14f6997dcd81d0cab446fc00c72a8da09c2ea8f1ce8c0dcfec7acad5,1
C:\Users\dondo\OneDrive\Documents\ADBU CSE(AI & ML)\5th sem\Minor Project\Project Prototype\Brain-Tumor-Minor-Project\dataset\Brain Tumor MRI images\Tumor\glioma (409).jpg,Brain Tumor MRI images/Tumor/glioma (409).jpg,1,Tumor,MRI,7aa381a7e98b59ecb99570644a5fc2b692a0b6b60736a1c1b68b046367f37c3e,1
C:\Users\dondo\OneDrive\Documents\ADBU CSE(AI & ML)\5th sem\Minor Project\Project Prototype\Brain-Tumor-Minor-Project\dataset\Brain Tumor MRI images\Tumor\glioma (410).jpg,Brain Tumor MRI images/Tumor/glioma (410).jpg,1,Tumor,MRI,feca59ef63a3f37d35b2eed32f248548a70f205fed4e092d1ee97ab8a76c209f,1
C:\Users\dondo\OneDrive\Documents\ADBU CSE(AI & ML)\5th sem\Minor Project\Project Prototype\Brain-Tumor-Minor-Project\dataset\Brain Tumor MRI images\Tumor\glioma (411).jpg,Brain Tumor MRI images/Tumor/glioma (411).jpg,1,Tumor,MRI,d9c7d4bf95f3ff9ebeff8e4dcd5c1118a481ad640bcf599908dfa30b93cc389a,1
C:\Users\dondo\OneDrive\Documents\ADBU CSE(AI & ML)\5th sem\Minor Project\Project Prototype\Brain-Tumor-Minor-Project\dataset\Brain Tumor MRI images\Tumor\glioma (412).jpg,Brain Tumor MRI images/Tumor/glioma (412).jpg,1,Tumor,MRI,2254a4875f61e061005a3a2b58fb0acd77b04891dd75bac13ca40fbe7b8366ea,1
C:\Users\dondo\OneDrive\Documents\ADBU CSE(AI & ML)\5th sem\Minor Project\Project Prototype\Brain-Tumor-Minor-Project\dataset\Brain Tumor MRI images\Tumor\glioma (413).jpg,Brain Tumor MRI images/Tumor/glioma (413).jpg,1,Tumor,MRI,aedba5c589a779a398e29a566bc68854f235c897be6f7bac3ac86bfcbb0c52dd,1
C:\Users\dondo\OneDrive\Documents\ADBU CSE(AI & ML)\5th sem\Minor Project\Project Prototype\Brain-Tumor-Minor-Project\dataset\Brain Tumor MRI images\Tumor\glioma (414).jpg,Brain Tumor MRI images/Tumor/glioma (414).jpg,1,Tumor,MRI,fba92a8ed9d6fc621fb03fb9d1478e2a933db36265c387486732e06c3cf80d70,1
C:\Users\dondo\OneDrive\Documents\ADBU CSE(AI & ML)\5th sem\Minor Project\Project Prototype\Brain-Tumor-Minor-Project\dataset\Brain Tumor MRI images\Tumor\glioma (415).jpg,Brain Tumor MRI images/Tumor/glioma (415).jpg,1,Tumor,MRI,d028428831321e2c0510c3987ffc33b8e3d1b7e448907860e3d688e9d0a47eb8,1
C:\Users\dondo\OneDrive\Documents\ADBU CSE(AI & ML)\5th sem\Minor Project\Project Prototype\Brain-Tumor-Minor-Project\dataset\Brain Tumor MRI images\Tumor\glioma (417).jpg,Brain Tumor MRI images/Tumor/glioma (417).jpg,1,Tumor,MRI,976f26423a3ddfac02f9392391a4a54c484c096e57b63fc19d31ac03221283e9,1
C:\Users\dondo\OneDrive\Documents\ADBU CSE(AI & ML)\5th sem\Minor Project\Project Prototype\Brain-Tumor-Minor-Project\dataset\Brain Tumor MRI images\Tumor\glioma (418).jpg,Brain Tumor MRI images/Tumor/glioma (418).jpg,1,Tumor,MRI,6a8476cc3e4b0b0e69cde1e769689051ca46c1e2a706610c7548c117065a3166,1
C:\Users\dondo\OneDrive\Documents\ADBU CSE(AI & ML)\5th sem\Minor Project\Project Prototype\Brain-Tumor-Minor-Project\dataset\Brain Tumor MRI images\Tumor\glioma (419).jpg,Brain Tumor MRI images/Tumor/glioma (419).jpg,1,Tumor,MRI,2601027a35813c6c3b1410d0fa831bd96fc7e1b28a03fed54461ae235c188161,1
C:\Users\dondo\OneDrive\Documents\ADBU CSE(AI & ML)\5th sem\Minor Project\Project Prototype\Brain-Tumor-Minor-Project\dataset\Brain Tumor MRI images\Tumor\glioma (420).jpg,Brain Tumor MRI images/Tumor/glioma (420).jpg,1,Tumor,MRI,4df83eb8fab2abd24540ba576f47be1f7939fc66169d854a153b3ea8718facdc,1
C:\Users\dondo\OneDrive\Documents\ADBU CSE(AI & ML)\5th sem\Minor Project\Project Prototype\Brain-Tumor-Minor-Project\dataset\Brain Tumor MRI images\Tumor\glioma (421).jpg,Brain Tumor MRI images/Tumor/glioma (421).jpg,1,Tumor,MRI,8e23233b1e2113f6d95f3bcc172f7277e0a5434a00cea497e070822c7b3a6990,1
C:\Users\dondo\OneDrive\Documents\ADBU CSE(AI & ML)\5th sem\Minor Project\Project Prototype\Brain-Tumor-Minor-Project\dataset\Brain Tumor MRI images\Tumor\glioma (422).jpg,Brain Tumor MRI images/Tumor/glioma (422).jpg,1,Tumor,MRI,cd9b65d04a97dd210964f1862546c6833db602bcc7dfd04107f2a2c1e36b2051,1
C:\Users\dondo\OneDrive\Documents\ADBU CSE(AI & ML)\5th sem\Minor Project\Project Prototype\Brain-Tumor-Minor-Project\dataset\Brain Tumor MRI images\Tumor\glioma (423).jpg,Brain Tumor MRI images/Tumor/glioma (423).jpg,1,Tumor,MRI,7556f38d873410987c503b5bcac465741e2e06c4f76e715c811c171318a46308,1
C:\Users\dondo\OneDrive\Documents\ADBU CSE(AI & ML)\5th sem\Minor Project\Project Prototype\Brain-Tumor-Minor-Project\dataset\Brain Tumor MRI images\Tumor\glioma (424).jpg,Brain Tumor MRI images/Tumor/glioma (424).jpg,1,Tumor,MRI,cd4dc407d7427d3e6b48ec3988b204a13f8ac886570e293ac49d995cb4b0c21b,1
C:\Users\dondo\OneDrive\Documents\ADBU CSE(AI & ML)\5th sem\Minor Project\Project Prototype\Brain-Tumor-Minor-Project\dataset\Brain Tumor MRI images\Tumor\glioma (425).jpg,Brain Tumor MRI images/Tumor/glioma (425).jpg,1,Tumor,MRI,1631bcd969efe42460d465f83a1cd113e0e16bc1a7219cc1343d5ab503fa3588,1
C:\Users\dondo\OneDrive\Documents\ADBU CSE(AI & ML)\5th sem\Minor Project\Project Prototype\Brain-Tumor-Minor-Project\dataset\Brain Tumor MRI images\Tumor\glioma (426).jpg,Brain Tumor MRI images/Tumor/glioma (426).jpg,1,Tumor,MRI,59632f20f9737c92ba22e3c291ac715dedd742fb9bb5bd90bfa425088529943a,1
C:\Users\dondo\OneDrive\Documents\ADBU CSE(AI & ML)\5th sem\Minor Project\Project Prototype\Brain-Tumor-Minor-Project\dataset\Brain Tumor MRI images\Tumor\glioma (427).jpg,Brain Tumor MRI images/Tumor/glioma (427).jpg,1,Tumor,MRI,3af37b197c9e6744a5acb462c43d22be1ef63135b5d2ad69739830ae72dd75e2,1
C:\Users\dondo\OneDrive\Documents\ADBU CSE(AI & ML)\5th sem\Minor Project\Project Prototype\Brain-Tumor-Minor-Project\dataset\Brain Tumor MRI images\Tumor\glioma (43).jpg,Brain Tumor MRI images/Tumor/glioma (43).jpg,1,Tumor,MRI,5d8a490ad62122545adcf2be6d6716a016e1ca3239c7e4de4b039664f4672f7e,1
C:\Users\dondo\OneDrive\Documents\ADBU CSE(AI & ML)\5th sem\Minor Project\Project Prototype\Brain-Tumor-Minor-Project\dataset\Brain Tumor MRI images\Tumor\glioma (430).jpg,Brain Tumor MRI images/Tumor/glioma (430).jpg,1,Tumor,MRI,d92544d6b8139911660f3b0b4289657cf0bb11d4cb69c282e3eff46c573823c9,1
C:\Users\dondo\OneDrive\Documents\ADBU CSE(AI & ML)\5th sem\Minor Project\Project Prototype\Brain-Tumor-Minor-Project\dataset\Brain Tumor MRI images\Tumor\glioma (431).jpg,Brain Tumor MRI images/Tumor/glioma (431).jpg,1,Tumor,MRI,1a6f8ccc40617a6561eb840facd36be1a35d196da35d13cc7686c6a511ce23fd,1
C:\Users\dondo\OneDrive\Documents\ADBU CSE(AI & ML)\5th sem\Minor Project\Project Prototype\Brain-Tumor-Minor-Project\dataset\Brain Tumor MRI images\Tumor\glioma (435).jpg,Brain Tumor MRI images/Tumor/glioma (435).jpg,1,Tumor,MRI,b9d7b0e262227668620ea871fb6c3acdb311b7f2e78018cb10cf7704bff31cf9,1
C:\Users\dondo\OneDrive\Documents\ADBU CSE(AI & ML)\5th sem\Minor Project\Project Prototype\Brain-Tumor-Minor-Project\dataset\Brain Tumor MRI images\Tumor\glioma (436).jpg,Brain Tumor MRI images/Tumor/glioma (436).jpg,1,Tumor,MRI,b6a7c756f9bafa044232af8f2d5020ab3ac8cf74e3b7a63310e4adc296a2a0d1,1
C:\Users\dondo\OneDrive\Documents\ADBU CSE(AI & ML)\5th sem\Minor Project\Project Prototype\Brain-Tumor-Minor-Project\dataset\Brain Tumor MRI images\Tumor\glioma (438).jpg,Brain Tumor MRI images/Tumor/glioma (438).jpg,1,Tumor,MRI,1ccd67126dbf194ac930f18cafbfb26a0aca93da2904f5030c19f209519c5ab8,1
C:\Users\dondo\OneDrive\Documents\ADBU CSE(AI & ML)\5th sem\Minor Project\Project Prototype\Brain-Tumor-Minor-Project\dataset\Brain Tumor MRI images\Tumor\glioma (439).jpg,Brain Tumor MRI images/Tumor/glioma (439).jpg,1,Tumor,MRI,cd78f50201cf0b89848d001cdbf19882ff9be2e838dc2dbe08ae14c8240df887,1
C:\Users\dondo\OneDrive\Documents\ADBU CSE(AI & ML)\5th sem\Minor Project\Project Prototype\Brain-Tumor-Minor-Project\dataset\Brain Tumor MRI images\Tumor\glioma (44).jpg,Brain Tumor MRI images/Tumor/glioma (44).jpg,1,Tumor,MRI,39fb13a05b9d689d160f399e038dc0176026b2a4bdeb155f793be452e7272e91,1
C:\Users\dondo\OneDrive\Documents\ADBU CSE(AI & ML)\5th sem\Minor Project\Project Prototype\Brain-Tumor-Minor-Project\dataset\Brain Tumor MRI images\Tumor\glioma (440).jpg,Brain Tumor MRI images/Tumor/glioma (440).jpg,1,Tumor,MRI,18e958f96702be849d75a27cea36b730464c4891a3bbfacb8ffc4bf706044c96,1
C:\Users\dondo\OneDrive\Documents\ADBU CSE(AI & ML)\5th sem\Minor Project\Project Prototype\Brain-Tumor-Minor-Project\dataset\Brain Tumor MRI images\Tumor\glioma (442).jpg,Brain Tumor MRI images/Tumor/glioma (442).jpg,1,Tumor,MRI,9693bb7e8a4402ced68fbe6d65b3f3790675b2354f4cc9f7c57d5528b60c09da,1
C:\Users\dondo\OneDrive\Documents\ADBU CSE(AI & ML)\5th sem\Minor Project\Project Prototype\Brain-Tumor-Minor-Project\dataset\Brain Tumor MRI images\Tumor\glioma (444).jpg,Brain Tumor MRI images/Tumor/glioma (444).jpg,1,Tumor,MRI,918e3b1b2437b178e2da4c79ab11b71555b0b98125934f9662025a3256b3568d,1
C:\Users\dondo\OneDrive\Documents\ADBU CSE(AI & ML)\5th sem\Minor Project\Project Prototype\Brain-Tumor-Minor-Project\dataset\Brain Tumor MRI images\Tumor\glioma (446).jpg,Brain Tumor MRI images/Tumor/glioma (446).jpg,1,Tumor,MRI,2801e01ae3d53e49639de9529d57234209e587b9f0657b1611e774ec7ad3ed12,1
C:\Users\dondo\OneDrive\Documents\ADBU CSE(AI & ML)\5th sem\Minor Project\Project Prototype\Brain-Tumor-Minor-Project\dataset\Brain Tumor MRI images\Tumor\glioma (447).jpg,Brain Tumor MRI images/Tumor/glioma (447).jpg,1,Tumor,MRI,21d26ecb957989196054379c17594698894f153a41827984dc430bfec065cfd2,1
C:\Users\dondo\OneDrive\Documents\ADBU CSE(AI & ML)\5th sem\Minor Project\Project Prototype\Brain-Tumor-Minor-Project\dataset\Brain Tumor MRI images\Tumor\glioma (449).jpg,Brain Tumor MRI images/Tumor/glioma (449).jpg,1,Tumor,MRI,a2479d4c443107b76333593dbafcc1fb791aab30b9f59d2f30ceea2d3fe5752b,1
C:\Users\dondo\OneDrive\Documents\ADBU CSE(AI & ML)\5th sem\Minor Project\Project Prototype\Brain-Tumor-Minor-Project\dataset\Brain Tumor MRI images\Tumor\glioma (45).jpg,Brain Tumor MRI images/Tumor/glioma (45).jpg,1,Tumor,MRI,53e260cb765fc72a6eb1da4ec7fd7ac9d9627c73792349b1099e6d8187d6d951,1
C:\Users\dondo\OneDrive\Documents\ADBU CSE(AI & ML)\5th sem\Minor Project\Project Prototype\Brain-Tumor-Minor-Project\dataset\Brain Tumor MRI images\Tumor\glioma (450).jpg,Brain Tumor MRI images/Tumor/glioma (450).jpg,1,Tumor,MRI,a709a192d947161b6ba25735eae4dc5f76ca757235f77d6d7ba0171f1eb1e1ac,1
C:\Users\dondo\OneDrive\Documents\ADBU CSE(AI & ML)\5th sem\Minor Project\Project Prototype\Brain-Tumor-Minor-Project\dataset\Brain Tumor MRI images\Tumor\glioma (451).jpg,Brain Tumor MRI images/Tumor/glioma (451).jpg,1,Tumor,MRI,af4c4686c12d9a15c49afce05787b5166b50007a15a2d358766c924a465999bf,1
C:\Users\dondo\OneDrive\Documents\ADBU CSE(AI & ML)\5th sem\Minor Project\Project Prototype\Brain-Tumor-Minor-Project\dataset\Brain Tumor MRI images\Tumor\glioma (454).jpg,Brain Tumor MRI images/Tumor/glioma (454).jpg,1,Tumor,MRI,60a8c7ef6066fbe4804746b47a7b7198d43e677e37cc8267d1001c6cdaf1a326,1
C:\Users\dondo\OneDrive\Documents\ADBU CSE(AI & ML)\5th sem\Minor Project\Project Prototype\Brain-Tumor-Minor-Project\dataset\Brain Tumor MRI images\Tumor\glioma (456).jpg,Brain Tumor MRI images/Tumor/glioma (456).jpg,1,Tumor,MRI,ed3bef1ea7c6cf59a767c624ac53a3c7cca7d0db004f931bfe64a804c4c8afc1,1
C:\Users\dondo\OneDrive\Documents\ADBU CSE(AI & ML)\5th sem\Minor Project\Project Prototype\Brain-Tumor-Minor-Project\dataset\Brain Tumor MRI images\Tumor\glioma (457).jpg,Brain Tumor MRI images/Tumor/glioma (457).jpg,1,Tumor,MRI,0562b653433aeaf4e65221b230938d11c23f39f09e2210cfab01a436a3accc27,1
C:\Users\dondo\OneDrive\Documents\ADBU CSE(AI & ML)\5th sem\Minor Project\Project Prototype\Brain-Tumor-Minor-Project\dataset\Brain Tumor MRI images\Tumor\glioma (459).jpg,Brain Tumor MRI images/Tumor/glioma (459).jpg,1,Tumor,MRI,85c443361cb607c8107228dc927c3f9a36ad3e8d0f1e43dfa9cc8f3c138b9bbc,1
C:\Users\dondo\OneDrive\Documents\ADBU CSE(AI & ML)\5th sem\Minor Project\Project Prototype\Brain-Tumor-Minor-Project\dataset\Brain Tumor MRI images\Tumor\glioma (462).jpg,Brain Tumor MRI images/Tumor/glioma (462).jpg,1,Tumor,MRI,485743170a24464ac0806ce296eabae327eac1cefaff6db66bd0e89be571c3ed,1
C:\Users\dondo\OneDrive\Documents\ADBU CSE(AI & ML)\5th sem\Minor Project\Project Prototype\Brain-Tumor-Minor-Project\dataset\Brain Tumor MRI images\Tumor\glioma (464).jpg,Brain Tumor MRI images/Tumor/glioma (464).jpg,1,Tumor,MRI,0da5acc99fa1bbb7e6cb3ee0bf676d7edbdbc980ce258a16e4df665183aa78ae,1
C:\Users\dondo\OneDrive\Documents\ADBU CSE(AI & ML)\5th sem\Minor Project\Project Prototype\Brain-Tumor-Minor-Project\dataset\Brain Tumor MRI images\Tumor\glioma (465).jpg,Brain Tumor MRI images/Tumor/glioma (465).jpg,1,Tumor,MRI,79455b37bb8503a787b54a2a8c211630ff57284aba77524b9185724e77ef31db,1
C:\Users\dondo\OneDrive\Documents\ADBU CSE(AI & ML)\5th sem\Minor Project\Project Prototype\Brain-Tumor-Minor-Project\dataset\Brain Tumor MRI images\Tumor\glioma (466).jpg,Brain Tumor MRI images/Tumor/glioma (466).jpg,1,Tumor,MRI,659e4a01528b1e63137246faf81bfc1934b711cc7570a747baf0975be390fbd8,1
C:\Users\dondo\OneDrive\Documents\ADBU CSE(AI & ML)\5th sem\Minor Project\Project Prototype\Brain-Tumor-Minor-Project\dataset\Brain Tumor MRI images\Tumor\glioma (467).jpg,Brain Tumor MRI images/Tumor/glioma (467).jpg,1,Tumor,MRI,bd6bb62f0dea01a124820c52ef308a52646a8099e9a8addfd4cda4ee0a9d4503,1
C:\Users\dondo\OneDrive\Documents\ADBU CSE(AI & ML)\5th sem\Minor Project\Project Prototype\Brain-Tumor-Minor-Project\dataset\Brain Tumor MRI images\Tumor\glioma (47).jpg,Brain Tumor MRI images/Tumor/glioma (47).jpg,1,Tumor,MRI,47ae542f9b491404217126400dd629488e6a698ab8b78bdea0b23a7d774d7734,1
C:\Users\dondo\OneDrive\Documents\ADBU CSE(AI & ML)\5th sem\Minor Project\Project Prototype\Brain-Tumor-Minor-Project\dataset\Brain Tumor MRI images\Tumor\glioma (470).jpg,Brain Tumor MRI images/Tumor/glioma (470).jpg,1,Tumor,MRI,cd846cee03e7fd90e836a42119990b4c2725ed5fe27f14bd899c85af0576c301,1
C:\Users\dondo\OneDrive\Documents\ADBU CSE(AI & ML)\5th sem\Minor Project\Project Prototype\Brain-Tumor-Minor-Project\dataset\Brain Tumor MRI images\Tumor\glioma (472).jpg,Brain Tumor MRI images/Tumor/glioma (472).jpg,1,Tumor,MRI,4182084951ed1c279b2b90dd1ee90fe70732ae6d372ab54f5a792c153f710c98,1
C:\Users\dondo\OneDrive\Documents\ADBU CSE(AI & ML)\5th sem\Minor Project\Project Prototype\Brain-Tumor-Minor-Project\dataset\Brain Tumor MRI images\Tumor\glioma (474).jpg,Brain Tumor MRI images/Tumor/glioma (474).jpg,1,Tumor,MRI,41001c4e94f64eac0a24ad44c9f508c4123bb28ec6aa384b78adbdd196aa3c39,1
C:\Users\dondo\OneDrive\Documents\ADBU CSE(AI & ML)\5th sem\Minor Project\Project Prototype\Brain-Tumor-Minor-Project\dataset\Brain Tumor MRI images\Tumor\glioma (475).jpg,Brain Tumor MRI images/Tumor/glioma (475).jpg,1,Tumor,MRI,cdf335bd704139891b7033bde1b6abaaf3615bac0e060719920ae706137239ee,1
C:\Users\dondo\OneDrive\Documents\ADBU CSE(AI & ML)\5th sem\Minor Project\Project Prototype\Brain-Tumor-Minor-Project\dataset\Brain Tumor MRI images\Tumor\glioma (476).jpg,Brain Tumor MRI images/Tumor/glioma (476).jpg,1,Tumor,MRI,587973287d8d6d88fe21cd92a7c1df044d8c93eb90e9d5fef34358f88a8832cb,1
C:\Users\dondo\OneDrive\Documents\ADBU CSE(AI & ML)\5th sem\Minor Project\Project Prototype\Brain-Tumor-Minor-Project\dataset\Brain Tumor MRI images\Tumor\glioma (478).jpg,Brain Tumor MRI images/Tumor/glioma (478).jpg,1,Tumor,MRI,0bae3c6b4090cba251ff3a2b75da02266d66b2a1e2a1206867e4963225007759,1
C:\Users\dondo\OneDrive\Documents\ADBU CSE(AI & ML)\5th sem\Minor Project\Project Prototype\Brain-Tumor-Minor-Project\dataset\Brain Tumor MRI images\Tumor\glioma (479).jpg,Brain Tumor MRI images/Tumor/glioma (479).jpg,1,Tumor,MRI,ccddf7d820d0c4f618391f6aa5ae905f166b87f70e286e083b12bd08272ff4df,1
C:\Users\dondo\OneDrive\Documents\ADBU CSE(AI & ML)\5th sem\Minor Project\Project Prototype\Brain-Tumor-Minor-Project\dataset\Brain Tumor MRI images\Tumor\glioma (480).jpg,Brain Tumor MRI images/Tumor/glioma (480).jpg,1,Tumor,MRI,a0c81a028c602afb4786686196366173937e1cab973d83da2d103b40dcddfbbe,1
C:\Users\dondo\OneDrive\Documents\ADBU CSE(AI & ML)\5th sem\Minor Project\Project Prototype\Brain-Tumor-Minor-Project\dataset\Brain Tumor MRI images\Tumor\glioma (482).jpg,Brain Tumor MRI images/Tumor/glioma (482).jpg,1,Tumor,MRI,2fefe29fa8b8d9aacaea16124c353c22bfe4ecc6a212dd6f679f46959d73e837,1
C:\Users\dondo\OneDrive\Documents\ADBU CSE(AI & ML)\5th sem\Minor Project\Project Prototype\Brain-Tumor-Minor-Project\dataset\Brain Tumor MRI images\Tumor\glioma (484).jpg,Brain Tumor MRI images/Tumor/glioma (484).jpg,1,Tumor,MRI,03ec55033aa769ff01b3e756d4cda5b64d5db3ab8ef9c6169ff7cc600f23b2aa,1
C:\Users\dondo\OneDrive\Documents\ADBU CSE(AI & ML)\5th sem\Minor Project\Project Prototype\Brain-Tumor-Minor-Project\dataset\Brain Tumor MRI images\Tumor\glioma (485).jpg,Brain Tumor MRI images/Tumor/glioma (485).jpg,1,Tumor,MRI,0c91ec37ebc976ed3330bdd1fecdfa481d5cde0dd8e9789697bc2f4a42fd4c01,1
C:\Users\dondo\OneDrive\Documents\ADBU CSE(AI & ML)\5th sem\Minor Project\Project Prototype\Brain-Tumor-Minor-Project\dataset\Brain Tumor MRI images\Tumor\glioma (486).jpg,Brain Tumor MRI images/Tumor/glioma (486).jpg,1,Tumor,MRI,45706fd38fba97597e5dc47c86b5ea1f9bee760e1e02a40227cad8722212a0cc,1
C:\Users\dondo\OneDrive\Documents\ADBU CSE(AI & ML)\5th sem\Minor Project\Project Prototype\Brain-Tumor-Minor-Project\dataset\Brain Tumor MRI images\Tumor\glioma (489).jpg,Brain Tumor MRI images/Tumor/glioma (489).jpg,1,Tumor,MRI,2d50ad98eab7fb96c3a37b894d712684826bd8fec306cf20b3601aca4020a10a,1
C:\Users\dondo\OneDrive\Documents\ADBU CSE(AI & ML)\5th sem\Minor Project\Project Prototype\Brain-Tumor-Minor-Project\dataset\Brain Tumor MRI images\Tumor\glioma (49).jpg,Brain Tumor MRI images/Tumor/glioma (49).jpg,1,Tumor,MRI,33a9ce41ea7d14beca01d4073e4b99f79cc3b6d7fdef0ca5ca14140456ee47df,1
C:\Users\dondo\OneDrive\Documents\ADBU CSE(AI & ML)\5th sem\Minor Project\Project Prototype\Brain-Tumor-Minor-Project\dataset\Brain Tumor MRI images\Tumor\glioma (490).jpg,Brain Tumor MRI images/Tumor/glioma (490).jpg,1,Tumor,MRI,01f4b1897c9a67928cfc6c737d726226d555298acadc11e58db57a32fc73d51b,1
C:\Users\dondo\OneDrive\Documents\ADBU CSE(AI & ML)\5th sem\Minor Project\Project Prototype\Brain-Tumor-Minor-Project\dataset\Brain Tumor MRI images\Tumor\glioma (491).jpg,Brain Tumor MRI images/Tumor/glioma (491).jpg,1,Tumor,MRI,e7a0fff969dfc9dca50b256178069792b88c88734467e1069d366b626b662ef6,1
C:\Users\dondo\OneDrive\Documents\ADBU CSE(AI & ML)\5th sem\Minor Project\Project Prototype\Brain-Tumor-Minor-Project\dataset\Brain Tumor MRI images\Tumor\glioma (493).jpg,Brain Tumor MRI images/Tumor/glioma (493).jpg,1,Tumor,MRI,833434263abf1df1fe3f1bd69711f634865eade0c9e3e5c7bee67eca18e4da93,1
C:\Users\dondo\OneDrive\Documents\ADBU CSE(AI & ML)\5th sem\Minor Project\Project Prototype\Brain-Tumor-Minor-Project\dataset\Brain Tumor MRI images\Tumor\glioma (495).jpg,Brain Tumor MRI images/Tumor/glioma (495).jpg,1,Tumor,MRI,80238ee256373504ae614434f0adcdb66f161cf09215f0d80d9ded65c1b81330,1
C:\Users\dondo\OneDrive\Documents\ADBU CSE(AI & ML)\5th sem\Minor Project\Project Prototype\Brain-Tumor-Minor-Project\dataset\Brain Tumor MRI images\Tumor\glioma (498).jpg,Brain Tumor MRI images/Tumor/glioma (498).jpg,1,Tumor,MRI,c545ad87eba48c4d43e6695ec2106efe4bae722af726edb5f8ebdc3f756881e7,1
C:\Users\dondo\OneDrive\Documents\ADBU CSE(AI & ML)\5th sem\Minor Project\Project Prototype\Brain-Tumor-Minor-Project\dataset\Brain Tumor MRI images\Tumor\glioma (50).jpg,Brain Tumor MRI images/Tumor/glioma (50).jpg,1,Tumor,MRI,39a389e86583a5c189055597e5322711564bc0737d12a32ac191accb6d660230,1
C:\Users\dondo\OneDrive\Documents\ADBU CSE(AI & ML)\5th sem\Minor Project\Project Prototype\Brain-Tumor-Minor-Project\dataset\Brain Tumor MRI images\Tumor\glioma (500).jpg,Brain Tumor MRI images/Tumor/glioma (500).jpg,1,Tumor,MRI,6dcd8e1e8fe5e5f8258d758248ccea0d15cc44fa023c241bf511f9bb22a702a0,1
C:\Users\dondo\OneDrive\Documents\ADBU CSE(AI & ML)\5th sem\Minor Project\Project Prototype\Brain-Tumor-Minor-Project\dataset\Brain Tumor MRI images\Tumor\glioma (502).jpg,Brain Tumor MRI images/Tumor/glioma (502).jpg,1,Tumor,MRI,4c81ea212f77b7af7a5eb9eb074fa0f71b267b22adf3f6280739e748a8b12543,1
C:\Users\dondo\OneDrive\Documents\ADBU CSE(AI & ML)\5th sem\Minor Project\Project Prototype\Brain-Tumor-Minor-Project\dataset\Brain Tumor MRI images\Tumor\glioma (504).jpg,Brain Tumor MRI images/Tumor/glioma (504).jpg,1,Tumor,MRI,0dc7acfa8c25db65d56e0fe32b131d1d6c178ab0dd090530c8baa072f35f2fb4,1
C:\Users\dondo\OneDrive\Documents\ADBU CSE(AI & ML)\5th sem\Minor Project\Project Prototype\Brain-Tumor-Minor-Project\dataset\Brain Tumor MRI images\Tumor\glioma (506).jpg,Brain Tumor MRI images/Tumor/glioma (506).jpg,1,Tumor,MRI,06e2ce33097fafaea72ea1d2162a206b068a3edc6ae12943477fe551f32bda5c,1
C:\Users\dondo\OneDrive\Documents\ADBU CSE(AI & ML)\5th sem\Minor Project\Project Prototype\Brain-Tumor-Minor-Project\dataset\Brain Tumor MRI images\Tumor\glioma (508).jpg,Brain Tumor MRI images/Tumor/glioma (508).jpg,1,Tumor,MRI,1a230280fb917b15e5dfac5da18109d71be2b2fb74e4271726e569339fd607ca,1
C:\Users\dondo\OneDrive\Documents\ADBU CSE(AI & ML)\5th sem\Minor Project\Project Prototype\Brain-Tumor-Minor-Project\dataset\Brain Tumor MRI images\Tumor\glioma (51).jpg,Brain Tumor MRI images/Tumor/glioma (51).jpg,1,Tumor,MRI,7849cd2028f8466299382d2d9781f60beab3eab397518ab228203ac56322e16d,1
C:\Users\dondo\OneDrive\Documents\ADBU CSE(AI & ML)\5th sem\Minor Project\Project Prototype\Brain-Tumor-Minor-Project\dataset\Brain Tumor MRI images\Tumor\glioma (510).jpg,Brain Tumor MRI images/Tumor/glioma (510).jpg,1,Tumor,MRI,2aecfad30f5bf020cd44aca0607bd48b00f1cd71189e7b21e0c41967e88e6cae,1
C:\Users\dondo\OneDrive\Documents\ADBU CSE(AI & ML)\5th sem\Minor Project\Project Prototype\Brain-Tumor-Minor-Project\dataset\Brain Tumor MRI images\Tumor\glioma (511).jpg,Brain Tumor MRI images/Tumor/glioma (511).jpg,1,Tumor,MRI,4a005760b95a5cbdd2fa26588dfd0e462aadf502b0267f07fb2612f40ded3a50,1
C:\Users\dondo\OneDrive\Documents\ADBU CSE(AI & ML)\5th sem\Minor Project\Project Prototype\Brain-Tumor-Minor-Project\dataset\Brain Tumor MRI images\Tumor\glioma (512).jpg,Brain Tumor MRI images/Tumor/glioma (512).jpg,1,Tumor,MRI,f6269d8256d3139897d0252d3e7a025ad401fe93cadf1dc4d3b9bffa7f6bf58d,1
C:\Users\dondo\OneDrive\Documents\ADBU CSE(AI & ML)\5th sem\Minor Project\Project Prototype\Brain-Tumor-Minor-Project\dataset\Brain Tumor MRI images\Tumor\glioma (513).jpg,Brain Tumor MRI images/Tumor/glioma (513).jpg,1,Tumor,MRI,202e1f261aedf073bc604cb22a475a4371f9d9142c65306a436c9becf3877c4f,1
C:\Users\dondo\OneDrive\Documents\ADBU CSE(AI & ML)\5th sem\Minor Project\Project Prototype\Brain-Tumor-Minor-Project\dataset\Brain Tumor MRI images\Tumor\glioma (515).jpg,Brain Tumor MRI images/Tumor/glioma (515).jpg,1,Tumor,MRI,fb3b502260d378b88de87ffae867421baeb9c6909b548aaf70e3b9dc9716d92f,1
C:\Users\dondo\OneDrive\Documents\ADBU CSE(AI & ML)\5th sem\Minor Project\Project Prototype\Brain-Tumor-Minor-Project\dataset\Brain Tumor MRI images\Tumor\glioma (518).jpg,Brain Tumor MRI images/Tumor/glioma (518).jpg,1,Tumor,MRI,24a0be64fae7c6c12ea42deb8d0a901e93f31f24d70ce4a34850fcea7b288df6,1
C:\Users\dondo\OneDrive\Documents\ADBU CSE(AI & ML)\5th sem\Minor Project\Project Prototype\Brain-Tumor-Minor-Project\dataset\Brain Tumor MRI images\Tumor\glioma (519).jpg,Brain Tumor MRI images/Tumor/glioma (519).jpg,1,Tumor,MRI,6e86e9c8a00f045eeb7effea9f2677bf9e77fac9a0eba2ca90b625e284986465,1
C:\Users\dondo\OneDrive\Documents\ADBU CSE(AI & ML)\5th sem\Minor Project\Project Prototype\Brain-Tumor-Minor-Project\dataset\Brain Tumor MRI images\Tumor\glioma (52).jpg,Brain Tumor MRI images/Tumor/glioma (52).jpg,1,Tumor,MRI,6d30322809853859af2ebeefb6bb609fede3ffa8279117934706cf35568aeceb,1
C:\Users\dondo\OneDrive\Documents\ADBU CSE(AI & ML)\5th sem\Minor Project\Project Prototype\Brain-Tumor-Minor-Project\dataset\Brain Tumor MRI images\Tumor\glioma (521).jpg,Brain Tumor MRI images/Tumor/glioma (521).jpg,1,Tumor,MRI,c17f1ebff3cd49fc46f2f3e507fa43598bccf8d5ea51cfab973e1bc7b9d92575,1
C:\Users\dondo\OneDrive\Documents\ADBU CSE(AI & ML)\5th sem\Minor Project\Project Prototype\Brain-Tumor-Minor-Project\dataset\Brain Tumor MRI images\Tumor\glioma (522).jpg,Brain Tumor MRI images/Tumor/glioma (522).jpg,1,Tumor,MRI,c00da61b52db0b73cab8ef2ddf3e045ca7f39d57d857914125603c83aa244945,1
C:\Users\dondo\OneDrive\Documents\ADBU CSE(AI & ML)\5th sem\Minor Project\Project Prototype\Brain-Tumor-Minor-Project\dataset\Brain Tumor MRI images\Tumor\glioma (524).jpg,Brain Tumor MRI images/Tumor/glioma (524).jpg,1,Tumor,MRI,47dda7f9fca404eba7347f5d3af0201901861625dc40c22a7ed0d796dd4602b6,1
C:\Users\dondo\OneDrive\Documents\ADBU CSE(AI & ML)\5th sem\Minor Project\Project Prototype\Brain-Tumor-Minor-Project\dataset\Brain Tumor MRI images\Tumor\glioma (525).jpg,Brain Tumor MRI images/Tumor/glioma (525).jpg,1,Tumor,MRI,d8e21d9421104398f2da345d1499a71d12d625aa80a25ef3735f87588bdef96a,1
C:\Users\dondo\OneDrive\Documents\ADBU CSE(AI & ML)\5th sem\Minor Project\Project Prototype\Brain-Tumor-Minor-Project\dataset\Brain Tumor MRI images\Tumor\glioma (527).jpg,Brain Tumor MRI images/Tumor/glioma (527).jpg,1,Tumor,MRI,a334045cb6c5a72caf1360f40c2be9de2b5ae56aa9f044d9e473142fb112c3d3,1
C:\Users\dondo\OneDrive\Documents\ADBU CSE(AI & ML)\5th sem\Minor Project\Project Prototype\Brain-Tumor-Minor-Project\dataset\Brain Tumor MRI images\Tumor\glioma (53).jpg,Brain Tumor MRI images/Tumor/glioma (53).jpg,1,Tumor,MRI,c399b14daa38b876e309bd366e554adac20a6cf2176428207ebbdda9d3a82b12,1
C:\Users\dondo\OneDrive\Documents\ADBU CSE(AI & ML)\5th sem\Minor Project\Project Prototype\Brain-Tumor-Minor-Project\dataset\Brain Tumor MRI images\Tumor\glioma (530).jpg,Brain Tumor MRI images/Tumor/glioma (530).jpg,1,Tumor,MRI,18b9d5e495959a4d2686fefeffd54621da3039a3b1ee2db75ebf71e842c68fdd,1
C:\Users\dondo\OneDrive\Documents\ADBU CSE(AI & ML)\5th sem\Minor Project\Project Prototype\Brain-Tumor-Minor-Project\dataset\Brain Tumor MRI images\Tumor\glioma (531).jpg,Brain Tumor MRI images/Tumor/glioma (531).jpg,1,Tumor,MRI,57c8407406930831b6b51c4c20596e2473a262f137f337f48921df8ae7b51bbd,1
C:\Users\dondo\OneDrive\Documents\ADBU CSE(AI & ML)\5th sem\Minor Project\Project Prototype\Brain-Tumor-Minor-Project\dataset\Brain Tumor MRI images\Tumor\glioma (532).jpg,Brain Tumor MRI images/Tumor/glioma (532).jpg,1,Tumor,MRI,73f9934fce4596bfd1b92cf3c0c02f0ca3b4678d786efb66759a40caf5d14804,1
C:\Users\dondo\OneDrive\Documents\ADBU CSE(AI & ML)\5th sem\Minor Project\Project Prototype\Brain-Tumor-Minor-Project\dataset\Brain Tumor MRI images\Tumor\glioma (533).jpg,Brain Tumor MRI images/Tumor/glioma (533).jpg,1,Tumor,MRI,08c179555c3122dface6e2454f664db4ec9e4e2c681234481603f4b3994c6eba,1
C:\Users\dondo\OneDrive\Documents\ADBU CSE(AI & ML)\5th sem\Minor Project\Project Prototype\Brain-Tumor-Minor-Project\dataset\Brain Tumor MRI images\Tumor\glioma (534).jpg,Brain Tumor MRI images/Tumor/glioma (534).jpg,1,Tumor,MRI,99c4064da4af47723e519770153c0ea534b74b2f18bcdbd4983a77fed274f551,1
C:\Users\dondo\OneDrive\Documents\ADBU CSE(AI & ML)\5th sem\Minor Project\Project Prototype\Brain-Tumor-Minor-Project\dataset\Brain Tumor MRI images\Tumor\glioma (535).jpg,Brain Tumor MRI images/Tumor/glioma (535).jpg,1,Tumor,MRI,88b2d775cdf754569251a3edc01c425d29e550b62600a4cdda0029cc7565e432,1
C:\Users\dondo\OneDrive\Documents\ADBU CSE(AI & ML)\5th sem\Minor Project\Project Prototype\Brain-Tumor-Minor-Project\dataset\Brain Tumor MRI images\Tumor\glioma (536).jpg,Brain Tumor MRI images/Tumor/glioma (536).jpg,1,Tumor,MRI,18a43c905f9445b89893a5f1fdea67efe8675e57a14252b47a019852e53b4874,1
C:\Users\dondo\OneDrive\Documents\ADBU CSE(AI & ML)\5th sem\Minor Project\Project Prototype\Brain-Tumor-Minor-Project\dataset\Brain Tumor MRI images\Tumor\glioma (537).jpg,Brain Tumor MRI images/Tumor/glioma (537).jpg,1,Tumor,MRI,d24c81aad40c4a4fa293c8b13f7529c075efef41ee66e73373d7ecf75cbb0c37,1
C:\Users\dondo\OneDrive\Documents\ADBU CSE(AI & ML)\5th sem\Minor Project\Project Prototype\Brain-Tumor-Minor-Project\dataset\Brain Tumor MRI images\Tumor\glioma (538).jpg,Brain Tumor MRI images/Tumor/glioma (538).jpg,1,Tumor,MRI,f2ec7f900dfef656fd7cce6ec6f2c2cbf3d43671960a23f7098a29052e8b43d5,1
C:\Users\dondo\OneDrive\Documents\ADBU CSE(AI & ML)\5th sem\Minor Project\Project Prototype\Brain-Tumor-Minor-Project\dataset\Brain Tumor MRI images\Tumor\glioma (539).jpg,Brain Tumor MRI images/Tumor/glioma (539).jpg,1,Tumor,MRI,546a8f8daea1af8dc0e541287cfce92f84172e9cd9f27b0de5fffa686a5c41f2,1
C:\Users\dondo\OneDrive\Documents\ADBU CSE(AI & ML)\5th sem\Minor Project\Project Prototype\Brain-Tumor-Minor-Project\dataset\Brain Tumor MRI images\Tumor\glioma (540).jpg,Brain Tumor MRI images/Tumor/glioma (540).jpg,1,Tumor,MRI,784d178b91de6be9295288b4c839ce33f5bc69704b4dec9a76d7a6df8687f626,1
C:\Users\dondo\OneDrive\Documents\ADBU CSE(AI & ML)\5th sem\Minor Project\Project Prototype\Brain-Tumor-Minor-Project\dataset\Brain Tumor MRI images\Tumor\glioma (541).jpg,Brain Tumor MRI images/Tumor/glioma (541).jpg,1,Tumor,MRI,19a48b645b1f4e1ea8d3c5fea4c955e9cbd4492b08b1aea679a46ae803feb7ed,1
C:\Users\dondo\OneDrive\Documents\ADBU CSE(AI & ML)\5th sem\Minor Project\Project Prototype\Brain-Tumor-Minor-Project\dataset\Brain Tumor MRI images\Tumor\glioma (542).jpg,Brain Tumor MRI images/Tumor/glioma (542).jpg,1,Tumor,MRI,4b754ee11e084b47c613514da7763bda82dacd8e481cd35365a35df26d1750ec,1
C:\Users\dondo\OneDrive\Documents\ADBU CSE(AI & ML)\5th sem\Minor Project\Project Prototype\Brain-Tumor-Minor-Project\dataset\Brain Tumor MRI images\Tumor\glioma (543).jpg,Brain Tumor MRI images/Tumor/glioma (543).jpg,1,Tumor,MRI,3cd96a3f102c6c3e35311f0aa611e1bc9a8df75434b7d279cdc2999f371660a1,1
C:\Users\dondo\OneDrive\Documents\ADBU CSE(AI & ML)\5th sem\Minor Project\Project Prototype\Brain-Tumor-Minor-Project\dataset\Brain Tumor MRI images\Tumor\glioma (545).jpg,Brain Tumor MRI images/Tumor/glioma (545).jpg,1,Tumor,MRI,32b40c765131db8c5971d21734edd6faae4139c015960b6574b3820f0bb551b0,1
C:\Users\dondo\OneDrive\Documents\ADBU CSE(AI & ML)\5th sem\Minor Project\Project Prototype\Brain-Tumor-Minor-Project\dataset\Brain Tumor MRI images\Tumor\glioma (546).jpg,Brain Tumor MRI images/Tumor/glioma (546).jpg,1,Tumor,MRI,2b342a91558004652b37a21e5ef7051fdc73c3a4214a64147f284ac6a8f6cf2b,1
C:\Users\dondo\OneDrive\Documents\ADBU CSE(AI & ML)\5th sem\Minor Project\Project Prototype\Brain-Tumor-Minor-Project\dataset\Brain Tumor MRI images\Tumor\glioma (547).jpg,Brain Tumor MRI images/Tumor/glioma (547).jpg,1,Tumor,MRI,16c116bae13feff86e19b20917202ed10a30843ddf9a9d51aac7d6287b701bc2,1
C:\Users\dondo\OneDrive\Documents\ADBU CSE(AI & ML)\5th sem\Minor Project\Project Prototype\Brain-Tumor-Minor-Project\dataset\Brain Tumor MRI images\Tumor\glioma (549).jpg,Brain Tumor MRI images/Tumor/glioma (549).jpg,1,Tumor,MRI,c593398f6651e94b2893c4057e7ceaaadd5050dbb3dea5126160323c0a9ac178,1
C:\Users\dondo\OneDrive\Documents\ADBU CSE(AI & ML)\5th sem\Minor Project\Project Prototype\Brain-Tumor-Minor-Project\dataset\Brain Tumor MRI images\Tumor\glioma (55).jpg,Brain Tumor MRI images/Tumor/glioma (55).jpg,1,Tumor,MRI,23bbceacfa33639501af72124d6704588375355b4284254d2be5167664883f36,1
C:\Users\dondo\OneDrive\Documents\ADBU CSE(AI & ML)\5th sem\Minor Project\Project Prototype\Brain-Tumor-Minor-Project\dataset\Brain Tumor MRI images\Tumor\glioma (550).jpg,Brain Tumor MRI images/Tumor/glioma (550).jpg,1,Tumor,MRI,a7d56fcac07480d5aeb736975313e2a2e1878529bbdeef838e4521421b658ae7,1
C:\Users\dondo\OneDrive\Documents\ADBU CSE(AI & ML)\5th sem\Minor Project\Project Prototype\Brain-Tumor-Minor-Project\dataset\Brain Tumor MRI images\Tumor\glioma (551).jpg,Brain Tumor MRI images/Tumor/glioma (551).jpg,1,Tumor,MRI,31036d7b9f59befa4024ea35c7994f83b6b859de15bcd744c82422f23846232e,1
C:\Users\dondo\OneDrive\Documents\ADBU CSE(AI & ML)\5th sem\Minor Project\Project Prototype\Brain-Tumor-Minor-Project\dataset\Brain Tumor MRI images\Tumor\glioma (552).jpg,Brain Tumor MRI images/Tumor/glioma (552).jpg,1,Tumor,MRI,a55c4348e4115b426e18a5e5257e7cfe50dc8e61b1e7d8d649703755d10f7351,1
C:\Users\dondo\OneDrive\Documents\ADBU CSE(AI & ML)\5th sem\Minor Project\Project Prototype\Brain-Tumor-Minor-Project\dataset\Brain Tumor MRI images\Tumor\glioma (553).jpg,Brain Tumor MRI images/Tumor/glioma (553).jpg,1,Tumor,MRI,751dc7c3925272e8cc5a59bba03aa18fd4061e0080219d1cf8f7537640c23293,1
C:\Users\dondo\OneDrive\Documents\ADBU CSE(AI & ML)\5th sem\Minor Project\Project Prototype\Brain-Tumor-Minor-Project\dataset\Brain Tumor MRI images\Tumor\glioma (555).jpg,Brain Tumor MRI images/Tumor/glioma (555).jpg,1,Tumor,MRI,18613c0729c8b0f6155f52acd1bea064da280f112f6159ab30f03eac9d474213,1
C:\Users\dondo\OneDrive\Documents\ADBU CSE(AI & ML)\5th sem\Minor Project\Project Prototype\Brain-Tumor-Minor-Project\dataset\Brain Tumor MRI images\Tumor\glioma (556).jpg,Brain Tumor MRI images/Tumor/glioma (556).jpg,1,Tumor,MRI,e76bd4decf6fc7dc168da2e2c200cd542ea03b0d39c802c19b624558ee2d951a,1
C:\Users\dondo\OneDrive\Documents\ADBU CSE(AI & ML)\5th sem\Minor Project\Project Prototype\Brain-Tumor-Minor-Project\dataset\Brain Tumor MRI images\Tumor\glioma (557).jpg,Brain Tumor MRI images/Tumor/glioma (557).jpg,1,Tumor,MRI,5e821c9fd2c497a9a068d599793b66080628f9ee15390790badbe4b374c0ddf2,1
C:\Users\dondo\OneDrive\Documents\ADBU CSE(AI & ML)\5th sem\Minor Project\Project Prototype\Brain-Tumor-Minor-Project\dataset\Brain Tumor MRI images\Tumor\glioma (558).jpg,Brain Tumor MRI images/Tumor/glioma (558).jpg,1,Tumor,MRI,437a6fa9e8492217489ddf05f4595d2fe471c43d543be1691bd1c640ccc6c393,1
C:\Users\dondo\OneDrive\Documents\ADBU CSE(AI & ML)\5th sem\Minor Project\Project Prototype\Brain-Tumor-Minor-Project\dataset\Brain Tumor MRI images\Tumor\glioma (56).jpg,Brain Tumor MRI images/Tumor/glioma (56).jpg,1,Tumor,MRI,2788fb04c673129e9ba1451f39391c2d8e526975fe8fa69328a2dd07c037e240,1
C:\Users\dondo\OneDrive\Documents\ADBU CSE(AI & ML)\5th sem\Minor Project\Project Prototype\Brain-Tumor-Minor-Project\dataset\Brain Tumor MRI images\Tumor\glioma (560).jpg,Brain Tumor MRI images/Tumor/glioma (560).jpg,1,Tumor,MRI,256244e1d2dad0a164581d0f59989cf52221ceccd59d297ed977823d5e010eac,1
C:\Users\dondo\OneDrive\Documents\ADBU CSE(AI & ML)\5th sem\Minor Project\Project Prototype\Brain-Tumor-Minor-Project\dataset\Brain Tumor MRI images\Tumor\glioma (561).jpg,Brain Tumor MRI images/Tumor/glioma (561).jpg,1,Tumor,MRI,ed8cd8f3be730ed83b221e89e3cf8d7da039add93db7b77845b6647d5daa9e9f,1
C:\Users\dondo\OneDrive\Documents\ADBU CSE(AI & ML)\5th sem\Minor Project\Project Prototype\Brain-Tumor-Minor-Project\dataset\Brain Tumor MRI images\Tumor\glioma (562).jpg,Brain Tumor MRI images/Tumor/glioma (562).jpg,1,Tumor,MRI,06c8b94c77fda652493a92d624c372e28d07d8d3213f172be5179fc271b71c9b,1
C:\Users\dondo\OneDrive\Documents\ADBU CSE(AI & ML)\5th sem\Minor Project\Project Prototype\Brain-Tumor-Minor-Project\dataset\Brain Tumor MRI images\Tumor\glioma (563).jpg,Brain Tumor MRI images/Tumor/glioma (563).jpg,1,Tumor,MRI,94a1f989aff2f48204ac587abff23ba876739d78969f67625ead39f7a4c1b21a,1
C:\Users\dondo\OneDrive\Documents\ADBU CSE(AI & ML)\5th sem\Minor Project\Project Prototype\Brain-Tumor-Minor-Project\dataset\Brain Tumor MRI images\Tumor\glioma (564).jpg,Brain Tumor MRI images/Tumor/glioma (564).jpg,1,Tumor,MRI,3140d8a8ba36e8ce926539dbdc6ba8d0110d01e9628f9088c97ff480cbcd8d4d,1
C:\Users\dondo\OneDrive\Documents\ADBU CSE(AI & ML)\5th sem\Minor Project\Project Prototype\Brain-Tumor-Minor-Project\dataset\Brain Tumor MRI images\Tumor\glioma (566).jpg,Brain Tumor MRI images/Tumor/glioma (566).jpg,1,Tumor,MRI,d8f38b88de86b8afa510782f43e515325f1782a6089b05825df428d4b5973527,1
C:\Users\dondo\OneDrive\Documents\ADBU CSE(AI & ML)\5th sem\Minor Project\Project Prototype\Brain-Tumor-Minor-Project\dataset\Brain Tumor MRI images\Tumor\glioma (567).jpg,Brain Tumor MRI images/Tumor/glioma (567).jpg,1,Tumor,MRI,c11c5d5dfbaf05c0f6be4ee4975ca023938297b7aaa1eb727b8646704c755eda,1
C:\Users\dondo\OneDrive\Documents\ADBU CSE(AI & ML)\5th sem\Minor Project\Project Prototype\Brain-Tumor-Minor-Project\dataset\Brain Tumor MRI images\Tumor\glioma (568).jpg,Brain Tumor MRI images/Tumor/glioma (568).jpg,1,Tumor,MRI,2db3a260bfcef8e2dd8f42cf917b83dd98573e844473cdeca1df5b20dff7386a,1
C:\Users\dondo\OneDrive\Documents\ADBU CSE(AI & ML)\5th sem\Minor Project\Project Prototype\Brain-Tumor-Minor-Project\dataset\Brain Tumor MRI images\Tumor\glioma (570).jpg,Brain Tumor MRI images/Tumor/glioma (570).jpg,1,Tumor,MRI,fbd47f369ccccda7461673173947c3f2c54b0c7a9a72aae4d73c2c76493ff9b2,1
C:\Users\dondo\OneDrive\Documents\ADBU CSE(AI & ML)\5th sem\Minor Project\Project Prototype\Brain-Tumor-Minor-Project\dataset\Brain Tumor MRI images\Tumor\glioma (571).jpg,Brain Tumor MRI images/Tumor/glioma (571).jpg,1,Tumor,MRI,8d8155690e5450e56d982962ec2ce5571d78f9aef42d386c5d8a2f7b2a510e0a,1
C:\Users\dondo\OneDrive\Documents\ADBU CSE(AI & ML)\5th sem\Minor Project\Project Prototype\Brain-Tumor-Minor-Project\dataset\Brain Tumor MRI images\Tumor\glioma (573).jpg,Brain Tumor MRI images/Tumor/glioma (573).jpg,1,Tumor,MRI,16e6c49fd6ccfb298eb8bb12b1fd1ced427720d3b7fa9c00f2b74e39631e7f8e,1
C:\Users\dondo\OneDrive\Documents\ADBU CSE(AI & ML)\5th sem\Minor Project\Project Prototype\Brain-Tumor-Minor-Project\dataset\Brain Tumor MRI images\Tumor\glioma (574).jpg,Brain Tumor MRI images/Tumor/glioma (574).jpg,1,Tumor,MRI,8fe9fa91069db2e15e4b498c2b911fd247caa7012d39cdd9ba1cc03c559773d5,1
C:\Users\dondo\OneDrive\Documents\ADBU CSE(AI & ML)\5th sem\Minor Project\Project Prototype\Brain-Tumor-Minor-Project\dataset\Brain Tumor MRI images\Tumor\glioma (576).jpg,Brain Tumor MRI images/Tumor/glioma (576).jpg,1,Tumor,MRI,7d1d0a0117db0249d487c648c13b3ee92163ebbaea615e6cdc2efebebced2dd7,1
C:\Users\dondo\OneDrive\Documents\ADBU CSE(AI & ML)\5th sem\Minor Project\Project Prototype\Brain-Tumor-Minor-Project\dataset\Brain Tumor MRI images\Tumor\glioma (578).jpg,Brain Tumor MRI images/Tumor/glioma (578).jpg,1,Tumor,MRI,fc56fd9589344dbe56aa824569f303b38ca1106396812f4d707588e9d963a6be,1
C:\Users\dondo\OneDrive\Documents\ADBU CSE(AI & ML)\5th sem\Minor Project\Project Prototype\Brain-Tumor-Minor-Project\dataset\Brain Tumor MRI images\Tumor\glioma (579).jpg,Brain Tumor MRI images/Tumor/glioma (579).jpg,1,Tumor,MRI,60d51d49dad993b86e18dc4b5a2053904d7555916404751289e5b747c22b35c1,1
C:\Users\dondo\OneDrive\Documents\ADBU CSE(AI & ML)\5th sem\Minor Project\Project Prototype\Brain-Tumor-Minor-Project\dataset\Brain Tumor MRI images\Tumor\glioma (580).jpg,Brain Tumor MRI images/Tumor/glioma (580).jpg,1,Tumor,MRI,bde28d07cf32e0286442ac72988fa42429f18af44d0d0aff40c40cc2e25b1fd8,1
C:\Users\dondo\OneDrive\Documents\ADBU CSE(AI & ML)\5th sem\Minor Project\Project Prototype\Brain-Tumor-Minor-Project\dataset\Brain Tumor MRI images\Tumor\glioma (581).jpg,Brain Tumor MRI images/Tumor/glioma (581).jpg,1,Tumor,MRI,414093d8a37b38dd55739f6439881030cc9e6e7444841ea24c00d74103eb1833,1
C:\Users\dondo\OneDrive\Documents\ADBU CSE(AI & ML)\5th sem\Minor Project\Project Prototype\Brain-Tumor-Minor-Project\dataset\Brain Tumor MRI images\Tumor\glioma (582).jpg,Brain Tumor MRI images/Tumor/glioma (582).jpg,1,Tumor,MRI,e0aef606499084ac36e8db3922c848287886292b347863ca2ba2c5a9080dcbd6,1
C:\Users\dondo\OneDrive\Documents\ADBU CSE(AI & ML)\5th sem\Minor Project\Project Prototype\Brain-Tumor-Minor-Project\dataset\Brain Tumor MRI images\Tumor\glioma (584).jpg,Brain Tumor MRI images/Tumor/glioma (584).jpg,1,Tumor,MRI,a937336fe4ca55eeb60078b55a6fd02fb37fdba463164ef1aae8aa8d793a65df,1
C:\Users\dondo\OneDrive\Documents\ADBU CSE(AI & ML)\5th sem\Minor Project\Project Prototype\Brain-Tumor-Minor-Project\dataset\Brain Tumor MRI images\Tumor\glioma (586).jpg,Brain Tumor MRI images/Tumor/glioma (586).jpg,1,Tumor,MRI,c206dc469166216ff16f6df9c982d4d9f83035262f3b085bcd33567290072595,1
C:\Users\dondo\OneDrive\Documents\ADBU CSE(AI & ML)\5th sem\Minor Project\Project Prototype\Brain-Tumor-Minor-Project\dataset\Brain Tumor MRI images\Tumor\glioma (589).jpg,Brain Tumor MRI images/Tumor/glioma (589).jpg,1,Tumor,MRI,55fe5049e1680bc74c8286325f663e266bffe7aec9e19bf76f6e58c7f4bfe852,1
C:\Users\dondo\OneDrive\Documents\ADBU CSE(AI & ML)\5th sem\Minor Project\Project Prototype\Brain-Tumor-Minor-Project\dataset\Brain Tumor MRI images\Tumor\glioma (59).jpg,Brain Tumor MRI images/Tumor/glioma (59).jpg,1,Tumor,MRI,dd5e67cb24dd164ec982c1936e1a01761d5fc8b7e601db8033b34ef9cf0be455,1
C:\Users\dondo\OneDrive\Documents\ADBU CSE(AI & ML)\5th sem\Minor Project\Project Prototype\Brain-Tumor-Minor-Project\dataset\Brain Tumor MRI images\Tumor\glioma (591).jpg,Brain Tumor MRI images/Tumor/glioma (591).jpg,1,Tumor,MRI,3fa16ef16860ff0d7849e867865824202fb5b5e86701f79d7831ee6ff771aeee,1
C:\Users\dondo\OneDrive\Documents\ADBU CSE(AI & ML)\5th sem\Minor Project\Project Prototype\Brain-Tumor-Minor-Project\dataset\Brain Tumor MRI images\Tumor\glioma (592).jpg,Brain Tumor MRI images/Tumor/glioma (592).jpg,1,Tumor,MRI,d953071786adddea49e91eb6b0be4518a6cb9425d6f55f740d914e4ab92eafb2,1
C:\Users\dondo\OneDrive\Documents\ADBU CSE(AI & ML)\5th sem\Minor Project\Project Prototype\Brain-Tumor-Minor-Project\dataset\Brain Tumor MRI images\Tumor\glioma (593).jpg,Brain Tumor MRI images/Tumor/glioma (593).jpg,1,Tumor,MRI,ecce35c36d52645b94083c520f0f89ae1e6bf5ece66e8790c9cd045fc5b9fbaa,1
C:\Users\dondo\OneDrive\Documents\ADBU CSE(AI & ML)\5th sem\Minor Project\Project Prototype\Brain-Tumor-Minor-Project\dataset\Brain Tumor MRI images\Tumor\glioma (595).jpg,Brain Tumor MRI images/Tumor/glioma (595).jpg,1,Tumor,MRI,563fcae43cf05f070d9c9566d3e716cb2ec9705d76b337d80dd5ad886b1580cc,1
C:\Users\dondo\OneDrive\Documents\ADBU CSE(AI & ML)\5th sem\Minor Project\Project Prototype\Brain-Tumor-Minor-Project\dataset\Brain Tumor MRI images\Tumor\glioma (597).jpg,Brain Tumor MRI images/Tumor/glioma (597).jpg,1,Tumor,MRI,c27eb732a7c1f967f7a10b09cb3d530eed455531f47af7df8220eecb364397d3,1
C:\Users\dondo\OneDrive\Documents\ADBU CSE(AI & ML)\5th sem\Minor Project\Project Prototype\Brain-Tumor-Minor-Project\dataset\Brain Tumor MRI images\Tumor\glioma (598).jpg,Brain Tumor MRI images/Tumor/glioma (598).jpg,1,Tumor,MRI,5028a8ab1e8b2eeb9cb43495bfb94908836a14c02122cc2601711f3ae67fe1c7,1
C:\Users\dondo\OneDrive\Documents\ADBU CSE(AI & ML)\5th sem\Minor Project\Project Prototype\Brain-Tumor-Minor-Project\dataset\Brain Tumor MRI images\Tumor\glioma (6).jpg,Brain Tumor MRI images/Tumor/glioma (6).jpg,1,Tumor,MRI,c0a96bd62b5a5271a1b5c31050c9ae352fb48e7d208070f73d4c56593bce38c7,1
C:\Users\dondo\OneDrive\Documents\ADBU CSE(AI & ML)\5th sem\Minor Project\Project Prototype\Brain-Tumor-Minor-Project\dataset\Brain Tumor MRI images\Tumor\glioma (60).jpg,Brain Tumor MRI images/Tumor/glioma (60).jpg,1,Tumor,MRI,6d2a8d88e3757362b3cc5dd0009f2ac7cead1797b7d80da5dd3e570971db805e,1
C:\Users\dondo\OneDrive\Documents\ADBU CSE(AI & ML)\5th sem\Minor Project\Project Prototype\Brain-Tumor-Minor-Project\dataset\Brain Tumor MRI images\Tumor\glioma (600).jpg,Brain Tumor MRI images/Tumor/glioma (600).jpg,1,Tumor,MRI,30724644e5eeb68c9f49d0a0a458e7a980d3240b1018251a4ce26ad9b5851ca9,1
C:\Users\dondo\OneDrive\Documents\ADBU CSE(AI & ML)\5th sem\Minor Project\Project Prototype\Brain-Tumor-Minor-Project\dataset\Brain Tumor MRI images\Tumor\glioma (601).jpg,Brain Tumor MRI images/Tumor/glioma (601).jpg,1,Tumor,MRI,bef0c094798302ee6f59ed1d183158e261bf244986a1cc853531ebbca75a64d0,1
C:\Users\dondo\OneDrive\Documents\ADBU CSE(AI & ML)\5th sem\Minor Project\Project Prototype\Brain-Tumor-Minor-Project\dataset\Brain Tumor MRI images\Tumor\glioma (602).jpg,Brain Tumor MRI images/Tumor/glioma (602).jpg,1,Tumor,MRI,482da2e76bcb19b21071ff3ca33307014e202cad97c87aa1b79c2b2d9eaa2df5,1
C:\Users\dondo\OneDrive\Documents\ADBU CSE(AI & ML)\5th sem\Minor Project\Project Prototype\Brain-Tumor-Minor-Project\dataset\Brain Tumor MRI images\Tumor\glioma (604).jpg,Brain Tumor MRI images/Tumor/glioma (604).jpg,1,Tumor,MRI,3ebe7a276f3b4a94c75c124b6afde181cac0735d5fe1b32496f5ce002d06b07c,1
C:\Users\dondo\OneDrive\Documents\ADBU CSE(AI & ML)\5th sem\Minor Project\Project Prototype\Brain-Tumor-Minor-Project\dataset\Brain Tumor MRI images\Tumor\glioma (605).jpg,Brain Tumor MRI images/Tumor/glioma (605).jpg,1,Tumor,MRI,65e2ea22fbd26f9ca63cb2afaee77ddb1b78d12964ba16e4dd6d2eb8c28e6386,1
C:\Users\dondo\OneDrive\Documents\ADBU CSE(AI & ML)\5th sem\Minor Project\Project Prototype\Brain-Tumor-Minor-Project\dataset\Brain Tumor MRI images\Tumor\glioma (606).jpg,Brain Tumor MRI images/Tumor/glioma (606).jpg,1,Tumor,MRI,29a59f9316ae4d5e70db92d3a14c45401a326dc723561d245da59847809dae3d,1
C:\Users\dondo\OneDrive\Documents\ADBU CSE(AI & ML)\5th sem\Minor Project\Project Prototype\Brain-Tumor-Minor-Project\dataset\Brain Tumor MRI images\Tumor\glioma (607).jpg,Brain Tumor MRI images/Tumor/glioma (607).jpg,1,Tumor,MRI,9c47a77dbd49e4a3ca08638fe65ca1413e1acacc63b6823e215f085f5e6ef2e8,1
C:\Users\dondo\OneDrive\Documents\ADBU CSE(AI & ML)\5th sem\Minor Project\Project Prototype\Brain-Tumor-Minor-Project\dataset\Brain Tumor MRI images\Tumor\glioma (608).jpg,Brain Tumor MRI images/Tumor/glioma (608).jpg,1,Tumor,MRI,7b841c2b83a71c681e97a7796e77d1f3b5db15bbbe32da7dd6dc9ef111caab33,1
C:\Users\dondo\OneDrive\Documents\ADBU CSE(AI & ML)\5th sem\Minor Project\Project Prototype\Brain-Tumor-Minor-Project\dataset\Brain Tumor MRI images\Tumor\glioma (61).jpg,Brain Tumor MRI images/Tumor/glioma (61).jpg,1,Tumor,MRI,d787ad8051cbdcbc3ac50dcbb5a574afbfd99fe2813792257fd7f8465bf8a89a,1
C:\Users\dondo\OneDrive\Documents\ADBU CSE(AI & ML)\5th sem\Minor Project\Project Prototype\Brain-Tumor-Minor-Project\dataset\Brain Tumor MRI images\Tumor\glioma (611).jpg,Brain Tumor MRI images/Tumor/glioma (611).jpg,1,Tumor,MRI,99e8f8c5de848cf7302f58990d07033b1f5d33630990dfddc8b7a4bc9986890b,1
C:\Users\dondo\OneDrive\Documents\ADBU CSE(AI & ML)\5th sem\Minor Project\Project Prototype\Brain-Tumor-Minor-Project\dataset\Brain Tumor MRI images\Tumor\glioma (612).jpg,Brain Tumor MRI images/Tumor/glioma (612).jpg,1,Tumor,MRI,f9d9c1d67891c0adf414b36740be9105171826d9c1c7e505558e9be3997d8c9a,1
C:\Users\dondo\OneDrive\Documents\ADBU CSE(AI & ML)\5th sem\Minor Project\Project Prototype\Brain-Tumor-Minor-Project\dataset\Brain Tumor MRI images\Tumor\glioma (613).jpg,Brain Tumor MRI images/Tumor/glioma (613).jpg,1,Tumor,MRI,31926eae5e59621b29db3602f5001a04e4e1b81677020a61321c4d9c3c002e14,1
C:\Users\dondo\OneDrive\Documents\ADBU CSE(AI & ML)\5th sem\Minor Project\Project Prototype\Brain-Tumor-Minor-Project\dataset\Brain Tumor MRI images\Tumor\glioma (614).jpg,Brain Tumor MRI images/Tumor/glioma (614).jpg,1,Tumor,MRI,0be1ab41d3784b19e6370c1b95e7dbf1c4aa29d668b558e4d225bc82a2c577f6,1
C:\Users\dondo\OneDrive\Documents\ADBU CSE(AI & ML)\5th sem\Minor Project\Project Prototype\Brain-Tumor-Minor-Project\dataset\Brain Tumor MRI images\Tumor\glioma (615).jpg,Brain Tumor MRI images/Tumor/glioma (615).jpg,1,Tumor,MRI,c2e5c9b8cb16ec4f6d3a251fb280e0568418b112b27f0efc6031ccfa1b501586,1
C:\Users\dondo\OneDrive\Documents\ADBU CSE(AI & ML)\5th sem\Minor Project\Project Prototype\Brain-Tumor-Minor-Project\dataset\Brain Tumor MRI images\Tumor\glioma (616).jpg,Brain Tumor MRI images/Tumor/glioma (616).jpg,1,Tumor,MRI,b727b35a90828b178a7a95435ed3c6af4bcf510977a039f6f541f777b1896be4,1
C:\Users\dondo\OneDrive\Documents\ADBU CSE(AI & ML)\5th sem\Minor Project\Project Prototype\Brain-Tumor-Minor-Project\dataset\Brain Tumor MRI images\Tumor\glioma (618).jpg,Brain Tumor MRI images/Tumor/glioma (618).jpg,1,Tumor,MRI,f082d75a22bd74ce8291d613264aa39cc78fbe6f9a1d7069eb6f22d50af35a9c,1
C:\Users\dondo\OneDrive\Documents\ADBU CSE(AI & ML)\5th sem\Minor Project\Project Prototype\Brain-Tumor-Minor-Project\dataset\Brain Tumor MRI images\Tumor\glioma (62).jpg,Brain Tumor MRI images/Tumor/glioma (62).jpg,1,Tumor,MRI,aa462ae9f3d638240b667dd7a9e1252bd61b193df97e7f93d8898e088e3cd830,1
C:\Users\dondo\OneDrive\Documents\ADBU CSE(AI & ML)\5th sem\Minor Project\Project Prototype\Brain-Tumor-Minor-Project\dataset\Brain Tumor MRI images\Tumor\glioma (620).jpg,Brain Tumor MRI images/Tumor/glioma (620).jpg,1,Tumor,MRI,789d99f0b571a55b488b83dde454a68091b521784e11abb4aee4d3c54ff135a4,1
C:\Users\dondo\OneDrive\Documents\ADBU CSE(AI & ML)\5th sem\Minor Project\Project Prototype\Brain-Tumor-Minor-Project\dataset\Brain Tumor MRI images\Tumor\glioma (622).jpg,Brain Tumor MRI images/Tumor/glioma (622).jpg,1,Tumor,MRI,3fd29da94fc92f368053c0aa2cad29a50281b1a391fba5180452adaacc07e4d9,1
C:\Users\dondo\OneDrive\Documents\ADBU CSE(AI & ML)\5th sem\Minor Project\Project Prototype\Brain-Tumor-Minor-Project\dataset\Brain Tumor MRI images\Tumor\glioma (626).jpg,Brain Tumor MRI images/Tumor/glioma (626).jpg,1,Tumor,MRI,ab4941fff4d3719df36ecf1036f34259c378cf0b456f32eb514a32d35fc344a1,1
C:\Users\dondo\OneDrive\Documents\ADBU CSE(AI & ML)\5th sem\Minor Project\Project Prototype\Brain-Tumor-Minor-Project\dataset\Brain Tumor MRI images\Tumor\glioma (628).jpg,Brain Tumor MRI images/Tumor/glioma (628).jpg,1,Tumor,MRI,a3d4f7b12d0913b42ab4885cc88b7c8aa784209f5a978cbcee6a4f9c2c9ea41d,1
C:\Users\dondo\OneDrive\Documents\ADBU CSE(AI & ML)\5th sem\Minor Project\Project Prototype\Brain-Tumor-Minor-Project\dataset\Brain Tumor MRI images\Tumor\glioma (629).jpg,Brain Tumor MRI images/Tumor/glioma (629).jpg,1,Tumor,MRI,cfa756daaa131027733bde84cf7cf9e2808e7f6e45e190fcb7c69c28d5cb910c,1
C:\Users\dondo\OneDrive\Documents\ADBU CSE(AI & ML)\5th sem\Minor Project\Project Prototype\Brain-Tumor-Minor-Project\dataset\Brain Tumor MRI images\Tumor\glioma (63).jpg,Brain Tumor MRI images/Tumor/glioma (63).jpg,1,Tumor,MRI,ddebdf066cc8125a665b239516660424d8b914ba89fec78bab1f341d09639ae8,1
C:\Users\dondo\OneDrive\Documents\ADBU CSE(AI & ML)\5th sem\Minor Project\Project Prototype\Brain-Tumor-Minor-Project\dataset\Brain Tumor MRI images\Tumor\glioma (630).jpg,Brain Tumor MRI images/Tumor/glioma (630).jpg,1,Tumor,MRI,5a0fbd5cf7d2f5feea630a44c26aab52b132d76ff4fe11e750f0bac4e60fe6ac,1
C:\Users\dondo\OneDrive\Documents\ADBU CSE(AI & ML)\5th sem\Minor Project\Project Prototype\Brain-Tumor-Minor-Project\dataset\Brain Tumor MRI images\Tumor\glioma (631).jpg,Brain Tumor MRI images/Tumor/glioma (631).jpg,1,Tumor,MRI,3670681626280262fc7e1e6c4a2fcf2f11c265748c72815f16df2b64c501e93f,1
C:\Users\dondo\OneDrive\Documents\ADBU CSE(AI & ML)\5th sem\Minor Project\Project Prototype\Brain-Tumor-Minor-Project\dataset\Brain Tumor MRI images\Tumor\glioma (635).jpg,Brain Tumor MRI images/Tumor/glioma (635).jpg,1,Tumor,MRI,d084be620315ca72afadaa4378bac2181c2ef8d5f5dc3ac02b0d9d175b924234,1
C:\Users\dondo\OneDrive\Documents\ADBU CSE(AI & ML)\5th sem\Minor Project\Project Prototype\Brain-Tumor-Minor-Project\dataset\Brain Tumor MRI images\Tumor\glioma (637).jpg,Brain Tumor MRI images/Tumor/glioma (637).jpg,1,Tumor,MRI,e525135a4b3c965102255d26430ab12c1be686b955d09b1ac5ef8f0586bfa32b,1
C:\Users\dondo\OneDrive\Documents\ADBU CSE(AI & ML)\5th sem\Minor Project\Project Prototype\Brain-Tumor-Minor-Project\dataset\Brain Tumor MRI images\Tumor\glioma (638).jpg,Brain Tumor MRI images/Tumor/glioma (638).jpg,1,Tumor,MRI,d05d5d19025d826938dda73d4e7cd77e8bbc40d3f4933f49ffd2bf91d44d6f04,1
C:\Users\dondo\OneDrive\Documents\ADBU CSE(AI & ML)\5th sem\Minor Project\Project Prototype\Brain-Tumor-Minor-Project\dataset\Brain Tumor MRI images\Tumor\glioma (639).jpg,Brain Tumor MRI images/Tumor/glioma (639).jpg,1,Tumor,MRI,b19da28a8a8c0db4be17317ae23a9524ee0e7d18b2392efa4c479eaa19853739,1
C:\Users\dondo\OneDrive\Documents\ADBU CSE(AI & ML)\5th sem\Minor Project\Project Prototype\Brain-Tumor-Minor-Project\dataset\Brain Tumor MRI images\Tumor\glioma (64).jpg,Brain Tumor MRI images/Tumor/glioma (64).jpg,1,Tumor,MRI,556aa18e8e7e29812a006ad72ed5f660a691c4b83c48dd737fb519c0cb32e9dd,1
C:\Users\dondo\OneDrive\Documents\ADBU CSE(AI & ML)\5th sem\Minor Project\Project Prototype\Brain-Tumor-Minor-Project\dataset\Brain Tumor MRI images\Tumor\glioma (640).jpg,Brain Tumor MRI images/Tumor/glioma (640).jpg,1,Tumor,MRI,5f417ac1c03b5155b30205e7966254f2af258870e3641a0767e6b4c3c4b8f453,1
C:\Users\dondo\OneDrive\Documents\ADBU CSE(AI & ML)\5th sem\Minor Project\Project Prototype\Brain-Tumor-Minor-Project\dataset\Brain Tumor MRI images\Tumor\glioma (641).jpg,Brain Tumor MRI images/Tumor/glioma (641).jpg,1,Tumor,MRI,4d7171210517cebb200ec4d4b4533f3ac371fb69a98485fdf7aa721103cb502e,1
C:\Users\dondo\OneDrive\Documents\ADBU CSE(AI & ML)\5th sem\Minor Project\Project Prototype\Brain-Tumor-Minor-Project\dataset\Brain Tumor MRI images\Tumor\glioma (642).jpg,Brain Tumor MRI images/Tumor/glioma (642).jpg,1,Tumor,MRI,52841572d1ba49745da7f93969604d5b99adcde232ff08629de02fe44af8f97a,1
C:\Users\dondo\OneDrive\Documents\ADBU CSE(AI & ML)\5th sem\Minor Project\Project Prototype\Brain-Tumor-Minor-Project\dataset\Brain Tumor MRI images\Tumor\glioma (645).jpg,Brain Tumor MRI images/Tumor/glioma (645).jpg,1,Tumor,MRI,7f40f4929b689e02934089405d7223286aa07b13d667757b7590b34e84101387,1
C:\Users\dondo\OneDrive\Documents\ADBU CSE(AI & ML)\5th sem\Minor Project\Project Prototype\Brain-Tumor-Minor-Project\dataset\Brain Tumor MRI images\Tumor\glioma (646).jpg,Brain Tumor MRI images/Tumor/glioma (646).jpg,1,Tumor,MRI,c53075860fa50fb4f34421848bd487901085941d30e53b87f3c2daf617fe7cd5,1
C:\Users\dondo\OneDrive\Documents\ADBU CSE(AI & ML)\5th sem\Minor Project\Project Prototype\Brain-Tumor-Minor-Project\dataset\Brain Tumor MRI images\Tumor\glioma (647).jpg,Brain Tumor MRI images/Tumor/glioma (647).jpg,1,Tumor,MRI,82a1ebbb3330dc8a1a8e70124af317e1abb4c18dd7126a112121c4aef203d7ac,1
C:\Users\dondo\OneDrive\Documents\ADBU CSE(AI & ML)\5th sem\Minor Project\Project Prototype\Brain-Tumor-Minor-Project\dataset\Brain Tumor MRI images\Tumor\glioma (648).jpg,Brain Tumor MRI images/Tumor/glioma (648).jpg,1,Tumor,MRI,13300c30297dd1eb7c9c92a4feb9e8550b9f886658332843b7d68f5094cfd65b,1
C:\Users\dondo\OneDrive\Documents\ADBU CSE(AI & ML)\5th sem\Minor Project\Project Prototype\Brain-Tumor-Minor-Project\dataset\Brain Tumor MRI images\Tumor\glioma (649).jpg,Brain Tumor MRI images/Tumor/glioma (649).jpg,1,Tumor,MRI,9b5ad7a80f89d33cd40d4d13aa4aae23e5eb906cbc0db3b1f9200ac4fa68f40f,1
C:\Users\dondo\OneDrive\Documents\ADBU CSE(AI & ML)\5th sem\Minor Project\Project Prototype\Brain-Tumor-Minor-Project\dataset\Brain Tumor MRI images\Tumor\glioma (65).jpg,Brain Tumor MRI images/Tumor/glioma (65).jpg,1,Tumor,MRI,b560b11b3494c7f745e0223c5ea2d7c636fdfd53848e08b0569b82b0bf72377d,1
C:\Users\dondo\OneDrive\Documents\ADBU CSE(AI & ML)\5th sem\Minor Project\Project Prototype\Brain-Tumor-Minor-Project\dataset\Brain Tumor MRI images\Tumor\glioma (651).jpg,Brain Tumor MRI images/Tumor/glioma (651).jpg,1,Tumor,MRI,edfdf08542189d9313f5300b393a85447f52d5a82afadaef007c1c7471ddc44a,1
C:\Users\dondo\OneDrive\Documents\ADBU CSE(AI & ML)\5th sem\Minor Project\Project Prototype\Brain-Tumor-Minor-Project\dataset\Brain Tumor MRI images\Tumor\glioma (653).jpg,Brain Tumor MRI images/Tumor/glioma (653).jpg,1,Tumor,MRI,d32586e5806fad7caf388ecdc12605ff2438f00698365b1ba55c692ef2868fd6,1
C:\Users\dondo\OneDrive\Documents\ADBU CSE(AI & ML)\5th sem\Minor Project\Project Prototype\Brain-Tumor-Minor-Project\dataset\Brain Tumor MRI images\Tumor\glioma (654).jpg,Brain Tumor MRI images/Tumor/glioma (654).jpg,1,Tumor,MRI,d15bdc45475fc3b99c769951ca111b636c050e68fa92c4ffa73c22a8f7b43d33,1
C:\Users\dondo\OneDrive\Documents\ADBU CSE(AI & ML)\5th sem\Minor Project\Project Prototype\Brain-Tumor-Minor-Project\dataset\Brain Tumor MRI images\Tumor\glioma (655).jpg,Brain Tumor MRI images/Tumor/glioma (655).jpg,1,Tumor,MRI,78ec016c9edbbb14c174cebad1866b37a3374c09238a516c6963b29fc5607af1,1
C:\Users\dondo\OneDrive\Documents\ADBU CSE(AI & ML)\5th sem\Minor Project\Project Prototype\Brain-Tumor-Minor-Project\dataset\Brain Tumor MRI images\Tumor\glioma (656).jpg,Brain Tumor MRI images/Tumor/glioma (656).jpg,1,Tumor,MRI,ae7c777a682d6ae883ba3782a58e517d61cfc8a4b3a206a2739fbacc2f425949,1
C:\Users\dondo\OneDrive\Documents\ADBU CSE(AI & ML)\5th sem\Minor Project\Project Prototype\Brain-Tumor-Minor-Project\dataset\Brain Tumor MRI images\Tumor\glioma (657).jpg,Brain Tumor MRI images/Tumor/glioma (657).jpg,1,Tumor,MRI,4c2c5ca7ae9544550adc1fbe431c956605a7d2162613c18b9686bb30789b4054,1
C:\Users\dondo\OneDrive\Documents\ADBU CSE(AI & ML)\5th sem\Minor Project\Project Prototype\Brain-Tumor-Minor-Project\dataset\Brain Tumor MRI images\Tumor\glioma (659).jpg,Brain Tumor MRI images/Tumor/glioma (659).jpg,1,Tumor,MRI,b238c3f18e2bf69958bde7e58fbfec68ea060cf85fccb5961c4835ad7a37ee1d,1
C:\Users\dondo\OneDrive\Documents\ADBU CSE(AI & ML)\5th sem\Minor Project\Project Prototype\Brain-Tumor-Minor-Project\dataset\Brain Tumor MRI images\Tumor\glioma (660).jpg,Brain Tumor MRI images/Tumor/glioma (660).jpg,1,Tumor,MRI,2312ad580c0f22ed81c3f806d0b434a78e6d8fb43be7d6b51f226c310844d1f6,1
C:\Users\dondo\OneDrive\Documents\ADBU CSE(AI & ML)\5th sem\Minor Project\Project Prototype\Brain-Tumor-Minor-Project\dataset\Brain Tumor MRI images\Tumor\glioma (661).jpg,Brain Tumor MRI images/Tumor/glioma (661).jpg,1,Tumor,MRI,517e77250472d233a39c8e69090b672a77af01fbce11fc86d2fdb9e9a672b774,1
C:\Users\dondo\OneDrive\Documents\ADBU CSE(AI & ML)\5th sem\Minor Project\Project Prototype\Brain-Tumor-Minor-Project\dataset\Brain Tumor MRI images\Tumor\glioma (662).jpg,Brain Tumor MRI images/Tumor/glioma (662).jpg,1,Tumor,MRI,20c84d6fe12f713b36cfc4af7e6d7407a6e63c33122033e0fb3d5058bff77937,1
C:\Users\dondo\OneDrive\Documents\ADBU CSE(AI & ML)\5th sem\Minor Project\Project Prototype\Brain-Tumor-Minor-Project\dataset\Brain Tumor MRI images\Tumor\glioma (663).jpg,Brain Tumor MRI images/Tumor/glioma (663).jpg,1,Tumor,MRI,db5d0f26fa54a102647a217204e35aafb62b503e812c8dc497ed65eabac93937,1
C:\Users\dondo\OneDrive\Documents\ADBU CSE(AI & ML)\5th sem\Minor Project\Project Prototype\Brain-Tumor-Minor-Project\dataset\Brain Tumor MRI images\Tumor\glioma (664).jpg,Brain Tumor MRI images/Tumor/glioma (664).jpg,1,Tumor,MRI,d9782c0f16603d54a977ad5da5310799b9bb15af26045ca94fa61500ce8735f8,1
C:\Users\dondo\OneDrive\Documents\ADBU CSE(AI & ML)\5th sem\Minor Project\Project Prototype\Brain-Tumor-Minor-Project\dataset\Brain Tumor MRI images\Tumor\glioma (665).jpg,Brain Tumor MRI images/Tumor/glioma (665).jpg,1,Tumor,MRI,b5c1cad13c8b43a1038e48907b9363b6366b09266c791e43c1a71b567697cdea,1
C:\Users\dondo\OneDrive\Documents\ADBU CSE(AI & ML)\5th sem\Minor Project\Project Prototype\Brain-Tumor-Minor-Project\dataset\Brain Tumor MRI images\Tumor\glioma (666).jpg,Brain Tumor MRI images/Tumor/glioma (666).jpg,1,Tumor,MRI,d3b02361eac96c804bb1d81a9bfc6793c63a4b0437249a2eb21ff2b92ac93ef6,1
C:\Users\dondo\OneDrive\Documents\ADBU CSE(AI & ML)\5th sem\Minor Project\Project Prototype\Brain-Tumor-Minor-Project\dataset\Brain Tumor MRI images\Tumor\glioma (667).jpg,Brain Tumor MRI images/Tumor/glioma (667).jpg,1,Tumor,MRI,23caf616b14d79b53e69615edeab7949294aae0adb768c3a903cc799058b8e3b,1
C:\Users\dondo\OneDrive\Documents\ADBU CSE(AI & ML)\5th sem\Minor Project\Project Prototype\Brain-Tumor-Minor-Project\dataset\Brain Tumor MRI images\Tumor\glioma (669).jpg,Brain Tumor MRI images/Tumor/glioma (669).jpg,1,Tumor,MRI,581f8c86be9230b5adfbff9c7b43d4649e2931e3f65055c9c2e7632232aa5d2e,1
C:\Users\dondo\OneDrive\Documents\ADBU CSE(AI & ML)\5th sem\Minor Project\Project Prototype\Brain-Tumor-Minor-Project\dataset\Brain Tumor MRI images\Tumor\glioma (67).jpg,Brain Tumor MRI images/Tumor/glioma (67).jpg,1,Tumor,MRI,662d1411e093e9deea1214422178d2722874184a2a4c070c34b63aaa9dadb458,1
C:\Users\dondo\OneDrive\Documents\ADBU CSE(AI & ML)\5th sem\Minor Project\Project Prototype\Brain-Tumor-Minor-Project\dataset\Brain Tumor MRI images\Tumor\glioma (670).jpg,Brain Tumor MRI images/Tumor/glioma (670).jpg,1,Tumor,MRI,896a3a5e907e48d045a6679781fe3b28757753df5142788c7380a0c266dee76f,1
C:\Users\dondo\OneDrive\Documents\ADBU CSE(AI & ML)\5th sem\Minor Project\Project Prototype\Brain-Tumor-Minor-Project\dataset\Brain Tumor MRI images\Tumor\glioma (68).jpg,Brain Tumor MRI images/Tumor/glioma (68).jpg,1,Tumor,MRI,6a85bc3cab18c013cfe53f053dd484e6b996e41240e46cf76e004e7620cbe811,1
C:\Users\dondo\OneDrive\Documents\ADBU CSE(AI & ML)\5th sem\Minor Project\Project Prototype\Brain-Tumor-Minor-Project\dataset\Brain Tumor MRI images\Tumor\glioma (69).jpg,Brain Tumor MRI images/Tumor/glioma (69).jpg,1,Tumor,MRI,fa1561b1ed041f752f1cb62d0e1a5e20908c9dc9bd1501508ddb44c7596282d1,1
C:\Users\dondo\OneDrive\Documents\ADBU CSE(AI & ML)\5th sem\Minor Project\Project Prototype\Brain-Tumor-Minor-Project\dataset\Brain Tumor MRI images\Tumor\glioma (7).jpg,Brain Tumor MRI images/Tumor/glioma (7).jpg,1,Tumor,MRI,d87e9d4c9fccec72ede0a50d1814e83402b34f39d5dfbd91bd6371eabb7c9e15,1
C:\Users\dondo\OneDrive\Documents\ADBU CSE(AI & ML)\5th sem\Minor Project\Project Prototype\Brain-Tumor-Minor-Project\dataset\Brain Tumor MRI images\Tumor\glioma (70).jpg,Brain Tumor MRI images/Tumor/glioma (70).jpg,1,Tumor,MRI,24d5c2e4f8f4c5c16e73a42ff68d152cf5ccc14aaaabad61dc379709a4bb3d03,1
C:\Users\dondo\OneDrive\Documents\ADBU CSE(AI & ML)\5th sem\Minor Project\Project Prototype\Brain-Tumor-Minor-Project\dataset\Brain Tumor MRI images\Tumor\glioma (73).jpg,Brain Tumor MRI images/Tumor/glioma (73).jpg,1,Tumor,MRI,e8227c9c2f299eb4727b85ac58a048a927a36ed313b98984b65721935a93fb25,1
C:\Users\dondo\OneDrive\Documents\ADBU CSE(AI & ML)\5th sem\Minor Project\Project Prototype\Brain-Tumor-Minor-Project\dataset\Brain Tumor MRI images\Tumor\glioma (74).jpg,Brain Tumor MRI images/Tumor/glioma (74).jpg,1,Tumor,MRI,80c08c0004a17b5d2fc6d73c6086a4220a5eeede4c5461a8ef7ddb2b950e2611,1
C:\Users\dondo\OneDrive\Documents\ADBU CSE(AI & ML)\5th sem\Minor Project\Project Prototype\Brain-Tumor-Minor-Project\dataset\Brain Tumor MRI images\Tumor\glioma (75).jpg,Brain Tumor MRI images/Tumor/glioma (75).jpg,1,Tumor,MRI,f4f9131c84de8d922fd9f37da2352c43359aaf08e62d6e9549729d2daf90eb1f,1
C:\Users\dondo\OneDrive\Documents\ADBU CSE(AI & ML)\5th sem\Minor Project\Project Prototype\Brain-Tumor-Minor-Project\dataset\Brain Tumor MRI images\Tumor\glioma (76).jpg,Brain Tumor MRI images/Tumor/glioma (76).jpg,1,Tumor,MRI,b44c026c02a7eab21673a64f6462d2a058e953b66ab09db558debf3e78784f79,1
C:\Users\dondo\OneDrive\Documents\ADBU CSE(AI & ML)\5th sem\Minor Project\Project Prototype\Brain-Tumor-Minor-Project\dataset\Brain Tumor MRI images\Tumor\glioma (78).jpg,Brain Tumor MRI images/Tumor/glioma (78).jpg,1,Tumor,MRI,15312c95a8463f4b6423f1b1bda4059adf4bb15cdcd3d2ec9370bf4fe5c5d485,1
C:\Users\dondo\OneDrive\Documents\ADBU CSE(AI & ML)\5th sem\Minor Project\Project Prototype\Brain-Tumor-Minor-Project\dataset\Brain Tumor MRI images\Tumor\glioma (79).jpg,Brain Tumor MRI images/Tumor/glioma (79).jpg,1,Tumor,MRI,bbc4e35c296b9721e6f2f28cdbb7d2ae2c2779c9bbc6b4d5a68b6fc10040c48b,1
C:\Users\dondo\OneDrive\Documents\ADBU CSE(AI & ML)\5th sem\Minor Project\Project Prototype\Brain-Tumor-Minor-Project\dataset\Brain Tumor MRI images\Tumor\glioma (8).jpg,Brain Tumor MRI images/Tumor/glioma (8).jpg,1,Tumor,MRI,230d9d2a3f6530605cbd1248b8162113ade297ab34dc4adafb2e522efe6a8d74,1
C:\Users\dondo\OneDrive\Documents\ADBU CSE(AI & ML)\5th sem\Minor Project\Project Prototype\Brain-Tumor-Minor-Project\dataset\Brain Tumor MRI images\Tumor\glioma (82).jpg,Brain Tumor MRI images/Tumor/glioma (82).jpg,1,Tumor,MRI,1f767ada598a6397d4fa9617843d8d02af57a93e24d9117cd819e403fbea2a51,1
C:\Users\dondo\OneDrive\Documents\ADBU CSE(AI & ML)\5th sem\Minor Project\Project Prototype\Brain-Tumor-Minor-Project\dataset\Brain Tumor MRI images\Tumor\glioma (83).jpg,Brain Tumor MRI images/Tumor/glioma (83).jpg,1,Tumor,MRI,5038ee7f8b938b2a8f1ea0179b5af2abcb08bbf0398fad4f68c9fe0daae29196,1
C:\Users\dondo\OneDrive\Documents\ADBU CSE(AI & ML)\5th sem\Minor Project\Project Prototype\Brain-Tumor-Minor-Project\dataset\Brain Tumor MRI images\Tumor\glioma (84).jpg,Brain Tumor MRI images/Tumor/glioma (84).jpg,1,Tumor,MRI,74c53e00f9957821fa2f1507a468631a970c8c1cda27ac4e2de1cd4b1f65c835,1
C:\Users\dondo\OneDrive\Documents\ADBU CSE(AI & ML)\5th sem\Minor Project\Project Prototype\Brain-Tumor-Minor-Project\dataset\Brain Tumor MRI images\Tumor\glioma (85).jpg,Brain Tumor MRI images/Tumor/glioma (85).jpg,1,Tumor,MRI,99e140307c734a4601ddc374ffda72bd828709bee573793c5acd483d9b362e09,1
C:\Users\dondo\OneDrive\Documents\ADBU CSE(AI & ML)\5th sem\Minor Project\Project Prototype\Brain-Tumor-Minor-Project\dataset\Brain Tumor MRI images\Tumor\glioma (88).jpg,Brain Tumor MRI images/Tumor/glioma (88).jpg,1,Tumor,MRI,60e8e89b3be0e078054cd9281f32f52f3ccc71cdd3900ffd5d5c00a0845f6cd9,1
C:\Users\dondo\OneDrive\Documents\ADBU CSE(AI & ML)\5th sem\Minor Project\Project Prototype\Brain-Tumor-Minor-Project\dataset\Brain Tumor MRI images\Tumor\glioma (89).jpg,Brain Tumor MRI images/Tumor/glioma (89).jpg,1,Tumor,MRI,cc1900a528af2192df85dab163f67a19eae48b076fcf8aec3b1d2d5875d87a1c,1
C:\Users\dondo\OneDrive\Documents\ADBU CSE(AI & ML)\5th sem\Minor Project\Project Prototype\Brain-Tumor-Minor-Project\dataset\Brain Tumor MRI images\Tumor\glioma (9).jpg,Brain Tumor MRI images/Tumor/glioma (9).jpg,1,Tumor,MRI,b98473b19c96cecdbd490f5921053b7a57652a4acc6a9a34fc91596f8ba613aa,1
C:\Users\dondo\OneDrive\Documents\ADBU CSE(AI & ML)\5th sem\Minor Project\Project Prototype\Brain-Tumor-Minor-Project\dataset\Brain Tumor MRI images\Tumor\glioma (91).jpg,Brain Tumor MRI images/Tumor/glioma (91).jpg,1,Tumor,MRI,031ab905d7c17f718be28eb3d9b78b985b310c7ad94eea8d84dd909a9ff16b21,1
C:\Users\dondo\OneDrive\Documents\ADBU CSE(AI & ML)\5th sem\Minor Project\Project Prototype\Brain-Tumor-Minor-Project\dataset\Brain Tumor MRI images\Tumor\glioma (92).jpg,Brain Tumor MRI images/Tumor/glioma (92).jpg,1,Tumor,MRI,62a470c6b2baf465a0c2ff6f38e5b29de59cb7a543843eae026a56c157bc755c,1
C:\Users\dondo\OneDrive\Documents\ADBU CSE(AI & ML)\5th sem\Minor Project\Project Prototype\Brain-Tumor-Minor-Project\dataset\Brain Tumor MRI images\Tumor\glioma (93).jpg,Brain Tumor MRI images/Tumor/glioma (93).jpg,1,Tumor,MRI,7991f501730e7e1173f88c251e37a5a6614bcff3a62d2795061924abad63b9f4,1
C:\Users\dondo\OneDrive\Documents\ADBU CSE(AI & ML)\5th sem\Minor Project\Project Prototype\Brain-Tumor-Minor-Project\dataset\Brain Tumor MRI images\Tumor\glioma (96).jpg,Brain Tumor MRI images/Tumor/glioma (96).jpg,1,Tumor,MRI,40c250d958a05f420f31ffa671c881dd374320416bac71bb571dd8906faac0ac,1
C:\Users\dondo\OneDrive\Documents\ADBU CSE(AI & ML)\5th sem\Minor Project\Project Prototype\Brain-Tumor-Minor-Project\dataset\Brain Tumor MRI images\Tumor\glioma (97).jpg,Brain Tumor MRI images/Tumor/glioma (97).jpg,1,Tumor,MRI,27cfbd4690cf8210f08207dba0555d5042df6ac7a6e95c5e0e837aa46791262c,1
C:\Users\dondo\OneDrive\Documents\ADBU CSE(AI & ML)\5th sem\Minor Project\Project Prototype\Brain-Tumor-Minor-Project\dataset\Brain Tumor MRI images\Tumor\glioma (98).jpg,Brain Tumor MRI images/Tumor/glioma (98).jpg,1,Tumor,MRI,1ead688ab717b1a461e0bd92fb54b04af5fbeda1b3ba238746d3804e87ba644e,1
C:\Users\dondo\OneDrive\Documents\ADBU CSE(AI & ML)\5th sem\Minor Project\Project Prototype\Brain-Tumor-Minor-Project\dataset\Brain Tumor MRI images\Tumor\glioma (99).jpg,Brain Tumor MRI images/Tumor/glioma (99).jpg,1,Tumor,MRI,2bd6ab8b6f4ec7a1bd409d405c62645d2cb9b386c09aba7469959ce254838162,1
C:\Users\dondo\OneDrive\Documents\ADBU CSE(AI & ML)\5th sem\Minor Project\Project Prototype\Brain-Tumor-Minor-Project\dataset\Brain Tumor MRI images\Tumor\meningioma (1).jpg,Brain Tumor MRI images/Tumor/meningioma (1).jpg,1,Tumor,MRI,7928a8e39fb9b11cd2ba3b1b3d2a32111b3fb0132708ddfaada43b9bf5665179,1
C:\Users\dondo\OneDrive\Documents\ADBU CSE(AI & ML)\5th sem\Minor Project\Project Prototype\Brain-Tumor-Minor-Project\dataset\Brain Tumor MRI images\Tumor\meningioma (10).jpg,Brain Tumor MRI images/Tumor/meningioma (10).jpg,1,Tumor,MRI,bb76bd7ddf5080b81b75db8515419d1388da0d1d8e438e1fee7d6f04972b2f1e,1
C:\Users\dondo\OneDrive\Documents\ADBU CSE(AI & ML)\5th sem\Minor Project\Project Prototype\Brain-Tumor-Minor-Project\dataset\Brain Tumor MRI images\Tumor\meningioma (1000).jpg,Brain Tumor MRI images/Tumor/meningioma (1000).jpg,1,Tumor,MRI,259160fc61bd3cdc54b109243989373c0c5066648635fadfc35130532377e4fd,1
C:\Users\dondo\OneDrive\Documents\ADBU CSE(AI & ML)\5th sem\Minor Project\Project Prototype\Brain-Tumor-Minor-Project\dataset\Brain Tumor MRI images\Tumor\meningioma (1001).jpg,Brain Tumor MRI images/Tumor/meningioma (1001).jpg,1,Tumor,MRI,b5f638ed4cdb3a5bbbf8c8fbdc69adb1704653a41e5af6ca5cdcd1e7f33103b8,2
C:\Users\dondo\OneDrive\Documents\ADBU CSE(AI & ML)\5th sem\Minor Project\Project Prototype\Brain-Tumor-Minor-Project\dataset\Brain Tumor MRI images\Tumor\meningioma (1002).jpg,Brain Tumor MRI images/Tumor/meningioma (1002).jpg,1,Tumor,MRI,6c24fa4314b8b58de047dd2a012879b63da8e1584be4c0a99ce3a3223e9463bf,2
C:\Users\dondo\OneDrive\Documents\ADBU CSE(AI & ML)\5th sem\Minor Project\Project Prototype\Brain-Tumor-Minor-Project\dataset\Brain Tumor MRI images\Tumor\meningioma (1003).jpg,Brain Tumor MRI images/Tumor/meningioma (1003).jpg,1,Tumor,MRI,e90dda073876f5717c5aa1929172ae3e6f0de924d8d748065bab8eaefb04efbe,2
C:\Users\dondo\OneDrive\Documents\ADBU CSE(AI & ML)\5th sem\Minor Project\Project Prototype\Brain-Tumor-Minor-Project\dataset\Brain Tumor MRI images\Tumor\meningioma (1005).jpg,Brain Tumor MRI images/Tumor/meningioma (1005).jpg,1,Tumor,MRI,be9bc08c2bcff4afaaa7a7920974478de355a10a2747a5dc30002ab0d959382c,2
C:\Users\dondo\OneDrive\Documents\ADBU CSE(AI & ML)\5th sem\Minor Project\Project Prototype\Brain-Tumor-Minor-Project\dataset\Brain Tumor MRI images\Tumor\meningioma (1007).jpg,Brain Tumor MRI images/Tumor/meningioma (1007).jpg,1,Tumor,MRI,32906b1258f8fe7dc17f1db78a56f5cf3dd8225ef99ff06430edafd5a1161c16,1
C:\Users\dondo\OneDrive\Documents\ADBU CSE(AI & ML)\5th sem\Minor Project\Project Prototype\Brain-Tumor-Minor-Project\dataset\Brain Tumor MRI images\Tumor\meningioma (1008).jpg,Brain Tumor MRI images/Tumor/meningioma (1008).jpg,1,Tumor,MRI,6e8db8b91064a21505fc10fdd135b496378862c2ad218520c7da342f13261945,1
C:\Users\dondo\OneDrive\Documents\ADBU CSE(AI & ML)\5th sem\Minor Project\Project Prototype\Brain-Tumor-Minor-Project\dataset\Brain Tumor MRI images\Tumor\meningioma (1009).jpg,Brain Tumor MRI images/Tumor/meningioma (1009).jpg,1,Tumor,MRI,db34dd1fc9909f11114228ea037d9240c48e3432015de59926494d805178eb99,2
C:\Users\dondo\OneDrive\Documents\ADBU CSE(AI & ML)\5th sem\Minor Project\Project Prototype\Brain-Tumor-Minor-Project\dataset\Brain Tumor MRI images\Tumor\meningioma (1011).jpg,Brain Tumor MRI images/Tumor/meningioma (1011).jpg,1,Tumor,MRI,3a0a1d1ca18831765c16a86a7975927601c00f2f88b54d6c090d15478ab42d25,1
C:\Users\dondo\OneDrive\Documents\ADBU CSE(AI & ML)\5th sem\Minor Project\Project Prototype\Brain-Tumor-Minor-Project\dataset\Brain Tumor MRI images\Tumor\meningioma (1013).jpg,Brain Tumor MRI images/Tumor/meningioma (1013).jpg,1,Tumor,MRI,f19553ec142702869eac9360e52ac3ef48c524231f893bacb7e6eb70590cb84d,1
C:\Users\dondo\OneDrive\Documents\ADBU CSE(AI & ML)\5th sem\Minor Project\Project Prototype\Brain-Tumor-Minor-Project\dataset\Brain Tumor MRI images\Tumor\meningioma (1014).jpg,Brain Tumor MRI images/Tumor/meningioma (1014).jpg,1,Tumor,MRI,d494b648fc8d6317e58e806b88128551fef09605e8d95551632a59200b283d65,2
C:\Users\dondo\OneDrive\Documents\ADBU CSE(AI & ML)\5th sem\Minor Project\Project Prototype\Brain-Tumor-Minor-Project\dataset\Brain Tumor MRI images\Tumor\meningioma (1015).jpg,Brain Tumor MRI images/Tumor/meningioma (1015).jpg,1,Tumor,MRI,c79956b72131a078b5704ab2b389dc1d81b7b97fd1bb3740ec9137b4f7944336,3
C:\Users\dondo\OneDrive\Documents\ADBU CSE(AI & ML)\5th sem\Minor Project\Project Prototype\Brain-Tumor-Minor-Project\dataset\Brain Tumor MRI images\Tumor\meningioma (1016).jpg,Brain Tumor MRI images/Tumor/meningioma (1016).jpg,1,Tumor,MRI,0c749dd44533458e9d75ef7ea8fb2f932358f2bd5f17c4f109831185a737e7cb,1
C:\Users\dondo\OneDrive\Documents\ADBU CSE(AI & ML)\5th sem\Minor Project\Project Prototype\Brain-Tumor-Minor-Project\dataset\Brain Tumor MRI images\Tumor\meningioma (1017).jpg,Brain Tumor MRI images/Tumor/meningioma (1017).jpg,1,Tumor,MRI,1a997c713c520bfd8dc6a8f9f5940a6a97a3370d5834bc43925d09e52a9cace3,2
C:\Users\dondo\OneDrive\Documents\ADBU CSE(AI & ML)\5th sem\Minor Project\Project Prototype\Brain-Tumor-Minor-Project\dataset\Brain Tumor MRI images\Tumor\meningioma (1019).jpg,Brain Tumor MRI images/Tumor/meningioma (1019).jpg,1,Tumor,MRI,7685d9e5d78cadc53749246017add57b334352dc2b89c3901618484be5bf954c,2
C:\Users\dondo\OneDrive\Documents\ADBU CSE(AI & ML)\5th sem\Minor Project\Project Prototype\Brain-Tumor-Minor-Project\dataset\Brain Tumor MRI images\Tumor\meningioma (102).jpg,Brain Tumor MRI images/Tumor/meningioma (102).jpg,1,Tumor,MRI,785d9c5b9a5ca23c93194e32b87ec455756183fb8a64b1b73521b7197fd45834,1
C:\Users\dondo\OneDrive\Documents\ADBU CSE(AI & ML)\5th sem\Minor Project\Project Prototype\Brain-Tumor-Minor-Project\dataset\Brain Tumor MRI images\Tumor\meningioma (1020).jpg,Brain Tumor MRI images/Tumor/meningioma (1020).jpg,1,Tumor,MRI,1f37e8ed3e4d28e6a4cf812f3b32f52b14d810f4310a70ff3359bf17c05f28ee,1
C:\Users\dondo\OneDrive\Documents\ADBU CSE(AI & ML)\5th sem\Minor Project\Project Prototype\Brain-Tumor-Minor-Project\dataset\Brain Tumor MRI images\Tumor\meningioma (1021).jpg,Brain Tumor MRI images/Tumor/meningioma (1021).jpg,1,Tumor,MRI,eaecef03f9b8b51201338cbfbbbba7b08194360e079ddab11f50da0c78b76f5e,2
C:\Users\dondo\OneDrive\Documents\ADBU CSE(AI & ML)\5th sem\Minor Project\Project Prototype\Brain-Tumor-Minor-Project\dataset\Brain Tumor MRI images\Tumor\meningioma (1022).jpg,Brain Tumor MRI images/Tumor/meningioma (1022).jpg,1,Tumor,MRI,83333576b0351d2387ad5dd71846451f27ff74e21dbc5fdf4ecc6701da2b0c44,2
C:\Users\dondo\OneDrive\Documents\ADBU CSE(AI & ML)\5th sem\Minor Project\Project Prototype\Brain-Tumor-Minor-Project\dataset\Brain Tumor MRI images\Tumor\meningioma (1023).jpg,Brain Tumor MRI images/Tumor/meningioma (1023).jpg,1,Tumor,MRI,a99ff9faa5b01003335294fb425a7a0d230d4e092cdfc14632301abc6310f06a,1
C:\Users\dondo\OneDrive\Documents\ADBU CSE(AI & ML)\5th sem\Minor Project\Project Prototype\Brain-Tumor-Minor-Project\dataset\Brain Tumor MRI images\Tumor\meningioma (1026).jpg,Brain Tumor MRI images/Tumor/meningioma (1026).jpg,1,Tumor,MRI,e893c757cc0dc819b6e07525e5d844e6d65d152415c89dedc2a55cde88668688,4
C:\Users\dondo\OneDrive\Documents\ADBU CSE(AI & ML)\5th sem\Minor Project\Project Prototype\Brain-Tumor-Minor-Project\dataset\Brain Tumor MRI images\Tumor\meningioma (1027).jpg,Brain Tumor MRI images/Tumor/meningioma (1027).jpg,1,Tumor,MRI,a003201cc5a187e23cd463d2aaf6b714b1c53cb37d0947a4c981dd121fa65a07,1
C:\Users\dondo\OneDrive\Documents\ADBU CSE(AI & ML)\5th sem\Minor Project\Project Prototype\Brain-Tumor-Minor-Project\dataset\Brain Tumor MRI images\Tumor\meningioma (1028).jpg,Brain Tumor MRI images/Tumor/meningioma (1028).jpg,1,Tumor,MRI,c38182002eabbc51a667801a75cd5cf675b63697e76918e4002992b438bebcbe,2
C:\Users\dondo\OneDrive\Documents\ADBU CSE(AI & ML)\5th sem\Minor Project\Project Prototype\Brain-Tumor-Minor-Project\dataset\Brain Tumor MRI images\Tumor\meningioma (1029).jpg,Brain Tumor MRI images/Tumor/meningioma (1029).jpg,1,Tumor,MRI,f951c5f2c60f861e7a134345767c8cd0b8b86eddd74563e6598537552768cf25,2
C:\Users\dondo\OneDrive\Documents\ADBU CSE(AI & ML)\5th sem\Minor Project\Project Prototype\Brain-Tumor-Minor-Project\dataset\Brain Tumor MRI images\Tumor\meningioma (103).jpg,Brain Tumor MRI images/Tumor/meningioma (103).jpg,1,Tumor,MRI,129c57f91871d8c06c591e4cc6b73c031f8fe85c4468598970df098a34191c12,1
C:\Users\dondo\OneDrive\Documents\ADBU CSE(AI & ML)\5th sem\Minor Project\Project Prototype\Brain-Tumor-Minor-Project\dataset\Brain Tumor MRI images\Tumor\meningioma (1034).jpg,Brain Tumor MRI images/Tumor/meningioma (1034).jpg,1,Tumor,MRI,005dde5fd2d7abc69226ddd7d9b720bc8c57c58e343c553aa5fcab52fafb8be6,1
C:\Users\dondo\OneDrive\Documents\ADBU CSE(AI & ML)\5th sem\Minor Project\Project Prototype\Brain-Tumor-Minor-Project\dataset\Brain Tumor MRI images\Tumor\meningioma (1035).jpg,Brain Tumor MRI images/Tumor/meningioma (1035).jpg,1,Tumor,MRI,ba5200ee1d4b847369386f07149b432ff06b696d8d133e87933af5c4b3b5111d,1
C:\Users\dondo\OneDrive\Documents\ADBU CSE(AI & ML)\5th sem\Minor Project\Project Prototype\Brain-Tumor-Minor-Project\dataset\Brain Tumor MRI images\Tumor\meningioma (1038).jpg,Brain Tumor MRI images/Tumor/meningioma (1038).jpg,1,Tumor,MRI,85b6e00fda258d7a4c6d4b611f86a90a6cf38187a20f46b5664960839955f2a6,1
C:\Users\dondo\OneDrive\Documents\ADBU CSE(AI & ML)\5th sem\Minor Project\Project Prototype\Brain-Tumor-Minor-Project\dataset\Brain Tumor MRI images\Tumor\meningioma (104).jpg,Brain Tumor MRI images/Tumor/meningioma (104).jpg,1,Tumor,MRI,fe625833efc0b18973161bbe54b04044926e09b75df699eacc9bd7b75b765bab,1
C:\Users\dondo\OneDrive\Documents\ADBU CSE(AI & ML)\5th sem\Minor Project\Project Prototype\Brain-Tumor-Minor-Project\dataset\Brain Tumor MRI images\Tumor\meningioma (1040).jpg,Brain Tumor MRI images/Tumor/meningioma (1040).jpg,1,Tumor,MRI,53c792cf6cd2cde5782552a32afa0ccadb0580adcc219346ea57b20dfa2a1247,1
C:\Users\dondo\OneDrive\Documents\ADBU CSE(AI & ML)\5th sem\Minor Project\Project Prototype\Brain-Tumor-Minor-Project\dataset\Brain Tumor MRI images\Tumor\meningioma (1041).jpg,Brain Tumor MRI images/Tumor/meningioma (1041).jpg,1,Tumor,MRI,584676b23e679525efb8bf8b18e7cc98e474ff2dc2c2be29a207d71ac905ab5c,1
C:\Users\dondo\OneDrive\Documents\ADBU CSE(AI & ML)\5th sem\Minor Project\Project Prototype\Brain-Tumor-Minor-Project\dataset\Brain Tumor MRI images\Tumor\meningioma (1042).jpg,Brain Tumor MRI images/Tumor/meningioma (1042).jpg,1,Tumor,MRI,ff9252061f54d2cdc1ab97b7ab5e4b4cc182aec10b6ba7d37f1cf2afcc83e8f1,1
C:\Users\dondo\OneDrive\Documents\ADBU CSE(AI & ML)\5th sem\Minor Project\Project Prototype\Brain-Tumor-Minor-Project\dataset\Brain Tumor MRI images\Tumor\meningioma (1043).jpg,Brain Tumor MRI images/Tumor/meningioma (1043).jpg,1,Tumor,MRI,d5bf7b5f48c1fe39ce89010cbab447b664ee8a6b4e991889068e28ca74094ac4,2
C:\Users\dondo\OneDrive\Documents\ADBU CSE(AI & ML)\5th sem\Minor Project\Project Prototype\Brain-Tumor-Minor-Project\dataset\Brain Tumor MRI images\Tumor\meningioma (1045).jpg,Brain Tumor MRI images/Tumor/meningioma (1045).jpg,1,Tumor,MRI,20358acdad9b04e54aa571ad962e01b07a076f7ec246baa61145efae23a4f382,2
C:\Users\dondo\OneDrive\Documents\ADBU CSE(AI & ML)\5th sem\Minor Project\Project Prototype\Brain-Tumor-Minor-Project\dataset\Brain Tumor MRI images\Tumor\meningioma (1046).jpg,Brain Tumor MRI images/Tumor/meningioma (1046).jpg,1,Tumor,MRI,503bf1fc9496dbfeca409eb4e5e3d4287a1f0251659c91f7b03115d50924990d,1
C:\Users\dondo\OneDrive\Documents\ADBU CSE(AI & ML)\5th sem\Minor Project\Project Prototype\Brain-Tumor-Minor-Project\dataset\Brain Tumor MRI images\Tumor\meningioma (1047).jpg,Brain Tumor MRI images/Tumor/meningioma (1047).jpg,1,Tumor,MRI,fe7265210081ce57e39adf0195d4fd62bb433c56b1c28d014b702b9a5b00e579,1
C:\Users\dondo\OneDrive\Documents\ADBU CSE(AI & ML)\5th sem\Minor Project\Project Prototype\Brain-Tumor-Minor-Project\dataset\Brain Tumor MRI images\Tumor\meningioma (1048).jpg,Brain Tumor MRI images/Tumor/meningioma (1048).jpg,1,Tumor,MRI,0609971dac1a5f1f02fffb7edc989b4e0ef85c0b7a7e5732a46fdb8ed39879b6,5
C:\Users\dondo\OneDrive\Documents\ADBU CSE(AI & ML)\5th sem\Minor Project\Project Prototype\Brain-Tumor-Minor-Project\dataset\Brain Tumor MRI images\Tumor\meningioma (1049).jpg,Brain Tumor MRI images/Tumor/meningioma (1049).jpg,1,Tumor,MRI,90accb095378c6972f71cb31e19ffdaf5b1346632c0f58dd80304b5a9c97b95a,1
C:\Users\dondo\OneDrive\Documents\ADBU CSE(AI & ML)\5th sem\Minor Project\Project Prototype\Brain-Tumor-Minor-Project\dataset\Brain Tumor MRI images\Tumor\meningioma (105).jpg,Brain Tumor MRI images/Tumor/meningioma (105).jpg,1,Tumor,MRI,5cd510ba616c1910c3e7048c4741d849b9fc9297fcea210e87687b5ed0501e80,1
C:\Users\dondo\OneDrive\Documents\ADBU CSE(AI & ML)\5th sem\Minor Project\Project Prototype\Brain-Tumor-Minor-Project\dataset\Brain Tumor MRI images\Tumor\meningioma (1050).jpg,Brain Tumor MRI images/Tumor/meningioma (1050).jpg,1,Tumor,MRI,a762d3850b7e34293a7af77786c04824ca6ea8ef44c1b244436d76f98fa5d109,1
C:\Users\dondo\OneDrive\Documents\ADBU CSE(AI & ML)\5th sem\Minor Project\Project Prototype\Brain-Tumor-Minor-Project\dataset\Brain Tumor MRI images\Tumor\meningioma (1054).jpg,Brain Tumor MRI images/Tumor/meningioma (1054).jpg,1,Tumor,MRI,265cc11c6c6a7e4de38eb62dc9b6d975fc3f332978a590fbf28245bc5ba72b51,1
C:\Users\dondo\OneDrive\Documents\ADBU CSE(AI & ML)\5th sem\Minor Project\Project Prototype\Brain-Tumor-Minor-Project\dataset\Brain Tumor MRI images\Tumor\meningioma (1055).jpg,Brain Tumor MRI images/Tumor/meningioma (1055).jpg,1,Tumor,MRI,8c326a04853d1d7020d9de064ed10cfd3ca8d077abf7761bf3f8bbe113f9c4cd,1
C:\Users\dondo\OneDrive\Documents\ADBU CSE(AI & ML)\5th sem\Minor Project\Project Prototype\Brain-Tumor-Minor-Project\dataset\Brain Tumor MRI images\Tumor\meningioma (1057).jpg,Brain Tumor MRI images/Tumor/meningioma (1057).jpg,1,Tumor,MRI,4d5b26f58bd450bb49128ba6aadc0c6f87cde52c573ae265d1c7b870c61686b2,2
C:\Users\dondo\OneDrive\Documents\ADBU CSE(AI & ML)\5th sem\Minor Project\Project Prototype\Brain-Tumor-Minor-Project\dataset\Brain Tumor MRI images\Tumor\meningioma (1058).jpg,Brain Tumor MRI images/Tumor/meningioma (1058).jpg,1,Tumor,MRI,ef44e5f8e38fe1281fb5bd4e3436acb86ea142f03115f67448245424733cff37,1
C:\Users\dondo\OneDrive\Documents\ADBU CSE(AI & ML)\5th sem\Minor Project\Project Prototype\Brain-Tumor-Minor-Project\dataset\Brain Tumor MRI images\Tumor\meningioma (1059).jpg,Brain Tumor MRI images/Tumor/meningioma (1059).jpg,1,Tumor,MRI,43a8b41ad8a829ee49c51c4f76fea3eba44669a6082611849f792ad24c8c204f,2
C:\Users\dondo\OneDrive\Documents\ADBU CSE(AI & ML)\5th sem\Minor Project\Project Prototype\Brain-Tumor-Minor-Project\dataset\Brain Tumor MRI images\Tumor\meningioma (1060).jpg,Brain Tumor MRI images/Tumor/meningioma (1060).jpg,1,Tumor,MRI,b19f52d4ac91ff56527639fca506a862a7933fdb4d3f690e94439fcf1f7727e2,1
C:\Users\dondo\OneDrive\Documents\ADBU CSE(AI & ML)\5th sem\Minor Project\Project Prototype\Brain-Tumor-Minor-Project\dataset\Brain Tumor MRI images\Tumor\meningioma (1061).jpg,Brain Tumor MRI images/Tumor/meningioma (1061).jpg,1,Tumor,MRI,3d43e7c55d4e3f998e5062bd655e218354d82064ca7e2970d49bb261c46b9e2b,2
C:\Users\dondo\OneDrive\Documents\ADBU CSE(AI & ML)\5th sem\Minor Project\Project Prototype\Brain-Tumor-Minor-Project\dataset\Brain Tumor MRI images\Tumor\meningioma (1063).jpg,Brain Tumor MRI images/Tumor/meningioma (1063).jpg,1,Tumor,MRI,07c240bce3612de9eee615ea9ec705fa03e98e9902cde5e5f7cdc7ae1874e68a,1
C:\Users\dondo\OneDrive\Documents\ADBU CSE(AI & ML)\5th sem\Minor Project\Project Prototype\Brain-Tumor-Minor-Project\dataset\Brain Tumor MRI images\Tumor\meningioma (1064).jpg,Brain Tumor MRI images/Tumor/meningioma (1064).jpg,1,Tumor,MRI,325cda263903b593f23b93f46f1a02c579409bf64c3887610113c20e97335c75,1
C:\Users\dondo\OneDrive\Documents\ADBU CSE(AI & ML)\5th sem\Minor Project\Project Prototype\Brain-Tumor-Minor-Project\dataset\Brain Tumor MRI images\Tumor\meningioma (1065).jpg,Brain Tumor MRI images/Tumor/meningioma (1065).jpg,1,Tumor,MRI,61fbe513b542e7e0295f0381861ffe4a2f7021373d6caa1097815f50d7a5945e,1
C:\Users\dondo\OneDrive\Documents\ADBU CSE(AI & ML)\5th sem\Minor Project\Project Prototype\Brain-Tumor-Minor-Project\dataset\Brain Tumor MRI images\Tumor\meningioma (1067).jpg,Brain Tumor MRI images/Tumor/meningioma (1067).jpg,1,Tumor,MRI,b5d9c927f2126ed3874f105ff0653d48957e9fd6d822fb9c955a983a234a0161,1
C:\Users\dondo\OneDrive\Documents\ADBU CSE(AI & ML)\5th sem\Minor Project\Project Prototype\Brain-Tumor-Minor-Project\dataset\Brain Tumor MRI images\Tumor\meningioma (1068).jpg,Brain Tumor MRI images/Tumor/meningioma (1068).jpg,1,Tumor,MRI,3f47340ce2a8a478a0d03777ff3f3f7cd3f7a435167a6172773d883142eb96eb,2
C:\Users\dondo\OneDrive\Documents\ADBU CSE(AI & ML)\5th sem\Minor Project\Project Prototype\Brain-Tumor-Minor-Project\dataset\Brain Tumor MRI images\Tumor\meningioma (1069).jpg,Brain Tumor MRI images/Tumor/meningioma (1069).jpg,1,Tumor,MRI,b834d4a4c3a540a525b6859714476560ac4bf328df6d7c609716245231969822,2
C:\Users\dondo\OneDrive\Documents\ADBU CSE(AI & ML)\5th sem\Minor Project\Project Prototype\Brain-Tumor-Minor-Project\dataset\Brain Tumor MRI images\Tumor\meningioma (107).jpg,Brain Tumor MRI images/Tumor/meningioma (107).jpg,1,Tumor,MRI,1262d3418fe835556bd2e98ff478f0335c67f3ed1bf037e4ec43340aaa5e7fe0,1
C:\Users\dondo\OneDrive\Documents\ADBU CSE(AI & ML)\5th sem\Minor Project\Project Prototype\Brain-Tumor-Minor-Project\dataset\Brain Tumor MRI images\Tumor\meningioma (1070).jpg,Brain Tumor MRI images/Tumor/meningioma (1070).jpg,1,Tumor,MRI,f4160d4cb722723807e78907cd38184737de271722393daa9fd84585cf07cf80,1
C:\Users\dondo\OneDrive\Documents\ADBU CSE(AI & ML)\5th sem\Minor Project\Project Prototype\Brain-Tumor-Minor-Project\dataset\Brain Tumor MRI images\Tumor\meningioma (1072).jpg,Brain Tumor MRI images/Tumor/meningioma (1072).jpg,1,Tumor,MRI,5f26104124a38ccf1bfe53d0a4cb382f2954455e12767c481b754d9730bc347d,2
C:\Users\dondo\OneDrive\Documents\ADBU CSE(AI & ML)\5th sem\Minor Project\Project Prototype\Brain-Tumor-Minor-Project\dataset\Brain Tumor MRI images\Tumor\meningioma (1073).jpg,Brain Tumor MRI images/Tumor/meningioma (1073).jpg,1,Tumor,MRI,11beea9bfde731f342bd30185e1fae8b1f3c74a9a2c1a6dbc3c793152144ae43,1
C:\Users\dondo\OneDrive\Documents\ADBU CSE(AI & ML)\5th sem\Minor Project\Project Prototype\Brain-Tumor-Minor-Project\dataset\Brain Tumor MRI images\Tumor\meningioma (1074).jpg,Brain Tumor MRI images/Tumor/meningioma (1074).jpg,1,Tumor,MRI,612fb861e51e0f7027b6421a987342f58225e8689173665e49f703b40990a4fb,1
C:\Users\dondo\OneDrive\Documents\ADBU CSE(AI & ML)\5th sem\Minor Project\Project Prototype\Brain-Tumor-Minor-Project\dataset\Brain Tumor MRI images\Tumor\meningioma (1075).jpg,Brain Tumor MRI images/Tumor/meningioma (1075).jpg,1,Tumor,MRI,3145d8f3e2608dbed19e76563291b3e8ab4a1cb9825beceda75eef1273627775,2
C:\Users\dondo\OneDrive\Documents\ADBU CSE(AI & ML)\5th sem\Minor Project\Project Prototype\Brain-Tumor-Minor-Project\dataset\Brain Tumor MRI images\Tumor\meningioma (1076).jpg,Brain Tumor MRI images/Tumor/meningioma (1076).jpg,1,Tumor,MRI,961e3f32ec25cff3f5ab02eb8fe8bd8a6e5c0f25b3c59981c51c35c4bf12466f,1
C:\Users\dondo\OneDrive\Documents\ADBU CSE(AI & ML)\5th sem\Minor Project\Project Prototype\Brain-Tumor-Minor-Project\dataset\Brain Tumor MRI images\Tumor\meningioma (1079).jpg,Brain Tumor MRI images/Tumor/meningioma (1079).jpg,1,Tumor,MRI,43fa2ce2b76a2c4095773485558a2e3c50d254d10473b40669f8322bbd7be9b2,1
C:\Users\dondo\OneDrive\Documents\ADBU CSE(AI & ML)\5th sem\Minor Project\Project Prototype\Brain-Tumor-Minor-Project\dataset\Brain Tumor MRI images\Tumor\meningioma (108).jpg,Brain Tumor MRI images/Tumor/meningioma (108).jpg,1,Tumor,MRI,110f9b374d7dc7744f9bf293826f6dc2ac31a6ce01340a4ced6b033ecdd1d258,1
C:\Users\dondo\OneDrive\Documents\ADBU CSE(AI & ML)\5th sem\Minor Project\Project Prototype\Brain-Tumor-Minor-Project\dataset\Brain Tumor MRI images\Tumor\meningioma (1080).jpg,Brain Tumor MRI images/Tumor/meningioma (1080).jpg,1,Tumor,MRI,0c8df7f49305caaa42bd1514675e08daa974b032527e2453127365927e3e94ae,1
C:\Users\dondo\OneDrive\Documents\ADBU CSE(AI & ML)\5th sem\Minor Project\Project Prototype\Brain-Tumor-Minor-Project\dataset\Brain Tumor MRI images\Tumor\meningioma (1081).jpg,Brain Tumor MRI images/Tumor/meningioma (1081).jpg,1,Tumor,MRI,cb7f2ba7eb0afda7765adf1a28c6ec8f39ab4f92629a320a302c675c6c6dc9d6,2
C:\Users\dondo\OneDrive\Documents\ADBU CSE(AI & ML)\5th sem\Minor Project\Project Prototype\Brain-Tumor-Minor-Project\dataset\Brain Tumor MRI images\Tumor\meningioma (1083).jpg,Brain Tumor MRI images/Tumor/meningioma (1083).jpg,1,Tumor,MRI,69bf86eb8c95d45cfb354164eb46dc728ba0435e24f8e408f60636a904080eae,1
C:\Users\dondo\OneDrive\Documents\ADBU CSE(AI & ML)\5th sem\Minor Project\Project Prototype\Brain-Tumor-Minor-Project\dataset\Brain Tumor MRI images\Tumor\meningioma (1084).jpg,Brain Tumor MRI images/Tumor/meningioma (1084).jpg,1,Tumor,MRI,c9eda74916a99e59d058837b4c4fea3b2cd6d6856796c4f5f21a7f0e783cbb11,2
C:\Users\dondo\OneDrive\Documents\ADBU CSE(AI & ML)\5th sem\Minor Project\Project Prototype\Brain-Tumor-Minor-Project\dataset\Brain Tumor MRI images\Tumor\meningioma (1085).jpg,Brain Tumor MRI images/Tumor/meningioma (1085).jpg,1,Tumor,MRI,c5a1d25851f0c4c9a3c10897bcb7656432eab7ff612e2d5c940fe444633df6e3,1
C:\Users\dondo\OneDrive\Documents\ADBU CSE(AI & ML)\5th sem\Minor Project\Project Prototype\Brain-Tumor-Minor-Project\dataset\Brain Tumor MRI images\Tumor\meningioma (1087).jpg,Brain Tumor MRI images/Tumor/meningioma (1087).jpg,1,Tumor,MRI,b7315cda4e5b43009291d243c0148bf9417d4824c5e5b96570a6df3f73900d6d,1
C:\Users\dondo\OneDrive\Documents\ADBU CSE(AI & ML)\5th sem\Minor Project\Project Prototype\Brain-Tumor-Minor-Project\dataset\Brain Tumor MRI images\Tumor\meningioma (1088).jpg,Brain Tumor MRI images/Tumor/meningioma (1088).jpg,1,Tumor,MRI,bacebe5025f7a55f869d4d9328fb2bebb7f5e9025dc31cf2ee37495d4735c475,1
C:\Users\dondo\OneDrive\Documents\ADBU CSE(AI & ML)\5th sem\Minor Project\Project Prototype\Brain-Tumor-Minor-Project\dataset\Brain Tumor MRI images\Tumor\meningioma (1089).jpg,Brain Tumor MRI images/Tumor/meningioma (1089).jpg,1,Tumor,MRI,561b593545e3456b58aaaed887e90d3f73c3548b14ff9e07d6b6aa2ff08151ae,2
C:\Users\dondo\OneDrive\Documents\ADBU CSE(AI & ML)\5th sem\Minor Project\Project Prototype\Brain-Tumor-Minor-Project\dataset\Brain Tumor MRI images\Tumor\meningioma (1092).jpg,Brain Tumor MRI images/Tumor/meningioma (1092).jpg,1,Tumor,MRI,5c1606c913b8a0e5867796921f7a8fcc125aa0a6161aae6a47e30c4002f717a2,1
C:\Users\dondo\OneDrive\Documents\ADBU CSE(AI & ML)\5th sem\Minor Project\Project Prototype\Brain-Tumor-Minor-Project\dataset\Brain Tumor MRI images\Tumor\meningioma (1094).jpg,Brain Tumor MRI images/Tumor/meningioma (1094).jpg,1,Tumor,MRI,bec974dbb5c41b7dcca569bb37b979c65b6aa45da16bf93c512f9e1fb42f690b,1
C:\Users\dondo\OneDrive\Documents\ADBU CSE(AI & ML)\5th sem\Minor Project\Project Prototype\Brain-Tumor-Minor-Project\dataset\Brain Tumor MRI images\Tumor\meningioma (1095).jpg,Brain Tumor MRI images/Tumor/meningioma (1095).jpg,1,Tumor,MRI,a376c7f25345396972418641a11c9d95d162d75eb478e5c940c0e77b7e2ab0bf,1
C:\Users\dondo\OneDrive\Documents\ADBU CSE(AI & ML)\5th sem\Minor Project\Project Prototype\Brain-Tumor-Minor-Project\dataset\Brain Tumor MRI images\Tumor\meningioma (1096).jpg,Brain Tumor MRI images/Tumor/meningioma (1096).jpg,1,Tumor,MRI,639de726284d8010fc911596526a5efc221113f0b708914fd29150db072640b1,1
C:\Users\dondo\OneDrive\Documents\ADBU CSE(AI & ML)\5th sem\Minor Project\Project Prototype\Brain-Tumor-Minor-Project\dataset\Brain Tumor MRI images\Tumor\meningioma (1097).jpg,Brain Tumor MRI images/Tumor/meningioma (1097).jpg,1,Tumor,MRI,fb760d9d51da59fdcecbc804c2e197ffd6852c3768319e08343b0ab7a2853b5c,1
C:\Users\dondo\OneDrive\Documents\ADBU CSE(AI & ML)\5th sem\Minor Project\Project Prototype\Brain-Tumor-Minor-Project\dataset\Brain Tumor MRI images\Tumor\meningioma (1098).jpg,Brain Tumor MRI images/Tumor/meningioma (1098).jpg,1,Tumor,MRI,4e6df9762e888e4cd4e431ab3ba753adb1b706f0de51eaca7266b21b333f565d,2
C:\Users\dondo\OneDrive\Documents\ADBU CSE(AI & ML)\5th sem\Minor Project\Project Prototype\Brain-Tumor-Minor-Project\dataset\Brain Tumor MRI images\Tumor\meningioma (11).jpg,Brain Tumor MRI images/Tumor/meningioma (11).jpg,1,Tumor,MRI,0c824a6236738d550247d47a754236715a1dcdfad40f07a4eebaba425fd9a04e,1
C:\Users\dondo\OneDrive\Documents\ADBU CSE(AI & ML)\5th sem\Minor Project\Project Prototype\Brain-Tumor-Minor-Project\dataset\Brain Tumor MRI images\Tumor\meningioma (110).jpg,Brain Tumor MRI images/Tumor/meningioma (110).jpg,1,Tumor,MRI,0cf84e6419ce1ca0840e4aa8f44457f3a7665eda162ded52fddabec03417de5c,1
C:\Users\dondo\OneDrive\Documents\ADBU CSE(AI & ML)\5th sem\Minor Project\Project Prototype\Brain-Tumor-Minor-Project\dataset\Brain Tumor MRI images\Tumor\meningioma (1100).jpg,Brain Tumor MRI images/Tumor/meningioma (1100).jpg,1,Tumor,MRI,5e4b973a5500787c0c7e13cd7a0a04f3e9ea758535d08c6dbec81def322b9c1e,2
C:\Users\dondo\OneDrive\Documents\ADBU CSE(AI & ML)\5th sem\Minor Project\Project Prototype\Brain-Tumor-Minor-Project\dataset\Brain Tumor MRI images\Tumor\meningioma (1101).jpg,Brain Tumor MRI images/Tumor/meningioma (1101).jpg,1,Tumor,MRI,ccbd3f84a58e17b3e07cc12610c02381c3c5c4006de9c797adee38700a53d663,1
C:\Users\dondo\OneDrive\Documents\ADBU CSE(AI & ML)\5th sem\Minor Project\Project Prototype\Brain-Tumor-Minor-Project\dataset\Brain Tumor MRI images\Tumor\meningioma (1102).jpg,Brain Tumor MRI images/Tumor/meningioma (1102).jpg,1,Tumor,MRI,0523596d37bfbf1caa9b3375760895e99069a75a4f709e76dd8c80227b74fb0c,2
C:\Users\dondo\OneDrive\Documents\ADBU CSE(AI & ML)\5th sem\Minor Project\Project Prototype\Brain-Tumor-Minor-Project\dataset\Brain Tumor MRI images\Tumor\meningioma (1104).jpg,Brain Tumor MRI images/Tumor/meningioma (1104).jpg,1,Tumor,MRI,862d01c92916c6ea6d3124faced70f88f099d8b754a5ba143e1cd6f0ce1573c7,1
C:\Users\dondo\OneDrive\Documents\ADBU CSE(AI & ML)\5th sem\Minor Project\Project Prototype\Brain-Tumor-Minor-Project\dataset\Brain Tumor MRI images\Tumor\meningioma (1105).jpg,Brain Tumor MRI images/Tumor/meningioma (1105).jpg,1,Tumor,MRI,4a55261841b6fc4e7ef3fd51dcd6483219071181bc74e159a882e5471c616329,1
C:\Users\dondo\OneDrive\Documents\ADBU CSE(AI & ML)\5th sem\Minor Project\Project Prototype\Brain-Tumor-Minor-Project\dataset\Brain Tumor MRI images\Tumor\meningioma (1106).jpg,Brain Tumor MRI images/Tumor/meningioma (1106).jpg,1,Tumor,MRI,7ed37fb89892159346be8168ac39dff0d808c1a6f9d822dba612d1008de19565,1
C:\Users\dondo\OneDrive\Documents\ADBU CSE(AI & ML)\5th sem\Minor Project\Project Prototype\Brain-Tumor-Minor-Project\dataset\Brain Tumor MRI images\Tumor\meningioma (111).jpg,Brain Tumor MRI images/Tumor/meningioma (111).jpg,1,Tumor,MRI,cf37589c075167f891206f1823c084551827bde85bf61c466bdd1337c1ef9a9c,1
C:\Users\dondo\OneDrive\Documents\ADBU CSE(AI & ML)\5th sem\Minor Project\Project Prototype\Brain-Tumor-Minor-Project\dataset\Brain Tumor MRI images\Tumor\meningioma (1111).jpg,Brain Tumor MRI images/Tumor/meningioma (1111).jpg,1,Tumor,MRI,4a0236a8ac536e8c85fc992a93c50f6f9068c86ae29b4708da05de513511f3fc,1
C:\Users\dondo\OneDrive\Documents\ADBU CSE(AI & ML)\5th sem\Minor Project\Project Prototype\Brain-Tumor-Minor-Project\dataset\Brain Tumor MRI images\Tumor\meningioma (112).jpg,Brain Tumor MRI images/Tumor/meningioma (112).jpg,1,Tumor,MRI,923696fc84abe2e7b4d6edbf904f0955a56b7a7174902ac0a8c680b162a4eecf,1
C:\Users\dondo\OneDrive\Documents\ADBU CSE(AI & ML)\5th sem\Minor Project\Project Prototype\Brain-Tumor-Minor-Project\dataset\Brain Tumor MRI images\Tumor\meningioma (115).jpg,Brain Tumor MRI images/Tumor/meningioma (115).jpg,1,Tumor,MRI,3e80288a6c892c021418dccbf3ecda03882fd7c3b076323d1bc4b3bc8e8860ba,1
C:\Users\dondo\OneDrive\Documents\ADBU CSE(AI & ML)\5th sem\Minor Project\Project Prototype\Brain-Tumor-Minor-Project\dataset\Brain Tumor MRI images\Tumor\meningioma (117).jpg,Brain Tumor MRI images/Tumor/meningioma (117).jpg,1,Tumor,MRI,dd6e57849093d95034167f7eca468f64895983afda0c4c179fb7006e345f2200,1
C:\Users\dondo\OneDrive\Documents\ADBU CSE(AI & ML)\5th sem\Minor Project\Project Prototype\Brain-Tumor-Minor-Project\dataset\Brain Tumor MRI images\Tumor\meningioma (118).jpg,Brain Tumor MRI images/Tumor/meningioma (118).jpg,1,Tumor,MRI,4672ed943a31309c472e5706c438e53e8083bc95dd900b10c0aa1001f48036dd,1
C:\Users\dondo\OneDrive\Documents\ADBU CSE(AI & ML)\5th sem\Minor Project\Project Prototype\Brain-Tumor-Minor-Project\dataset\Brain Tumor MRI images\Tumor\meningioma (119).jpg,Brain Tumor MRI images/Tumor/meningioma (119).jpg,1,Tumor,MRI,7b5d81f628fd843469cef0e50d06a70a1f486c3f758aedbdefb6118309a6c27c,1
C:\Users\dondo\OneDrive\Documents\ADBU CSE(AI & ML)\5th sem\Minor Project\Project Prototype\Brain-Tumor-Minor-Project\dataset\Brain Tumor MRI images\Tumor\meningioma (12).jpg,Brain Tumor MRI images/Tumor/meningioma (12).jpg,1,Tumor,MRI,31329c274543b06055018f0bd700c8e6ddbbede4b8746bedc5ff52062eaa93e6,1
C:\Users\dondo\OneDrive\Documents\ADBU CSE(AI & ML)\5th sem\Minor Project\Project Prototype\Brain-Tumor-Minor-Project\dataset\Brain Tumor MRI images\Tumor\meningioma (120).jpg,Brain Tumor MRI images/Tumor/meningioma (120).jpg,1,Tumor,MRI,29d25a1346312d06414071c677c1f8325955aea99d0a06ccf3102c79b8ecf027,1
C:\Users\dondo\OneDrive\Documents\ADBU CSE(AI & ML)\5th sem\Minor Project\Project Prototype\Brain-Tumor-Minor-Project\dataset\Brain Tumor MRI images\Tumor\meningioma (122).jpg,Brain Tumor MRI images/Tumor/meningioma (122).jpg,1,Tumor,MRI,c0f57baa8d36021925900a513e06dd7248bddb59dc7de09ebe2710b701706bd4,1
C:\Users\dondo\OneDrive\Documents\ADBU CSE(AI & ML)\5th sem\Minor Project\Project Prototype\Brain-Tumor-Minor-Project\dataset\Brain Tumor MRI images\Tumor\meningioma (123).jpg,Brain Tumor MRI images/Tumor/meningioma (123).jpg,1,Tumor,MRI,03f56e247fb7b92c25e49594399768ca935f3b5ff2f4525fcd416ec3cf3aa9e5,1
C:\Users\dondo\OneDrive\Documents\ADBU CSE(AI & ML)\5th sem\Minor Project\Project Prototype\Brain-Tumor-Minor-Project\dataset\Brain Tumor MRI images\Tumor\meningioma (128).jpg,Brain Tumor MRI images/Tumor/meningioma (128).jpg,1,Tumor,MRI,f224213af544610ea2eb729787c78a84bd77d30babcea82033488e58407d0bd1,1
C:\Users\dondo\OneDrive\Documents\ADBU CSE(AI & ML)\5th sem\Minor Project\Project Prototype\Brain-Tumor-Minor-Project\dataset\Brain Tumor MRI images\Tumor\meningioma (129).jpg,Brain Tumor MRI images/Tumor/meningioma (129).jpg,1,Tumor,MRI,fe4938ac19d774fac7018d7b198a0a5843e8fb9870ce1347e5148a3d4efa6460,1
C:\Users\dondo\OneDrive\Documents\ADBU CSE(AI & ML)\5th sem\Minor Project\Project Prototype\Brain-Tumor-Minor-Project\dataset\Brain Tumor MRI images\Tumor\meningioma (13).jpg,Brain Tumor MRI images/Tumor/meningioma (13).jpg,1,Tumor,MRI,e7ba51a5288ded8cf00c8ad96f858930d789cd9d4c053452e5a77d3a72bd13a4,1
C:\Users\dondo\OneDrive\Documents\ADBU CSE(AI & ML)\5th sem\Minor Project\Project Prototype\Brain-Tumor-Minor-Project\dataset\Brain Tumor MRI images\Tumor\meningioma (131).jpg,Brain Tumor MRI images/Tumor/meningioma (131).jpg,1,Tumor,MRI,b676f8ab259436fb61551ef6ab7848bde2e49c9f7873cf5367a2ecafa6362d3b,2
C:\Users\dondo\OneDrive\Documents\ADBU CSE(AI & ML)\5th sem\Minor Project\Project Prototype\Brain-Tumor-Minor-Project\dataset\Brain Tumor MRI images\Tumor\meningioma (134).jpg,Brain Tumor MRI images/Tumor/meningioma (134).jpg,1,Tumor,MRI,7d0eaa1cf5bf3f6212795afe0f6c49308fade9f45f2ed45d61d41db75588e2b8,1
C:\Users\dondo\OneDrive\Documents\ADBU CSE(AI & ML)\5th sem\Minor Project\Project Prototype\Brain-Tumor-Minor-Project\dataset\Brain Tumor MRI images\Tumor\meningioma (136).jpg,Brain Tumor MRI images/Tumor/meningioma (136).jpg,1,Tumor,MRI,4957a4d4bc4bb84d8477132e1c1537a4766f248ff8936a6d2509ddc42f19f563,1
C:\Users\dondo\OneDrive\Documents\ADBU CSE(AI & ML)\5th sem\Minor Project\Project Prototype\Brain-Tumor-Minor-Project\dataset\Brain Tumor MRI images\Tumor\meningioma (138).jpg,Brain Tumor MRI images/Tumor/meningioma (138).jpg,1,Tumor,MRI,38c1c699a0100163ec90a39f6ff8ead5ac3ac0d9ac8a33633a63e0e26c05d817,1
C:\Users\dondo\OneDrive\Documents\ADBU CSE(AI & ML)\5th sem\Minor Project\Project Prototype\Brain-Tumor-Minor-Project\dataset\Brain Tumor MRI images\Tumor\meningioma (139).jpg,Brain Tumor MRI images/Tumor/meningioma (139).jpg,1,Tumor,MRI,8c2db57620326c1f5837d5d3f79709abde9734377dd2a6e6cb7c78d9aa4c7469,1
C:\Users\dondo\OneDrive\Documents\ADBU CSE(AI & ML)\5th sem\Minor Project\Project Prototype\Brain-Tumor-Minor-Project\dataset\Brain Tumor MRI images\Tumor\meningioma (14).jpg,Brain Tumor MRI images/Tumor/meningioma (14).jpg,1,Tumor,MRI,87ce6b2a830a6caf69de23a128026383ba9c9b174b537ad69b79778b66d6bcd7,1
C:\Users\dondo\OneDrive\Documents\ADBU CSE(AI & ML)\5th sem\Minor Project\Project Prototype\Brain-Tumor-Minor-Project\dataset\Brain Tumor MRI images\Tumor\meningioma (140).jpg,Brain Tumor MRI images/Tumor/meningioma (140).jpg,1,Tumor,MRI,d6c76e6293545113823afcf8ca4be5a6ed386e2d8c1c553e9ce3a6ade17e40eb,1
C:\Users\dondo\OneDrive\Documents\ADBU CSE(AI & ML)\5th sem\Minor Project\Project Prototype\Brain-Tumor-Minor-Project\dataset\Brain Tumor MRI images\Tumor\meningioma (142).jpg,Brain Tumor MRI images/Tumor/meningioma (142).jpg,1,Tumor,MRI,7b91099fa0e1f15b33a47524356cea27dadddf6b4ad53f2bffe120a757e17bb3,1
C:\Users\dondo\OneDrive\Documents\ADBU CSE(AI & ML)\5th sem\Minor Project\Project Prototype\Brain-Tumor-Minor-Project\dataset\Brain Tumor MRI images\Tumor\meningioma (143).jpg,Brain Tumor MRI images/Tumor/meningioma (143).jpg,1,Tumor,MRI,6e4e1024e6f57fc18cb5c10e4482d97c24fe68fac5cbd485cdc13b2c4877663f,1
C:\Users\dondo\OneDrive\Documents\ADBU CSE(AI & ML)\5th sem\Minor Project\Project Prototype\Brain-Tumor-Minor-Project\dataset\Brain Tumor MRI images\Tumor\meningioma (144).jpg,Brain Tumor MRI images/Tumor/meningioma (144).jpg,1,Tumor,MRI,e67f223ac2b2fbca4e7906db53532d9cf2a4a10cae81205064d3d83b9a1cc30f,1
C:\Users\dondo\OneDrive\Documents\ADBU CSE(AI & ML)\5th sem\Minor Project\Project Prototype\Brain-Tumor-Minor-Project\dataset\Brain Tumor MRI images\Tumor\meningioma (145).jpg,Brain Tumor MRI images/Tumor/meningioma (145).jpg,1,Tumor,MRI,6bb05bb48a27166e3a3b7cccf7c391e625c19d1c1497b28971e9e5b22474d9f2,1
C:\Users\dondo\OneDrive\Documents\ADBU CSE(AI & ML)\5th sem\Minor Project\Project Prototype\Brain-Tumor-Minor-Project\dataset\Brain Tumor MRI images\Tumor\meningioma (148).jpg,Brain Tumor MRI images/Tumor/meningioma (148).jpg,1,Tumor,MRI,f2af7942c95ce53b6a45cc424baaf89f8cf074c15197d9a82b803bf19c21578d,1
C:\Users\dondo\OneDrive\Documents\ADBU CSE(AI & ML)\5th sem\Minor Project\Project Prototype\Brain-Tumor-Minor-Project\dataset\Brain Tumor MRI images\Tumor\meningioma (149).jpg,Brain Tumor MRI images/Tumor/meningioma (149).jpg,1,Tumor,MRI,e286484fe1aa96c3c4ec62c83e23312ee7a64a266cfb251c97932aee23855c36,2
C:\Users\dondo\OneDrive\Documents\ADBU CSE(AI & ML)\5th sem\Minor Project\Project Prototype\Brain-Tumor-Minor-Project\dataset\Brain Tumor MRI images\Tumor\meningioma (15).jpg,Brain Tumor MRI images/Tumor/meningioma (15).jpg,1,Tumor,MRI,45f22b3c1a1b8104ffe1f59d97e5ff0fdadfcfc0d904bbd7d9d2c27ce9dbf4f2,1
C:\Users\dondo\OneDrive\Documents\ADBU CSE(AI & ML)\5th sem\Minor Project\Project Prototype\Brain-Tumor-Minor-Project\dataset\Brain Tumor MRI images\Tumor\meningioma (150).jpg,Brain Tumor MRI images/Tumor/meningioma (150).jpg,1,Tumor,MRI,1b37add34083b66095be469bf00ac4147e50fd104d9438a8380ad025e247d5a7,2
C:\Users\dondo\OneDrive\Documents\ADBU CSE(AI & ML)\5th sem\Minor Project\Project Prototype\Brain-Tumor-Minor-Project\dataset\Brain Tumor MRI images\Tumor\meningioma (151).jpg,Brain Tumor MRI images/Tumor/meningioma (151).jpg,1,Tumor,MRI,14f7751fef3258d679b0903a376a935ea03aac0995d7634f2e7335027f87f5e9,1
C:\Users\dondo\OneDrive\Documents\ADBU CSE(AI & ML)\5th sem\Minor Project\Project Prototype\Brain-Tumor-Minor-Project\dataset\Brain Tumor MRI images\Tumor\meningioma (152).jpg,Brain Tumor MRI images/Tumor/meningioma (152).jpg,1,Tumor,MRI,495097200e49d51f23900b9d3aebd537d9aa4ffd6b779f7476fd4b45f9366de8,1
C:\Users\dondo\OneDrive\Documents\ADBU CSE(AI & ML)\5th sem\Minor Project\Project Prototype\Brain-Tumor-Minor-Project\dataset\Brain Tumor MRI images\Tumor\meningioma (153).jpg,Brain Tumor MRI images/Tumor/meningioma (153).jpg,1,Tumor,MRI,e92e9c12fa4e61cd8df4defc9453dbbe86cb213bb7599c277fec8c561ab1620e,1
C:\Users\dondo\OneDrive\Documents\ADBU CSE(AI & ML)\5th sem\Minor Project\Project Prototype\Brain-Tumor-Minor-Project\dataset\Brain Tumor MRI images\Tumor\meningioma (154).jpg,Brain Tumor MRI images/Tumor/meningioma (154).jpg,1,Tumor,MRI,11846856516eb08089f233f36f6c334bd49b47839ecc8f13a8ffffa05c57d905,1
C:\Users\dondo\OneDrive\Documents\ADBU CSE(AI & ML)\5th sem\Minor Project\Project Prototype\Brain-Tumor-Minor-Project\dataset\Brain Tumor MRI images\Tumor\meningioma (156).jpg,Brain Tumor MRI images/Tumor/meningioma (156).jpg,1,Tumor,MRI,8ece3b618bed21d8504d0437965a0b17f115faadb9bc5ca1b9ea73fca26ed939,1
C:\Users\dondo\OneDrive\Documents\ADBU CSE(AI & ML)\5th sem\Minor Project\Project Prototype\Brain-Tumor-Minor-Project\dataset\Brain Tumor MRI images\Tumor\meningioma (157).jpg,Brain Tumor MRI images/Tumor/meningioma (157).jpg,1,Tumor,MRI,eadaf4eef62788d50dc838fb6b3bd1c0e29f4e41d02bedccc06755e871910c98,1
C:\Users\dondo\OneDrive\Documents\ADBU CSE(AI & ML)\5th sem\Minor Project\Project Prototype\Brain-Tumor-Minor-Project\dataset\Brain Tumor MRI images\Tumor\meningioma (158).jpg,Brain Tumor MRI images/Tumor/meningioma (158).jpg,1,Tumor,MRI,18f7bc9be05928716d81476b4fb779becb7cb05c3e5a3b7f962963c30b2a370e,1
C:\Users\dondo\OneDrive\Documents\ADBU CSE(AI & ML)\5th sem\Minor Project\Project Prototype\Brain-Tumor-Minor-Project\dataset\Brain Tumor MRI images\Tumor\meningioma (159).jpg,Brain Tumor MRI images/Tumor/meningioma (159).jpg,1,Tumor,MRI,13fa96df699510f3267b5a1da45f35832db50106929bbc3df09d8bb80bb415bf,1
C:\Users\dondo\OneDrive\Documents\ADBU CSE(AI & ML)\5th sem\Minor Project\Project Prototype\Brain-Tumor-Minor-Project\dataset\Brain Tumor MRI images\Tumor\meningioma (16).jpg,Brain Tumor MRI images/Tumor/meningioma (16).jpg,1,Tumor,MRI,e32726db38ffe7123d236dc38bb25c0b74aeeaa3096752216f1b1bb8b4431eb5,1
C:\Users\dondo\OneDrive\Documents\ADBU CSE(AI & ML)\5th sem\Minor Project\Project Prototype\Brain-Tumor-Minor-Project\dataset\Brain Tumor MRI images\Tumor\meningioma (160).jpg,Brain Tumor MRI images/Tumor/meningioma (160).jpg,1,Tumor,MRI,4e8fce030d59d8c4af4dd0d72e2528472578236016082acb3241cbd967566581,1
C:\Users\dondo\OneDrive\Documents\ADBU CSE(AI & ML)\5th sem\Minor Project\Project Prototype\Brain-Tumor-Minor-Project\dataset\Brain Tumor MRI images\Tumor\meningioma (162).jpg,Brain Tumor MRI images/Tumor/meningioma (162).jpg,1,Tumor,MRI,bc5b8b39394a2ea5c9be34f268da88a520798a897fefb8ab466aa9b870330617,1
C:\Users\dondo\OneDrive\Documents\ADBU CSE(AI & ML)\5th sem\Minor Project\Project Prototype\Brain-Tumor-Minor-Project\dataset\Brain Tumor MRI images\Tumor\meningioma (163).jpg,Brain Tumor MRI images/Tumor/meningioma (163).jpg,1,Tumor,MRI,1469912be8d1e67863a2eb2c043033a5e7c09538a1f9354ca580adc63afda811,1
C:\Users\dondo\OneDrive\Documents\ADBU CSE(AI & ML)\5th sem\Minor Project\Project Prototype\Brain-Tumor-Minor-Project\dataset\Brain Tumor MRI images\Tumor\meningioma (164).jpg,Brain Tumor MRI images/Tumor/meningioma (164).jpg,1,Tumor,MRI,2b34a677b3ae4b66f06c0d23d1e527d31647008d0b3b98c79973a9e8b6933e61,1
C:\Users\dondo\OneDrive\Documents\ADBU CSE(AI & ML)\5th sem\Minor Project\Project Prototype\Brain-Tumor-Minor-Project\dataset\Brain Tumor MRI images\Tumor\meningioma (166).jpg,Brain Tumor MRI images/Tumor/meningioma (166).jpg,1,Tumor,MRI,ea33cba0df6b573ec2ed66c5a4fb982949f4da7e0256cd084e11afa4148e3394,1
C:\Users\dondo\OneDrive\Documents\ADBU CSE(AI & ML)\5th sem\Minor Project\Project Prototype\Brain-Tumor-Minor-Project\dataset\Brain Tumor MRI images\Tumor\meningioma (167).jpg,Brain Tumor MRI images/Tumor/meningioma (167).jpg,1,Tumor,MRI,9e48f0e0666f10511391627c32436895bc669f38552823e75cc71a9129c6bb2c,1
C:\Users\dondo\OneDrive\Documents\ADBU CSE(AI & ML)\5th sem\Minor Project\Project Prototype\Brain-Tumor-Minor-Project\dataset\Brain Tumor MRI images\Tumor\meningioma (168).jpg,Brain Tumor MRI images/Tumor/meningioma (168).jpg,1,Tumor,MRI,80037bc4c8db163d46d1904c1a205afeee75ace36faf6be1c0fdaf45c76d1d8b,1
C:\Users\dondo\OneDrive\Documents\ADBU CSE(AI & ML)\5th sem\Minor Project\Project Prototype\Brain-Tumor-Minor-Project\dataset\Brain Tumor MRI images\Tumor\meningioma (170).jpg,Brain Tumor MRI images/Tumor/meningioma (170).jpg,1,Tumor,MRI,b61971e774c605f6ce0e3770c2f602534dd97bf178901da8b3d8ba3daa5a90a5,1
C:\Users\dondo\OneDrive\Documents\ADBU CSE(AI & ML)\5th sem\Minor Project\Project Prototype\Brain-Tumor-Minor-Project\dataset\Brain Tumor MRI images\Tumor\meningioma (171).jpg,Brain Tumor MRI images/Tumor/meningioma (171).jpg,1,Tumor,MRI,d81138ce900df35056add90bd868f3266e34a836b7b297cf95875473361b4f27,1
C:\Users\dondo\OneDrive\Documents\ADBU CSE(AI & ML)\5th sem\Minor Project\Project Prototype\Brain-Tumor-Minor-Project\dataset\Brain Tumor MRI images\Tumor\meningioma (173).jpg,Brain Tumor MRI images/Tumor/meningioma (173).jpg,1,Tumor,MRI,18aabe1c4c1ad7ee54dabaa0a87155f27af8553a100f8068a32d4a668a74efe8,1
C:\Users\dondo\OneDrive\Documents\ADBU CSE(AI & ML)\5th sem\Minor Project\Project Prototype\Brain-Tumor-Minor-Project\dataset\Brain Tumor MRI images\Tumor\meningioma (175).jpg,Brain Tumor MRI images/Tumor/meningioma (175).jpg,1,Tumor,MRI,27c9751f02714624687d24c6f25dcdfc7c84ad7864416c95145fe0348a67ef6e,1
C:\Users\dondo\OneDrive\Documents\ADBU CSE(AI & ML)\5th sem\Minor Project\Project Prototype\Brain-Tumor-Minor-Project\dataset\Brain Tumor MRI images\Tumor\meningioma (177).jpg,Brain Tumor MRI images/Tumor/meningioma (177).jpg,1,Tumor,MRI,825b01960882141f6c3fb1bb83831e959e75e49b8df9b21dbe2c80fd8cb4650c,1
C:\Users\dondo\OneDrive\Documents\ADBU CSE(AI & ML)\5th sem\Minor Project\Project Prototype\Brain-Tumor-Minor-Project\dataset\Brain Tumor MRI images\Tumor\meningioma (178).jpg,Brain Tumor MRI images/Tumor/meningioma (178).jpg,1,Tumor,MRI,cad1f05ee343f02aa761fbb1b0778a3b18e18d38fe07cc8c9d6b5251de2905fa,1
C:\Users\dondo\OneDrive\Documents\ADBU CSE(AI & ML)\5th sem\Minor Project\Project Prototype\Brain-Tumor-Minor-Project\dataset\Brain Tumor MRI images\Tumor\meningioma (179).jpg,Brain Tumor MRI images/Tumor/meningioma (179).jpg,1,Tumor,MRI,c4832a19ba58bba8ce5f72b62c1c933a3c30ffc02d51e0c75c2e108798483769,1
C:\Users\dondo\OneDrive\Documents\ADBU CSE(AI & ML)\5th sem\Minor Project\Project Prototype\Brain-Tumor-Minor-Project\dataset\Brain Tumor MRI images\Tumor\meningioma (18).jpg,Brain Tumor MRI images/Tumor/meningioma (18).jpg,1,Tumor,MRI,5cf6e1092b5bd6c313411923325555c8ef8276d98cce19ed872a6c48f816886c,1
C:\Users\dondo\OneDrive\Documents\ADBU CSE(AI & ML)\5th sem\Minor Project\Project Prototype\Brain-Tumor-Minor-Project\dataset\Brain Tumor MRI images\Tumor\meningioma (180).jpg,Brain Tumor MRI images/Tumor/meningioma (180).jpg,1,Tumor,MRI,7ab8469d9149fc77457c170c11668d97ba577dfe02559033c9ae81b2e8ce7993,1
C:\Users\dondo\OneDrive\Documents\ADBU CSE(AI & ML)\5th sem\Minor Project\Project Prototype\Brain-Tumor-Minor-Project\dataset\Brain Tumor MRI images\Tumor\meningioma (181).jpg,Brain Tumor MRI images/Tumor/meningioma (181).jpg,1,Tumor,MRI,416bbb110188803c810d23b023706c6c2d3268bcfe4ebdf30ea6164bebe80996,1
C:\Users\dondo\OneDrive\Documents\ADBU CSE(AI & ML)\5th sem\Minor Project\Project Prototype\Brain-Tumor-Minor-Project\dataset\Brain Tumor MRI images\Tumor\meningioma (182).jpg,Brain Tumor MRI images/Tumor/meningioma (182).jpg,1,Tumor,MRI,28ae90a878ad4fc783f587f90e982313a4c53c0ed9f42cff5c0107e5cb745531,1
C:\Users\dondo\OneDrive\Documents\ADBU CSE(AI & ML)\5th sem\Minor Project\Project Prototype\Brain-Tumor-Minor-Project\dataset\Brain Tumor MRI images\Tumor\meningioma (183).jpg,Brain Tumor MRI images/Tumor/meningioma (183).jpg,1,Tumor,MRI,f49855df6c50bf0ecbaaa44dcb25d788f71e516592bce2a9395753198a558a26,1
C:\Users\dondo\OneDrive\Documents\ADBU CSE(AI & ML)\5th sem\Minor Project\Project Prototype\Brain-Tumor-Minor-Project\dataset\Brain Tumor MRI images\Tumor\meningioma (185).jpg,Brain Tumor MRI images/Tumor/meningioma (185).jpg,1,Tumor,MRI,0ab81c90363407c9f7de63d55d09b12446d72a4b1a20b425a2e43ed417afac25,1
C:\Users\dondo\OneDrive\Documents\ADBU CSE(AI & ML)\5th sem\Minor Project\Project Prototype\Brain-Tumor-Minor-Project\dataset\Brain Tumor MRI images\Tumor\meningioma (186).jpg,Brain Tumor MRI images/Tumor/meningioma (186).jpg,1,Tumor,MRI,cf14c66dfd48a82eda565ae495158ff472089bf7c2317edd95569560f15e81b8,1
C:\Users\dondo\OneDrive\Documents\ADBU CSE(AI & ML)\5th sem\Minor Project\Project Prototype\Brain-Tumor-Minor-Project\dataset\Brain Tumor MRI images\Tumor\meningioma (187).jpg,Brain Tumor MRI images/Tumor/meningioma (187).jpg,1,Tumor,MRI,fa45b3becad7f6eb660ffaaf6cfc8106abe5b5335c54590df427d2930364cf1d,1
C:\Users\dondo\OneDrive\Documents\ADBU CSE(AI & ML)\5th sem\Minor Project\Project Prototype\Brain-Tumor-Minor-Project\dataset\Brain Tumor MRI images\Tumor\meningioma (188).jpg,Brain Tumor MRI images/Tumor/meningioma (188).jpg,1,Tumor,MRI,6770ec94d517a3a26126846d8f11be02ea1a57a9127941eec7ee94a55632b136,1
C:\Users\dondo\OneDrive\Documents\ADBU CSE(AI & ML)\5th sem\Minor Project\Project Prototype\Brain-Tumor-Minor-Project\dataset\Brain Tumor MRI images\Tumor\meningioma (19).jpg,Brain Tumor MRI images/Tumor/meningioma (19).jpg,1,Tumor,MRI,8e7468c893ce6a65cc61fb4b106000cec7a2ae1fd056b5f147af9a4e6d5bdba4,1
C:\Users\dondo\OneDrive\Documents\ADBU CSE(AI & ML)\5th sem\Minor Project\Project Prototype\Brain-Tumor-Minor-Project\dataset\Brain Tumor MRI images\Tumor\meningioma (190).jpg,Brain Tumor MRI images/Tumor/meningioma (190).jpg,1,Tumor,MRI,3437ddfd9c49a73f92cd770914c5b3dbedffeeda6bff56139fc3bbda84b9a648,1
C:\Users\dondo\OneDrive\Documents\ADBU CSE(AI & ML)\5th sem\Minor Project\Project Prototype\Brain-Tumor-Minor-Project\dataset\Brain Tumor MRI images\Tumor\meningioma (192).jpg,Brain Tumor MRI images/Tumor/meningioma (192).jpg,1,Tumor,MRI,578054ab803e8e173b1252a408a9ac751a9b2c2d08c8add0cc7fdc84c8087f52,1
C:\Users\dondo\OneDrive\Documents\ADBU CSE(AI & ML)\5th sem\Minor Project\Project Prototype\Brain-Tumor-Minor-Project\dataset\Brain Tumor MRI images\Tumor\meningioma (195).jpg,Brain Tumor MRI images/Tumor/meningioma (195).jpg,1,Tumor,MRI,da1307dda4d8330af9f0b785abb5e1dfe72bef3bff1ec687f1df71e7776f73f9,1
C:\Users\dondo\OneDrive\Documents\ADBU CSE(AI & ML)\5th sem\Minor Project\Project Prototype\Brain-Tumor-Minor-Project\dataset\Brain Tumor MRI images\Tumor\meningioma (196).jpg,Brain Tumor MRI images/Tumor/meningioma (196).jpg,1,Tumor,MRI,50dfc754f3939795ffb23d10581affae81c141c2a54cf0b05a1441a8c14b20cd,1
C:\Users\dondo\OneDrive\Documents\ADBU CSE(AI & ML)\5th sem\Minor Project\Project Prototype\Brain-Tumor-Minor-Project\dataset\Brain Tumor MRI images\Tumor\meningioma (197).jpg,Brain Tumor MRI images/Tumor/meningioma (197).jpg,1,Tumor,MRI,059e69600ec1751b502f8c8bd0f94b93721a720731a5bf7929c96b928664ae18,1
C:\Users\dondo\OneDrive\Documents\ADBU CSE(AI & ML)\5th sem\Minor Project\Project Prototype\Brain-Tumor-Minor-Project\dataset\Brain Tumor MRI images\Tumor\meningioma (198).jpg,Brain Tumor MRI images/Tumor/meningioma (198).jpg,1,Tumor,MRI,41211856a4526f30cfe6c548e3425bae6df628e5caaadfc99264ba08b41f9c73,1
C:\Users\dondo\OneDrive\Documents\ADBU CSE(AI & ML)\5th sem\Minor Project\Project Prototype\Brain-Tumor-Minor-Project\dataset\Brain Tumor MRI images\Tumor\meningioma (200).jpg,Brain Tumor MRI images/Tumor/meningioma (200).jpg,1,Tumor,MRI,520ac4544c62e18e69960352dc813733a9848270c8d70cce554759222f361465,1
C:\Users\dondo\OneDrive\Documents\ADBU CSE(AI & ML)\5th sem\Minor Project\Project Prototype\Brain-Tumor-Minor-Project\dataset\Brain Tumor MRI images\Tumor\meningioma (201).jpg,Brain Tumor MRI images/Tumor/meningioma (201).jpg,1,Tumor,MRI,a8aab9ee3b9b880eb6c75eac3ec40f451224e8501bf1776ce94b3bf077df9d32,1
C:\Users\dondo\OneDrive\Documents\ADBU CSE(AI & ML)\5th sem\Minor Project\Project Prototype\Brain-Tumor-Minor-Project\dataset\Brain Tumor MRI images\Tumor\meningioma (202).jpg,Brain Tumor MRI images/Tumor/meningioma (202).jpg,1,Tumor,MRI,a234d63d7b23ee57684c5134abe5a7722c74ad5b8b627ffb11819de904c01607,1
C:\Users\dondo\OneDrive\Documents\ADBU CSE(AI & ML)\5th sem\Minor Project\Project Prototype\Brain-Tumor-Minor-Project\dataset\Brain Tumor MRI images\Tumor\meningioma (203).jpg,Brain Tumor MRI images/Tumor/meningioma (203).jpg,1,Tumor,MRI,dcaf5df03b0642dd891643317bf8e446415e25d551fb2a6bf991edcd301a1d20,1
C:\Users\dondo\OneDrive\Documents\ADBU CSE(AI & ML)\5th sem\Minor Project\Project Prototype\Brain-Tumor-Minor-Project\dataset\Brain Tumor MRI images\Tumor\meningioma (204).jpg,Brain Tumor MRI images/Tumor/meningioma (204).jpg,1,Tumor,MRI,3e3b6067ccea2d14b00300edf5269a518783690676a52a98484a5f6ee0057167,1
C:\Users\dondo\OneDrive\Documents\ADBU CSE(AI & ML)\5th sem\Minor Project\Project Prototype\Brain-Tumor-Minor-Project\dataset\Brain Tumor MRI images\Tumor\meningioma (205).jpg,Brain Tumor MRI images/Tumor/meningioma (205).jpg,1,Tumor,MRI,cce550c2ad602634504ec754cec9dfd30e2ee96009b4c0da5581ac1d5883b360,1
C:\Users\dondo\OneDrive\Documents\ADBU CSE(AI & ML)\5th sem\Minor Project\Project Prototype\Brain-Tumor-Minor-Project\dataset\Brain Tumor MRI images\Tumor\meningioma (207).jpg,Brain Tumor MRI images/Tumor/meningioma (207).jpg,1,Tumor,MRI,9c9f2267a5d3cf3745d67227004c8b0484addc541d81b74502f2d46c6b63879c,1
C:\Users\dondo\OneDrive\Documents\ADBU CSE(AI & ML)\5th sem\Minor Project\Project Prototype\Brain-Tumor-Minor-Project\dataset\Brain Tumor MRI images\Tumor\meningioma (209).jpg,Brain Tumor MRI images/Tumor/meningioma (209).jpg,1,Tumor,MRI,f4bcbe588de8f486153a1f158e5fa1e777e315c99dd4d683155c4fe301874979,1
C:\Users\dondo\OneDrive\Documents\ADBU CSE(AI & ML)\5th sem\Minor Project\Project Prototype\Brain-Tumor-Minor-Project\dataset\Brain Tumor MRI images\Tumor\meningioma (21).jpg,Brain Tumor MRI images/Tumor/meningioma (21).jpg,1,Tumor,MRI,bd76d3dcf566f390844276074995843c87f31c2c95a3c220eb1b5b8eaef88489,1
C:\Users\dondo\OneDrive\Documents\ADBU CSE(AI & ML)\5th sem\Minor Project\Project Prototype\Brain-Tumor-Minor-Project\dataset\Brain Tumor MRI images\Tumor\meningioma (212).jpg,Brain Tumor MRI images/Tumor/meningioma (212).jpg,1,Tumor,MRI,a4111445a6f2fbae0dd38565ddc1df7a57fcd5713823781ca9476943c5edaf3a,1
C:\Users\dondo\OneDrive\Documents\ADBU CSE(AI & ML)\5th sem\Minor Project\Project Prototype\Brain-Tumor-Minor-Project\dataset\Brain Tumor MRI images\Tumor\meningioma (213).jpg,Brain Tumor MRI images/Tumor/meningioma (213).jpg,1,Tumor,MRI,315dc50fd7ac03269fc2ad2c159e8368c05396c2d605a57b4a6b867e2b4a53fa,1
C:\Users\dondo\OneDrive\Documents\ADBU CSE(AI & ML)\5th sem\Minor Project\Project Prototype\Brain-Tumor-Minor-Project\dataset\Brain Tumor MRI images\Tumor\meningioma (215).jpg,Brain Tumor MRI images/Tumor/meningioma (215).jpg,1,Tumor,MRI,d17428f3bdcefb3560f8d8aedb52f11751b4c8998aff65f930a38181f771759f,1
C:\Users\dondo\OneDrive\Documents\ADBU CSE(AI & ML)\5th sem\Minor Project\Project Prototype\Brain-Tumor-Minor-Project\dataset\Brain Tumor MRI images\Tumor\meningioma (216).jpg,Brain Tumor MRI images/Tumor/meningioma (216).jpg,1,Tumor,MRI,8bec87c466cbce414962c8cabb743a3b944569b3d422514eced1133dc693afe1,1
C:\Users\dondo\OneDrive\Documents\ADBU CSE(AI & ML)\5th sem\Minor Project\Project Prototype\Brain-Tumor-Minor-Project\dataset\Brain Tumor MRI images\Tumor\meningioma (217).jpg,Brain Tumor MRI images/Tumor/meningioma (217).jpg,1,Tumor,MRI,8eb664d207003fb34c335a07bf8c4b46813e66826cbb71dd3df3d05ebb2c65f9,1
C:\Users\dondo\OneDrive\Documents\ADBU CSE(AI & ML)\5th sem\Minor Project\Project Prototype\Brain-Tumor-Minor-Project\dataset\Brain Tumor MRI images\Tumor\meningioma (219).jpg,Brain Tumor MRI images/Tumor/meningioma (219).jpg,1,Tumor,MRI,8425cbdbb3a609db3ee9abfd324a2a189b0bff0c211a3d31cfc2915ee13475a8,1
C:\Users\dondo\OneDrive\Documents\ADBU CSE(AI & ML)\5th sem\Minor Project\Project Prototype\Brain-Tumor-Minor-Project\dataset\Brain Tumor MRI images\Tumor\meningioma (22).jpg,Brain Tumor MRI images/Tumor/meningioma (22).jpg,1,Tumor,MRI,004a1dd56a97612637ee3ef80d9b0628ee9c1a1d6578282f6fb488426565afde,1
C:\Users\dondo\OneDrive\Documents\ADBU CSE(AI & ML)\5th sem\Minor Project\Project Prototype\Brain-Tumor-Minor-Project\dataset\Brain Tumor MRI images\Tumor\meningioma (220).jpg,Brain Tumor MRI images/Tumor/meningioma (220).jpg,1,Tumor,MRI,b2f74a780b01cc7e35ed9d786bc49422aa922f98bdb2bd27b7d44cae8150f7c2,1
C:\Users\dondo\OneDrive\Documents\ADBU CSE(AI & ML)\5th sem\Minor Project\Project Prototype\Brain-Tumor-Minor-Project\dataset\Brain Tumor MRI images\Tumor\meningioma (224).jpg,Brain Tumor MRI images/Tumor/meningioma (224).jpg,1,Tumor,MRI,2c8f728367d3980ff2140c272a366b5feead1d09da458bee5e13cedfa962bcf8,1
C:\Users\dondo\OneDrive\Documents\ADBU CSE(AI & ML)\5th sem\Minor Project\Project Prototype\Brain-Tumor-Minor-Project\dataset\Brain Tumor MRI images\Tumor\meningioma (225).jpg,Brain Tumor MRI images/Tumor/meningioma (225).jpg,1,Tumor,MRI,eb8b5dfb0d8ff341acf35e034e1b9be098455d96626d6855ef912f478bae155c,1
C:\Users\dondo\OneDrive\Documents\ADBU CSE(AI & ML)\5th sem\Minor Project\Project Prototype\Brain-Tumor-Minor-Project\dataset\Brain Tumor MRI images\Tumor\meningioma (226).jpg,Brain Tumor MRI images/Tumor/meningioma (226).jpg,1,Tumor,MRI,8e95afadf2c04afd3c999bdb2acfec6384f9890ca20c684340eb7a8223125d5d,1
C:\Users\dondo\OneDrive\Documents\ADBU CSE(AI & ML)\5th sem\Minor Project\Project Prototype\Brain-Tumor-Minor-Project\dataset\Brain Tumor MRI images\Tumor\meningioma (23).jpg,Brain Tumor MRI images/Tumor/meningioma (23).jpg,1,Tumor,MRI,6d64ef0bb905b8b93d48b1bc917b7c21aeb3a5e6f5a11681222d67e4e3951c98,1
C:\Users\dondo\OneDrive\Documents\ADBU CSE(AI & ML)\5th sem\Minor Project\Project Prototype\Brain-Tumor-Minor-Project\dataset\Brain Tumor MRI images\Tumor\meningioma (230).jpg,Brain Tumor MRI images/Tumor/meningioma (230).jpg,1,Tumor,MRI,d01e8fc14022230bb1ea842c8f887eadf11d98e2845ae9aea47af10a02503b34,1
C:\Users\dondo\OneDrive\Documents\ADBU CSE(AI & ML)\5th sem\Minor Project\Project Prototype\Brain-Tumor-Minor-Project\dataset\Brain Tumor MRI images\Tumor\meningioma (231).jpg,Brain Tumor MRI images/Tumor/meningioma (231).jpg,1,Tumor,MRI,26d16c6acf76ce47636eab6a453d8f98866df391c968bbf08094d498a5f28616,2
C:\Users\dondo\OneDrive\Documents\ADBU CSE(AI & ML)\5th sem\Minor Project\Project Prototype\Brain-Tumor-Minor-Project\dataset\Brain Tumor MRI images\Tumor\meningioma (232).jpg,Brain Tumor MRI images/Tumor/meningioma (232).jpg,1,Tumor,MRI,a67842fcefdce75164d9e840759c66d2edd6fa5c82b2232a598ae3993f6e9444,1
C:\Users\dondo\OneDrive\Documents\ADBU CSE(AI & ML)\5th sem\Minor Project\Project Prototype\Brain-Tumor-Minor-Project\dataset\Brain Tumor MRI images\Tumor\meningioma (233).jpg,Brain Tumor MRI images/Tumor/meningioma (233).jpg,1,Tumor,MRI,2140b85fe11ff309ef4d6a8667756ce9389a07f84868a575e5460bccc20a9a8e,1
C:\Users\dondo\OneDrive\Documents\ADBU CSE(AI & ML)\5th sem\Minor Project\Project Prototype\Brain-Tumor-Minor-Project\dataset\Brain Tumor MRI images\Tumor\meningioma (238).jpg,Brain Tumor MRI images/Tumor/meningioma (238).jpg,1,Tumor,MRI,8510b9786c9627b7cc035e1b7960186d8da55bf2926e701e3ee850f16be78abf,1
C:\Users\dondo\OneDrive\Documents\ADBU CSE(AI & ML)\5th sem\Minor Project\Project Prototype\Brain-Tumor-Minor-Project\dataset\Brain Tumor MRI images\Tumor\meningioma (239).jpg,Brain Tumor MRI images/Tumor/meningioma (239).jpg,1,Tumor,MRI,859c38064e93901c6036eddaa15f229b1f830ff44bd04a9ea5a09559c6405d1e,1
C:\Users\dondo\OneDrive\Documents\ADBU CSE(AI & ML)\5th sem\Minor Project\Project Prototype\Brain-Tumor-Minor-Project\dataset\Brain Tumor MRI images\Tumor\meningioma (240).jpg,Brain Tumor MRI images/Tumor/meningioma (240).jpg,1,Tumor,MRI,119b52f72900f68682accc16748431d22342c06de8a3b1d39817929e6def5d6a,1
C:\Users\dondo\OneDrive\Documents\ADBU CSE(AI & ML)\5th sem\Minor Project\Project Prototype\Brain-Tumor-Minor-Project\dataset\Brain Tumor MRI images\Tumor\meningioma (241).jpg,Brain Tumor MRI images/Tumor/meningioma (241).jpg,1,Tumor,MRI,b7e5d80f972385fcc6a03181dfc9d8902209fc0d4cb28d1dbbc5f43fc34e7f98,1
C:\Users\dondo\OneDrive\Documents\ADBU CSE(AI & ML)\5th sem\Minor Project\Project Prototype\Brain-Tumor-Minor-Project\dataset\Brain Tumor MRI images\Tumor\meningioma (242).jpg,Brain Tumor MRI images/Tumor/meningioma (242).jpg,1,Tumor,MRI,b88096af588f420decc517220723b41612a0ebf1c4ca783a944cdce06c1949b0,1
C:\Users\dondo\OneDrive\Documents\ADBU CSE(AI & ML)\5th sem\Minor Project\Project Prototype\Brain-Tumor-Minor-Project\dataset\Brain Tumor MRI images\Tumor\meningioma (245).jpg,Brain Tumor MRI images/Tumor/meningioma (245).jpg,1,Tumor,MRI,8ae8fda40eb28e6fdeee28bebaf9297e13995d679d2df490420ac74bdab567ad,1
C:\Users\dondo\OneDrive\Documents\ADBU CSE(AI & ML)\5th sem\Minor Project\Project Prototype\Brain-Tumor-Minor-Project\dataset\Brain Tumor MRI images\Tumor\meningioma (246).jpg,Brain Tumor MRI images/Tumor/meningioma (246).jpg,1,Tumor,MRI,6de96542eabd1d8682425bdf21fe7ff7ac5f3e4172fd4c0da9e493be2fb1642a,1
C:\Users\dondo\OneDrive\Documents\ADBU CSE(AI & ML)\5th sem\Minor Project\Project Prototype\Brain-Tumor-Minor-Project\dataset\Brain Tumor MRI images\Tumor\meningioma (248).jpg,Brain Tumor MRI images/Tumor/meningioma (248).jpg,1,Tumor,MRI,1245941bd267dd84454dad7c70ddc4e2195fdc9183e8cde304c9cbc6c29d3f33,1
C:\Users\dondo\OneDrive\Documents\ADBU CSE(AI & ML)\5th sem\Minor Project\Project Prototype\Brain-Tumor-Minor-Project\dataset\Brain Tumor MRI images\Tumor\meningioma (249).jpg,Brain Tumor MRI images/Tumor/meningioma (249).jpg,1,Tumor,MRI,65aff907a9b06e3908db5276966eac039879cb7bc814385040dff5fcbe60460a,1
C:\Users\dondo\OneDrive\Documents\ADBU CSE(AI & ML)\5th sem\Minor Project\Project Prototype\Brain-Tumor-Minor-Project\dataset\Brain Tumor MRI images\Tumor\meningioma (250).jpg,Brain Tumor MRI images/Tumor/meningioma (250).jpg,1,Tumor,MRI,aa30fae3a4b75550b429d7960d12537ce5713f4c93e856320c5753482e734202,1
C:\Users\dondo\OneDrive\Documents\ADBU CSE(AI & ML)\5th sem\Minor Project\Project Prototype\Brain-Tumor-Minor-Project\dataset\Brain Tumor MRI images\Tumor\meningioma (251).jpg,Brain Tumor MRI images/Tumor/meningioma (251).jpg,1,Tumor,MRI,7c6955ac893c5538feab361aae6d36ef08f4d9ec0c87a3425673fe7d7ae18a6f,1
C:\Users\dondo\OneDrive\Documents\ADBU CSE(AI & ML)\5th sem\Minor Project\Project Prototype\Brain-Tumor-Minor-Project\dataset\Brain Tumor MRI images\Tumor\meningioma (252).jpg,Brain Tumor MRI images/Tumor/meningioma (252).jpg,1,Tumor,MRI,be2464532f01736c597ea25238924476f62d4551f6d6b2e0fb3ad60811ee4009,1
C:\Users\dondo\OneDrive\Documents\ADBU CSE(AI & ML)\5th sem\Minor Project\Project Prototype\Brain-Tumor-Minor-Project\dataset\Brain Tumor MRI images\Tumor\meningioma (254).jpg,Brain Tumor MRI images/Tumor/meningioma (254).jpg,1,Tumor,MRI,74ef441fcb84666a22a840c746e74305dcf5ecca4bea37735cf3dfa1c803a46d,1
C:\Users\dondo\OneDrive\Documents\ADBU CSE(AI & ML)\5th sem\Minor Project\Project Prototype\Brain-Tumor-Minor-Project\dataset\Brain Tumor MRI images\Tumor\meningioma (255).jpg,Brain Tumor MRI images/Tumor/meningioma (255).jpg,1,Tumor,MRI,570f99e22f9843f87840c48bfb4da9e88f481f9d80c0ecd91d01352aa545ff61,1
C:\Users\dondo\OneDrive\Documents\ADBU CSE(AI & ML)\5th sem\Minor Project\Project Prototype\Brain-Tumor-Minor-Project\dataset\Brain Tumor MRI images\Tumor\meningioma (256).jpg,Brain Tumor MRI images/Tumor/meningioma (256).jpg,1,Tumor,MRI,d4d34f3dc09a3ec0cea216f2a15ef4bde3ec366ec28e41d8ec240bc9df42cd7b,1
C:\Users\dondo\OneDrive\Documents\ADBU CSE(AI & ML)\5th sem\Minor Project\Project Prototype\Brain-Tumor-Minor-Project\dataset\Brain Tumor MRI images\Tumor\meningioma (258).jpg,Brain Tumor MRI images/Tumor/meningioma (258).jpg,1,Tumor,MRI,6c4908ade4ac1d420d68811e66eac71b594e091bf03c5ec9ed7a45383c186d2a,1
C:\Users\dondo\OneDrive\Documents\ADBU CSE(AI & ML)\5th sem\Minor Project\Project Prototype\Brain-Tumor-Minor-Project\dataset\Brain Tumor MRI images\Tumor\meningioma (260).jpg,Brain Tumor MRI images/Tumor/meningioma (260).jpg,1,Tumor,MRI,d5c5958ac8715a1728cda5f27e79374530302e817219d7e66c7f2055679ad2a1,1
C:\Users\dondo\OneDrive\Documents\ADBU CSE(AI & ML)\5th sem\Minor Project\Project Prototype\Brain-Tumor-Minor-Project\dataset\Brain Tumor MRI images\Tumor\meningioma (261).jpg,Brain Tumor MRI images/Tumor/meningioma (261).jpg,1,Tumor,MRI,0cbf4125857362e873a8f25657398207433ec271e67f6d01b798f29701318aec,1
C:\Users\dondo\OneDrive\Documents\ADBU CSE(AI & ML)\5th sem\Minor Project\Project Prototype\Brain-Tumor-Minor-Project\dataset\Brain Tumor MRI images\Tumor\meningioma (262).jpg,Brain Tumor MRI images/Tumor/meningioma (262).jpg,1,Tumor,MRI,8cecbdee7fab2c5e171db06435056066ac48bd6f538912678beda80891f52619,1
C:\Users\dondo\OneDrive\Documents\ADBU CSE(AI & ML)\5th sem\Minor Project\Project Prototype\Brain-Tumor-Minor-Project\dataset\Brain Tumor MRI images\Tumor\meningioma (263).jpg,Brain Tumor MRI images/Tumor/meningioma (263).jpg,1,Tumor,MRI,05caeb2bfd131e9eb5124aaf8b05c2eb3caa68f426db4dc8a2d9d21a3ba6e4d3,1
C:\Users\dondo\OneDrive\Documents\ADBU CSE(AI & ML)\5th sem\Minor Project\Project Prototype\Brain-Tumor-Minor-Project\dataset\Brain Tumor MRI images\Tumor\meningioma (264).jpg,Brain Tumor MRI images/Tumor/meningioma (264).jpg,1,Tumor,MRI,8a0d290a4147e355b21dbb76c75cc5c78e57493fb4cd4550207f4344330478cd,1
C:\Users\dondo\OneDrive\Documents\ADBU CSE(AI & ML)\5th sem\Minor Project\Project Prototype\Brain-Tumor-Minor-Project\dataset\Brain Tumor MRI images\Tumor\meningioma (265).jpg,Brain Tumor MRI images/Tumor/meningioma (265).jpg,1,Tumor,MRI,b7a0a88001b0ab395e87a1200a9e7043b54d57720a32dbab91f3a926c86803ce,1
C:\Users\dondo\OneDrive\Documents\ADBU CSE(AI & ML)\5th sem\Minor Project\Project Prototype\Brain-Tumor-Minor-Project\dataset\Brain Tumor MRI images\Tumor\meningioma (266).jpg,Brain Tumor MRI images/Tumor/meningioma (266).jpg,1,Tumor,MRI,9e4df8e61e96fbd70923b70cd358db36b7a2e4264c5aaa88535c378fb37c1f20,1
C:\Users\dondo\OneDrive\Documents\ADBU CSE(AI & ML)\5th sem\Minor Project\Project Prototype\Brain-Tumor-Minor-Project\dataset\Brain Tumor MRI images\Tumor\meningioma (267).jpg,Brain Tumor MRI images/Tumor/meningioma (267).jpg,1,Tumor,MRI,51fe54125ab30a938caeb59943c570fb6b99ecb5efedac66414d386d5c5ae9cb,1
C:\Users\dondo\OneDrive\Documents\ADBU CSE(AI & ML)\5th sem\Minor Project\Project Prototype\Brain-Tumor-Minor-Project\dataset\Brain Tumor MRI images\Tumor\meningioma (268).jpg,Brain Tumor MRI images/Tumor/meningioma (268).jpg,1,Tumor,MRI,14a2f1c626664b6836b8ea70087ad307f8a8c281b30bda0664a4a982a78f3bc1,1
C:\Users\dondo\OneDrive\Documents\ADBU CSE(AI & ML)\5th sem\Minor Project\Project Prototype\Brain-Tumor-Minor-Project\dataset\Brain Tumor MRI images\Tumor\meningioma (269).jpg,Brain Tumor MRI images/Tumor/meningioma (269).jpg,1,Tumor,MRI,610d11a081e69e7f4a68fff0ee4383ecf28e6c09c43329d0507b6f10a196003e,1
C:\Users\dondo\OneDrive\Documents\ADBU CSE(AI & ML)\5th sem\Minor Project\Project Prototype\Brain-Tumor-Minor-Project\dataset\Brain Tumor MRI images\Tumor\meningioma (27).jpg,Brain Tumor MRI images/Tumor/meningioma (27).jpg,1,Tumor,MRI,ab32191db7effefc415f69c09d42bf33b15bf53f3775ea88481e6dd1d12f98d8,1
C:\Users\dondo\OneDrive\Documents\ADBU CSE(AI & ML)\5th sem\Minor Project\Project Prototype\Brain-Tumor-Minor-Project\dataset\Brain Tumor MRI images\Tumor\meningioma (270).jpg,Brain Tumor MRI images/Tumor/meningioma (270).jpg,1,Tumor,MRI,b313a7021830647e6d770d90c56235087805161cf71a96e3271da9b2b896f53f,1
C:\Users\dondo\OneDrive\Documents\ADBU CSE(AI & ML)\5th sem\Minor Project\Project Prototype\Brain-Tumor-Minor-Project\dataset\Brain Tumor MRI images\Tumor\meningioma (271).jpg,Brain Tumor MRI images/Tumor/meningioma (271).jpg,1,Tumor,MRI,077f319555365ce205000227b14352d174150d74d3608ef40124856a4cacb20a,1
C:\Users\dondo\OneDrive\Documents\ADBU CSE(AI & ML)\5th sem\Minor Project\Project Prototype\Brain-Tumor-Minor-Project\dataset\Brain Tumor MRI images\Tumor\meningioma (272).jpg,Brain Tumor MRI images/Tumor/meningioma (272).jpg,1,Tumor,MRI,e8ebdec02cc131ef0cd3182fb45b72213496881bd39d9e88b002a9d883040f2d,2
C:\Users\dondo\OneDrive\Documents\ADBU CSE(AI & ML)\5th sem\Minor Project\Project Prototype\Brain-Tumor-Minor-Project\dataset\Brain Tumor MRI images\Tumor\meningioma (273).jpg,Brain Tumor MRI images/Tumor/meningioma (273).jpg,1,Tumor,MRI,0237a6264d89e4689b8752c9b1d56c57fc857dc833c842c7cb5e836f17c2f7f8,1
C:\Users\dondo\OneDrive\Documents\ADBU CSE(AI & ML)\5th sem\Minor Project\Project Prototype\Brain-Tumor-Minor-Project\dataset\Brain Tumor MRI images\Tumor\meningioma (274).jpg,Brain Tumor MRI images/Tumor/meningioma (274).jpg,1,Tumor,MRI,94a9db0f88f25ef4b6ad3b1cd6533f9be6eb50155943627cd9785bc21ed58c19,1
C:\Users\dondo\OneDrive\Documents\ADBU CSE(AI & ML)\5th sem\Minor Project\Project Prototype\Brain-Tumor-Minor-Project\dataset\Brain Tumor MRI images\Tumor\meningioma (275).jpg,Brain Tumor MRI images/Tumor/meningioma (275).jpg,1,Tumor,MRI,594ede21267d66b404fd0492c88ae278119f3da07a9e221234616100fcc5a899,1
C:\Users\dondo\OneDrive\Documents\ADBU CSE(AI & ML)\5th sem\Minor Project\Project Prototype\Brain-Tumor-Minor-Project\dataset\Brain Tumor MRI images\Tumor\meningioma (277).jpg,Brain Tumor MRI images/Tumor/meningioma (277).jpg,1,Tumor,MRI,bd9aca5ac7bea47c03217ed8f50e1b5af1d5184893256f344be67e3f5098b7ab,1
C:\Users\dondo\OneDrive\Documents\ADBU CSE(AI & ML)\5th sem\Minor Project\Project Prototype\Brain-Tumor-Minor-Project\dataset\Brain Tumor MRI images\Tumor\meningioma (278).jpg,Brain Tumor MRI images/Tumor/meningioma (278).jpg,1,Tumor,MRI,84f147642dd1b172712497b1b52c8af295779a874d3470bb44589b37cf0c29d0,1
C:\Users\dondo\OneDrive\Documents\ADBU CSE(AI & ML)\5th sem\Minor Project\Project Prototype\Brain-Tumor-Minor-Project\dataset\Brain Tumor MRI images\Tumor\meningioma (279).jpg,Brain Tumor MRI images/Tumor/meningioma (279).jpg,1,Tumor,MRI,7fa3a6e76aaa53103a176bbc3395b17f17fc13217077da357a31a157d9f678bc,1
C:\Users\dondo\OneDrive\Documents\ADBU CSE(AI & ML)\5th sem\Minor Project\Project Prototype\Brain-Tumor-Minor-Project\dataset\Brain Tumor MRI images\Tumor\meningioma (28).jpg,Brain Tumor MRI images/Tumor/meningioma (28).jpg,1,Tumor,MRI,29e1313e824822caa5c3949eeb90cf03115a1df6ffdf550cc9717fa93258c6dd,1
C:\Users\dondo\OneDrive\Documents\ADBU CSE(AI & ML)\5th sem\Minor Project\Project Prototype\Brain-Tumor-Minor-Project\dataset\Brain Tumor MRI images\Tumor\meningioma (280).jpg,Brain Tumor MRI images/Tumor/meningioma (280).jpg,1,Tumor,MRI,ee73965915a826a17ce334e3df8b2311c95e7ef21eb7960d2a7ad128a04149f1,1
C:\Users\dondo\OneDrive\Documents\ADBU CSE(AI & ML)\5th sem\Minor Project\Project Prototype\Brain-Tumor-Minor-Project\dataset\Brain Tumor MRI images\Tumor\meningioma (282).jpg,Brain Tumor MRI images/Tumor/meningioma (282).jpg,1,Tumor,MRI,5b6d5d8a704220d68d70f1b0eb6c3d19916a7720c7b650cda7ac59313bbed0d5,1
C:\Users\dondo\OneDrive\Documents\ADBU CSE(AI & ML)\5th sem\Minor Project\Project Prototype\Brain-Tumor-Minor-Project\dataset\Brain Tumor MRI images\Tumor\meningioma (284).jpg,Brain Tumor MRI images/Tumor/meningioma (284).jpg,1,Tumor,MRI,65c0ce96570dc11ea2bb6c49a2b05cbc1ced941d1654a314714794c6f9319f41,1
C:\Users\dondo\OneDrive\Documents\ADBU CSE(AI & ML)\5th sem\Minor Project\Project Prototype\Brain-Tumor-Minor-Project\dataset\Brain Tumor MRI images\Tumor\meningioma (286).jpg,Brain Tumor MRI images/Tumor/meningioma (286).jpg,1,Tumor,MRI,1f246d01dff1a5e894e15045b53498d3f2e7fff49b0690977127f100f414d33d,1
C:\Users\dondo\OneDrive\Documents\ADBU CSE(AI & ML)\5th sem\Minor Project\Project Prototype\Brain-Tumor-Minor-Project\dataset\Brain Tumor MRI images\Tumor\meningioma (287).jpg,Brain Tumor MRI images/Tumor/meningioma (287).jpg,1,Tumor,MRI,f15e799174c14cf3724911a046561640a2b18e600c013a75f0b1af696b5e9d0b,1
C:\Users\dondo\OneDrive\Documents\ADBU CSE(AI & ML)\5th sem\Minor Project\Project Prototype\Brain-Tumor-Minor-Project\dataset\Brain Tumor MRI images\Tumor\meningioma (289).jpg,Brain Tumor MRI images/Tumor/meningioma (289).jpg,1,Tumor,MRI,b2ff50dd597e0c228feefce4a6b96e1f2a153e63df7d852d46bc300e28470565,1
C:\Users\dondo\OneDrive\Documents\ADBU CSE(AI & ML)\5th sem\Minor Project\Project Prototype\Brain-Tumor-Minor-Project\dataset\Brain Tumor MRI images\Tumor\meningioma (290).jpg,Brain Tumor MRI images/Tumor/meningioma (290).jpg,1,Tumor,MRI,41e80ba68601b90613c72f0426910eec625feba811901b9e92ad0f900abd37bc,1
C:\Users\dondo\OneDrive\Documents\ADBU CSE(AI & ML)\5th sem\Minor Project\Project Prototype\Brain-Tumor-Minor-Project\dataset\Brain Tumor MRI images\Tumor\meningioma (291).jpg,Brain Tumor MRI images/Tumor/meningioma (291).jpg,1,Tumor,MRI,ed75d0a1e0c02590a444cdf55ce56052f1ec865ea1975bebadccc315e456aaf0,1
C:\Users\dondo\OneDrive\Documents\ADBU CSE(AI & ML)\5th sem\Minor Project\Project Prototype\Brain-Tumor-Minor-Project\dataset\Brain Tumor MRI images\Tumor\meningioma (294).jpg,Brain Tumor MRI images/Tumor/meningioma (294).jpg,1,Tumor,MRI,de025c460825d595ec190a8caa26e0975e5d5793d2ff323093023ed678e86f07,1
C:\Users\dondo\OneDrive\Documents\ADBU CSE(AI & ML)\5th sem\Minor Project\Project Prototype\Brain-Tumor-Minor-Project\dataset\Brain Tumor MRI images\Tumor\meningioma (295).jpg,Brain Tumor MRI images/Tumor/meningioma (295).jpg,1,Tumor,MRI,c8fd0f543d26b183ae85cdae486806ac78bb17b4c3030d3c0a41e51bf1ca9f45,1
C:\Users\dondo\OneDrive\Documents\ADBU CSE(AI & ML)\5th sem\Minor Project\Project Prototype\Brain-Tumor-Minor-Project\dataset\Brain Tumor MRI images\Tumor\meningioma (297).jpg,Brain Tumor MRI images/Tumor/meningioma (297).jpg,1,Tumor,MRI,0c8b132cc29e80fd3017914fca5dbce6730762168c34ad596d3fbd80c1bbc1c7,1
C:\Users\dondo\OneDrive\Documents\ADBU CSE(AI & ML)\5th sem\Minor Project\Project Prototype\Brain-Tumor-Minor-Project\dataset\Brain Tumor MRI images\Tumor\meningioma (30).jpg,Brain Tumor MRI images/Tumor/meningioma (30).jpg,1,Tumor,MRI,b80380fdd2be8cb16e2ff72b6a894142758fe982e2d9efe39fec8d3050047650,1
C:\Users\dondo\OneDrive\Documents\ADBU CSE(AI & ML)\5th sem\Minor Project\Project Prototype\Brain-Tumor-Minor-Project\dataset\Brain Tumor MRI images\Tumor\meningioma (301).jpg,Brain Tumor MRI images/Tumor/meningioma (301).jpg,1,Tumor,MRI,7596c951865c32bc12f67a3c2a7a7d8a4619751dc492d876bd95d157dec91cb1,1
C:\Users\dondo\OneDrive\Documents\ADBU CSE(AI & ML)\5th sem\Minor Project\Project Prototype\Brain-Tumor-Minor-Project\dataset\Brain Tumor MRI images\Tumor\meningioma (302).jpg,Brain Tumor MRI images/Tumor/meningioma (302).jpg,1,Tumor,MRI,0e97dbfaf6fbc59b260561f0c9cf52c5d547853060724a3e67b2bbf0acb275a1,1
C:\Users\dondo\OneDrive\Documents\ADBU CSE(AI & ML)\5th sem\Minor Project\Project Prototype\Brain-Tumor-Minor-Project\dataset\Brain Tumor MRI images\Tumor\meningioma (303).jpg,Brain Tumor MRI images/Tumor/meningioma (303).jpg,1,Tumor,MRI,b952384dc2e650c9b0b0082f41acb0d0d8d5ba0b02c5fb12aaca157cc6e3f746,1
C:\Users\dondo\OneDrive\Documents\ADBU CSE(AI & ML)\5th sem\Minor Project\Project Prototype\Brain-Tumor-Minor-Project\dataset\Brain Tumor MRI images\Tumor\meningioma (308).jpg,Brain Tumor MRI images/Tumor/meningioma (308).jpg,1,Tumor,MRI,8ab39f6debed75768d09d48fdbec8005dc77d1809c16a06e8360d5203853e967,1
C:\Users\dondo\OneDrive\Documents\ADBU CSE(AI & ML)\5th sem\Minor Project\Project Prototype\Brain-Tumor-Minor-Project\dataset\Brain Tumor MRI images\Tumor\meningioma (309).jpg,Brain Tumor MRI images/Tumor/meningioma (309).jpg,1,Tumor,MRI,145d305d92b908f1e3f623826c35cb61d8662e46b454a767f1e8bd1484943a02,1
C:\Users\dondo\OneDrive\Documents\ADBU CSE(AI & ML)\5th sem\Minor Project\Project Prototype\Brain-Tumor-Minor-Project\dataset\Brain Tumor MRI images\Tumor\meningioma (31).jpg,Brain Tumor MRI images/Tumor/meningioma (31).jpg,1,Tumor,MRI,d36c25ba0257f691eafe918c68fb716ee520508afa1cf2797eebd5f691296798,1
C:\Users\dondo\OneDrive\Documents\ADBU CSE(AI & ML)\5th sem\Minor Project\Project Prototype\Brain-Tumor-Minor-Project\dataset\Brain Tumor MRI images\Tumor\meningioma (310).jpg,Brain Tumor MRI images/Tumor/meningioma (310).jpg,1,Tumor,MRI,5bfc7c01da60c3d2bd4bad03e39feed76c55d409935190c77566ec24c3b75d33,1
C:\Users\dondo\OneDrive\Documents\ADBU CSE(AI & ML)\5th sem\Minor Project\Project Prototype\Brain-Tumor-Minor-Project\dataset\Brain Tumor MRI images\Tumor\meningioma (311).jpg,Brain Tumor MRI images/Tumor/meningioma (311).jpg,1,Tumor,MRI,e2265b106d9add7303783c98155d14d7167383d6e61bd1c9486ea6b6ff7056f6,1
C:\Users\dondo\OneDrive\Documents\ADBU CSE(AI & ML)\5th sem\Minor Project\Project Prototype\Brain-Tumor-Minor-Project\dataset\Brain Tumor MRI images\Tumor\meningioma (312).jpg,Brain Tumor MRI images/Tumor/meningioma (312).jpg,1,Tumor,MRI,cdab7bd72ea6bf805352fc95d0bc73fa16b2a706ebff9d6a3fbe7bb8338083b0,1
C:\Users\dondo\OneDrive\Documents\ADBU CSE(AI & ML)\5th sem\Minor Project\Project Prototype\Brain-Tumor-Minor-Project\dataset\Brain Tumor MRI images\Tumor\meningioma (313).jpg,Brain Tumor MRI images/Tumor/meningioma (313).jpg,1,Tumor,MRI,5aeb867fe936f0f3484fbdf19b8ce83e701eff4ec2b0fc49643841868e3ee6f5,1
C:\Users\dondo\OneDrive\Documents\ADBU CSE(AI & ML)\5th sem\Minor Project\Project Prototype\Brain-Tumor-Minor-Project\dataset\Brain Tumor MRI images\Tumor\meningioma (316).jpg,Brain Tumor MRI images/Tumor/meningioma (316).jpg,1,Tumor,MRI,a8ec2c20a55b2796a2abde5f711340f1ae61817fccdfb2e267ad52c407e83398,1
C:\Users\dondo\OneDrive\Documents\ADBU CSE(AI & ML)\5th sem\Minor Project\Project Prototype\Brain-Tumor-Minor-Project\dataset\Brain Tumor MRI images\Tumor\meningioma (317).jpg,Brain Tumor MRI images/Tumor/meningioma (317).jpg,1,Tumor,MRI,f8116ba8492b20bddb5f8d33286168b39964c04f0fe1435b7f4815247f88e6c0,1
C:\Users\dondo\OneDrive\Documents\ADBU CSE(AI & ML)\5th sem\Minor Project\Project Prototype\Brain-Tumor-Minor-Project\dataset\Brain Tumor MRI images\Tumor\meningioma (318).jpg,Brain Tumor MRI images/Tumor/meningioma (318).jpg,1,Tumor,MRI,9daaf1888c683ca71b6b4742ed9a83d85e560dc31919aaab26d38fcbc276f052,1
C:\Users\dondo\OneDrive\Documents\ADBU CSE(AI & ML)\5th sem\Minor Project\Project Prototype\Brain-Tumor-Minor-Project\dataset\Brain Tumor MRI images\Tumor\meningioma (319).jpg,Brain Tumor MRI images/Tumor/meningioma (319).jpg,1,Tumor,MRI,3d67c85a8797186e7937b6a3d5df3391872313f9ffc567fe8ac842c14a1442bc,1
C:\Users\dondo\OneDrive\Documents\ADBU CSE(AI & ML)\5th sem\Minor Project\Project Prototype\Brain-Tumor-Minor-Project\dataset\Brain Tumor MRI images\Tumor\meningioma (32).jpg,Brain Tumor MRI images/Tumor/meningioma (32).jpg,1,Tumor,MRI,66844ce4052cd5700822a0a11370ce0fbecaeb037012aad25092e8ebcd243b58,1
C:\Users\dondo\OneDrive\Documents\ADBU CSE(AI & ML)\5th sem\Minor Project\Project Prototype\Brain-Tumor-Minor-Project\dataset\Brain Tumor MRI images\Tumor\meningioma (320).jpg,Brain Tumor MRI images/Tumor/meningioma (320).jpg,1,Tumor,MRI,97239162fdad22119aa27513aa577c1b494eced438382a887bda3980b4d731c0,1
C:\Users\dondo\OneDrive\Documents\ADBU CSE(AI & ML)\5th sem\Minor Project\Project Prototype\Brain-Tumor-Minor-Project\dataset\Brain Tumor MRI images\Tumor\meningioma (321).jpg,Brain Tumor MRI images/Tumor/meningioma (321).jpg,1,Tumor,MRI,96c69311cbf18ea4147ddc93419d5c355890356be1cead7d9a42b3baae648fce,1
C:\Users\dondo\OneDrive\Documents\ADBU CSE(AI & ML)\5th sem\Minor Project\Project Prototype\Brain-Tumor-Minor-Project\dataset\Brain Tumor MRI images\Tumor\meningioma (324).jpg,Brain Tumor MRI images/Tumor/meningioma (324).jpg,1,Tumor,MRI,475140f1641e2cb1315786f8ecd1be45c353fcf2dd37efed43da9f6a5ce1bec6,1
C:\Users\dondo\OneDrive\Documents\ADBU CSE(AI & ML)\5th sem\Minor Project\Project Prototype\Brain-Tumor-Minor-Project\dataset\Brain Tumor MRI images\Tumor\meningioma (325).jpg,Brain Tumor MRI images/Tumor/meningioma (325).jpg,1,Tumor,MRI,8e1b51693fa9380a8dd58509e2d4c7a44ab7e1647e9568fc9562f4c04c96a346,1
C:\Users\dondo\OneDrive\Documents\ADBU CSE(AI & ML)\5th sem\Minor Project\Project Prototype\Brain-Tumor-Minor-Project\dataset\Brain Tumor MRI images\Tumor\meningioma (327).jpg,Brain Tumor MRI images/Tumor/meningioma (327).jpg,1,Tumor,MRI,5ba768e604bcd97cf0eb5a8a8ef4c6044c69e447aafc55f5b08273214e4fdef1,1
C:\Users\dondo\OneDrive\Documents\ADBU CSE(AI & ML)\5th sem\Minor Project\Project Prototype\Brain-Tumor-Minor-Project\dataset\Brain Tumor MRI images\Tumor\meningioma (329).jpg,Brain Tumor MRI images/Tumor/meningioma (329).jpg,1,Tumor,MRI,c31a18a86f1fb8a4f9812a507b6c5a47da3b44bdc31c4432e42e920080db9e63,1
C:\Users\dondo\OneDrive\Documents\ADBU CSE(AI & ML)\5th sem\Minor Project\Project Prototype\Brain-Tumor-Minor-Project\dataset\Brain Tumor MRI images\Tumor\meningioma (33).jpg,Brain Tumor MRI images/Tumor/meningioma (33).jpg,1,Tumor,MRI,8a4900cfcc2f93aa9a537d3a3d3e8d7e7a8519cc69f75680d8d9ef26eccf1790,1
C:\Users\dondo\OneDrive\Documents\ADBU CSE(AI & ML)\5th sem\Minor Project\Project Prototype\Brain-Tumor-Minor-Project\dataset\Brain Tumor MRI images\Tumor\meningioma (330).jpg,Brain Tumor MRI images/Tumor/meningioma (330).jpg,1,Tumor,MRI,cde578738b1849b8d79d3c812c4a0ba73ca06f0c120bff8cfabb7cb34494333b,1
C:\Users\dondo\OneDrive\Documents\ADBU CSE(AI & ML)\5th sem\Minor Project\Project Prototype\Brain-Tumor-Minor-Project\dataset\Brain Tumor MRI images\Tumor\meningioma (331).jpg,Brain Tumor MRI images/Tumor/meningioma (331).jpg,1,Tumor,MRI,a080c5f6759552b32b444be77a3a8d40fe43b3023d53818b83c95087a72dff2a,1
C:\Users\dondo\OneDrive\Documents\ADBU CSE(AI & ML)\5th sem\Minor Project\Project Prototype\Brain-Tumor-Minor-Project\dataset\Brain Tumor MRI images\Tumor\meningioma (334).jpg,Brain Tumor MRI images/Tumor/meningioma (334).jpg,1,Tumor,MRI,48f902e8eb9408bcf181e2ca3a5c548e98bcecb64d8d48d3f4c312b5709ab1e6,1
C:\Users\dondo\OneDrive\Documents\ADBU CSE(AI & ML)\5th sem\Minor Project\Project Prototype\Brain-Tumor-Minor-Project\dataset\Brain Tumor MRI images\Tumor\meningioma (336).jpg,Brain Tumor MRI images/Tumor/meningioma (336).jpg,1,Tumor,MRI,bd2977d94ed4a42e9bfe969af3a8381bce8b4352854ece4dd543ea33ef8d86a9,1
C:\Users\dondo\OneDrive\Documents\ADBU CSE(AI & ML)\5th sem\Minor Project\Project Prototype\Brain-Tumor-Minor-Project\dataset\Brain Tumor MRI images\Tumor\meningioma (338).jpg,Brain Tumor MRI images/Tumor/meningioma (338).jpg,1,Tumor,MRI,24a3e968e09303b24d17057dc27bc1b8c897ecf7fabdb0f808949e6c7c1ffd4e,1
C:\Users\dondo\OneDrive\Documents\ADBU CSE(AI & ML)\5th sem\Minor Project\Project Prototype\Brain-Tumor-Minor-Project\dataset\Brain Tumor MRI images\Tumor\meningioma (339).jpg,Brain Tumor MRI images/Tumor/meningioma (339).jpg,1,Tumor,MRI,0e48585c6bcb28662c8a7e4b5cb5c741492bdbe5088b17a6ca34708daa620bd1,1
C:\Users\dondo\OneDrive\Documents\ADBU CSE(AI & ML)\5th sem\Minor Project\Project Prototype\Brain-Tumor-Minor-Project\dataset\Brain Tumor MRI images\Tumor\meningioma (34).jpg,Brain Tumor MRI images/Tumor/meningioma (34).jpg,1,Tumor,MRI,eb31d3520c0b9098b0f2275c1e2711439369cdac12c32e7032ea88b7e0a650c2,1
C:\Users\dondo\OneDrive\Documents\ADBU CSE(AI & ML)\5th sem\Minor Project\Project Prototype\Brain-Tumor-Minor-Project\dataset\Brain Tumor MRI images\Tumor\meningioma (340).jpg,Brain Tumor MRI images/Tumor/meningioma (340).jpg,1,Tumor,MRI,bf701a9c0b2fd636fde26573b7f1094d7ce89be27306d417ea7f28bd2dafe278,1
C:\Users\dondo\OneDrive\Documents\ADBU CSE(AI & ML)\5th sem\Minor Project\Project Prototype\Brain-Tumor-Minor-Project\dataset\Brain Tumor MRI images\Tumor\meningioma (341).jpg,Brain Tumor MRI images/Tumor/meningioma (341).jpg,1,Tumor,MRI,4db6201bf1f6d73541c23a27ee0c8a4f7010497e4ede0f18ed8c3d03775002d4,1
C:\Users\dondo\OneDrive\Documents\ADBU CSE(AI & ML)\5th sem\Minor Project\Project Prototype\Brain-Tumor-Minor-Project\dataset\Brain Tumor MRI images\Tumor\meningioma (344).jpg,Brain Tumor MRI images/Tumor/meningioma (344).jpg,1,Tumor,MRI,44ac1e53a5d41cdd28e57ff4f984cfbbfee4649c8d756fc373fffd4fa45d91cd,1
C:\Users\dondo\OneDrive\Documents\ADBU CSE(AI & ML)\5th sem\Minor Project\Project Prototype\Brain-Tumor-Minor-Project\dataset\Brain Tumor MRI images\Tumor\meningioma (345).jpg,Brain Tumor MRI images/Tumor/meningioma (345).jpg,1,Tumor,MRI,6b4706983fa38bd40f50a440b5fe89f7906567059fc0a9e45e8fabe96c23b10c,1
C:\Users\dondo\OneDrive\Documents\ADBU CSE(AI & ML)\5th sem\Minor Project\Project Prototype\Brain-Tumor-Minor-Project\dataset\Brain Tumor MRI images\Tumor\meningioma (346).jpg,Brain Tumor MRI images/Tumor/meningioma (346).jpg,1,Tumor,MRI,5151a0c8a0769ac2afdd453118843d7cc008208ddf086823828dddc715ae6b58,1
C:\Users\dondo\OneDrive\Documents\ADBU CSE(AI & ML)\5th sem\Minor Project\Project Prototype\Brain-Tumor-Minor-Project\dataset\Brain Tumor MRI images\Tumor\meningioma (348).jpg,Brain Tumor MRI images/Tumor/meningioma (348).jpg,1,Tumor,MRI,f57f5d1894690958f7afa69f889e766e99b099adf3065b14da93bac311171dc8,1
C:\Users\dondo\OneDrive\Documents\ADBU CSE(AI & ML)\5th sem\Minor Project\Project Prototype\Brain-Tumor-Minor-Project\dataset\Brain Tumor MRI images\Tumor\meningioma (349).jpg,Brain Tumor MRI images/Tumor/meningioma (349).jpg,1,Tumor,MRI,70cb250af6dc2bb905c436714715e1789c5d2b6ca760c5e9fbb80ec01de1adea,1
C:\Users\dondo\OneDrive\Documents\ADBU CSE(AI & ML)\5th sem\Minor Project\Project Prototype\Brain-Tumor-Minor-Project\dataset\Brain Tumor MRI images\Tumor\meningioma (35).jpg,Brain Tumor MRI images/Tumor/meningioma (35).jpg,1,Tumor,MRI,5e819f4398329517041b3d1cda7bf588c90fe6474ca7a2faf348a3c227526b67,1
C:\Users\dondo\OneDrive\Documents\ADBU CSE(AI & ML)\5th sem\Minor Project\Project Prototype\Brain-Tumor-Minor-Project\dataset\Brain Tumor MRI images\Tumor\meningioma (351).jpg,Brain Tumor MRI images/Tumor/meningioma (351).jpg,1,Tumor,MRI,8e134aa19d5e8651248755cbf0b36d501598e57f19523ccea838122aa7cf5a26,1
C:\Users\dondo\OneDrive\Documents\ADBU CSE(AI & ML)\5th sem\Minor Project\Project Prototype\Brain-Tumor-Minor-Project\dataset\Brain Tumor MRI images\Tumor\meningioma (352).jpg,Brain Tumor MRI images/Tumor/meningioma (352).jpg,1,Tumor,MRI,4df7735b6a4f62417360305b3545dc82cf822596f30fd55dd0f34c76c4fa7190,1
C:\Users\dondo\OneDrive\Documents\ADBU CSE(AI & ML)\5th sem\Minor Project\Project Prototype\Brain-Tumor-Minor-Project\dataset\Brain Tumor MRI images\Tumor\meningioma (354).jpg,Brain Tumor MRI images/Tumor/meningioma (354).jpg,1,Tumor,MRI,06fcef32169ffb86d885119b252de445e397351fe9ecb54e72ec768e4edfb517,1
C:\Users\dondo\OneDrive\Documents\ADBU CSE(AI & ML)\5th sem\Minor Project\Project Prototype\Brain-Tumor-Minor-Project\dataset\Brain Tumor MRI images\Tumor\meningioma (355).jpg,Brain Tumor MRI images/Tumor/meningioma (355).jpg,1,Tumor,MRI,76f49d96a84a411388328fc201d91fd6a77e7015cd30adac55de72a850067cec,1
C:\Users\dondo\OneDrive\Documents\ADBU CSE(AI & ML)\5th sem\Minor Project\Project Prototype\Brain-Tumor-Minor-Project\dataset\Brain Tumor MRI images\Tumor\meningioma (356).jpg,Brain Tumor MRI images/Tumor/meningioma (356).jpg,1,Tumor,MRI,4ea3b718402a5b9bb9b5aaf5532555cf455b5b0e94c4bba64b8889fa2ed7aee3,1
C:\Users\dondo\OneDrive\Documents\ADBU CSE(AI & ML)\5th sem\Minor Project\Project Prototype\Brain-Tumor-Minor-Project\dataset\Brain Tumor MRI images\Tumor\meningioma (358).jpg,Brain Tumor MRI images/Tumor/meningioma (358).jpg,1,Tumor,MRI,23ff0e9b5c32acbca63f9fc0a7e8baa314d50cd4f6d9238dafc5626b4881e28f,1
C:\Users\dondo\OneDrive\Documents\ADBU CSE(AI & ML)\5th sem\Minor Project\Project Prototype\Brain-Tumor-Minor-Project\dataset\Brain Tumor MRI images\Tumor\meningioma (359).jpg,Brain Tumor MRI images/Tumor/meningioma (359).jpg,1,Tumor,MRI,d0d3cff593b10e67cb57698026cbccc6916b8eb971629a681bba3cd5e94705ff,1
C:\Users\dondo\OneDrive\Documents\ADBU CSE(AI & ML)\5th sem\Minor Project\Project Prototype\Brain-Tumor-Minor-Project\dataset\Brain Tumor MRI images\Tumor\meningioma (36).jpg,Brain Tumor MRI images/Tumor/meningioma (36).jpg,1,Tumor,MRI,f66f0ba822a2f5ebaed1dcd51081d8efb5c934b3f8fdbbf884eb8f23b032e707,2
C:\Users\dondo\OneDrive\Documents\ADBU CSE(AI & ML)\5th sem\Minor Project\Project Prototype\Brain-Tumor-Minor-Project\dataset\Brain Tumor MRI images\Tumor\meningioma (360).jpg,Brain Tumor MRI images/Tumor/meningioma (360).jpg,1,Tumor,MRI,fd7c12272de2dce428aebfd06cb320b9d7aad6fe5017d35de52394d20564c30e,1
C:\Users\dondo\OneDrive\Documents\ADBU CSE(AI & ML)\5th sem\Minor Project\Project Prototype\Brain-Tumor-Minor-Project\dataset\Brain Tumor MRI images\Tumor\meningioma (361).jpg,Brain Tumor MRI images/Tumor/meningioma (361).jpg,1,Tumor,MRI,552192598a1ea7629eadb6a192336939c8e1d3887d4192bd7ad9f6c430ab6c8d,1
C:\Users\dondo\OneDrive\Documents\ADBU CSE(AI & ML)\5th sem\Minor Project\Project Prototype\Brain-Tumor-Minor-Project\dataset\Brain Tumor MRI images\Tumor\meningioma (362).jpg,Brain Tumor MRI images/Tumor/meningioma (362).jpg,1,Tumor,MRI,ee1f0f8d5b83b74ec5882e403cec8f6269ae015e98da7d695b356f2a516c0e81,1
C:\Users\dondo\OneDrive\Documents\ADBU CSE(AI & ML)\5th sem\Minor Project\Project Prototype\Brain-Tumor-Minor-Project\dataset\Brain Tumor MRI images\Tumor\meningioma (363).jpg,Brain Tumor MRI images/Tumor/meningioma (363).jpg,1,Tumor,MRI,0e96ea852319454e0074c6729175aa1f02b57aafea2fb25a205d82bde7410054,1
C:\Users\dondo\OneDrive\Documents\ADBU CSE(AI & ML)\5th sem\Minor Project\Project Prototype\Brain-Tumor-Minor-Project\dataset\Brain Tumor MRI images\Tumor\meningioma (364).jpg,Brain Tumor MRI images/Tumor/meningioma (364).jpg,1,Tumor,MRI,e5994180a47835332d1ab810355118ee237b44c2899f3cf06decfc6addac939b,1
C:\Users\dondo\OneDrive\Documents\ADBU CSE(AI & ML)\5th sem\Minor Project\Project Prototype\Brain-Tumor-Minor-Project\dataset\Brain Tumor MRI images\Tumor\meningioma (365).jpg,Brain Tumor MRI images/Tumor/meningioma (365).jpg,1,Tumor,MRI,a65c81ef713ca9b23c1d0e0d5aa653d4bf80b6e5941b9d4d9f3b9f7adece5dcc,1
C:\Users\dondo\OneDrive\Documents\ADBU CSE(AI & ML)\5th sem\Minor Project\Project Prototype\Brain-Tumor-Minor-Project\dataset\Brain Tumor MRI images\Tumor\meningioma (366).jpg,Brain Tumor MRI images/Tumor/meningioma (366).jpg,1,Tumor,MRI,d57f5f704fb0c6a695425f70b93f9103949e0e3585383db9870a4a6c90467aae,1
C:\Users\dondo\OneDrive\Documents\ADBU CSE(AI & ML)\5th sem\Minor Project\Project Prototype\Brain-Tumor-Minor-Project\dataset\Brain Tumor MRI images\Tumor\meningioma (370).jpg,Brain Tumor MRI images/Tumor/meningioma (370).jpg,1,Tumor,MRI,e5563d407d8b434fbf5afec0d09854229af01076d0a96f45e84b7878f8f0ff10,1
C:\Users\dondo\OneDrive\Documents\ADBU CSE(AI & ML)\5th sem\Minor Project\Project Prototype\Brain-Tumor-Minor-Project\dataset\Brain Tumor MRI images\Tumor\meningioma (371).jpg,Brain Tumor MRI images/Tumor/meningioma (371).jpg,1,Tumor,MRI,0a5cc523c34fe5db5c47bed8e5356ed2bb3a2c95001bb69ae07bc6e0d8549c5b,2
C:\Users\dondo\OneDrive\Documents\ADBU CSE(AI & ML)\5th sem\Minor Project\Project Prototype\Brain-Tumor-Minor-Project\dataset\Brain Tumor MRI images\Tumor\meningioma (372).jpg,Brain Tumor MRI images/Tumor/meningioma (372).jpg,1,Tumor,MRI,0d5aa1c4b25b79d75f26d5f52a96516729fa244662c42641961539092bcdd556,1
C:\Users\dondo\OneDrive\Documents\ADBU CSE(AI & ML)\5th sem\Minor Project\Project Prototype\Brain-Tumor-Minor-Project\dataset\Brain Tumor MRI images\Tumor\meningioma (373).jpg,Brain Tumor MRI images/Tumor/meningioma (373).jpg,1,Tumor,MRI,4239b3d18f5e31c03630d82da46c64a2cc9b97ac6ee5cf53e698f1bdcec5f389,1
C:\Users\dondo\OneDrive\Documents\ADBU CSE(AI & ML)\5th sem\Minor Project\Project Prototype\Brain-Tumor-Minor-Project\dataset\Brain Tumor MRI images\Tumor\meningioma (375).jpg,Brain Tumor MRI images/Tumor/meningioma (375).jpg,1,Tumor,MRI,29a9aa5af0c6cb3b7f0b2cc132d6431e3cf1be6136f83737cb005a565ac0b565,1
C:\Users\dondo\OneDrive\Documents\ADBU CSE(AI & ML)\5th sem\Minor Project\Project Prototype\Brain-Tumor-Minor-Project\dataset\Brain Tumor MRI images\Tumor\meningioma (376).jpg,Brain Tumor MRI images/Tumor/meningioma (376).jpg,1,Tumor,MRI,9eefff6d05b42be6f59213a2be22e08c44e2bf0815b7ec33ce96137f68c716b0,1
C:\Users\dondo\OneDrive\Documents\ADBU CSE(AI & ML)\5th sem\Minor Project\Project Prototype\Brain-Tumor-Minor-Project\dataset\Brain Tumor MRI images\Tumor\meningioma (378).jpg,Brain Tumor MRI images/Tumor/meningioma (378).jpg,1,Tumor,MRI,994b0c8f8cac3d918968bf7ce35078946b51cffc9fd0d8f2328d2a093a0e48f6,1
C:\Users\dondo\OneDrive\Documents\ADBU CSE(AI & ML)\5th sem\Minor Project\Project Prototype\Brain-Tumor-Minor-Project\dataset\Brain Tumor MRI images\Tumor\meningioma (379).jpg,Brain Tumor MRI images/Tumor/meningioma (379).jpg,1,Tumor,MRI,b1bf857705ce1646e5aa4012d271e7bd1e6018c971e320e79ce666307e936092,1
C:\Users\dondo\OneDrive\Documents\ADBU CSE(AI & ML)\5th sem\Minor Project\Project Prototype\Brain-Tumor-Minor-Project\dataset\Brain Tumor MRI images\Tumor\meningioma (38).jpg,Brain Tumor MRI images/Tumor/meningioma (38).jpg,1,Tumor,MRI,7d42efd8b2d227b71871cab99760870987a2c74c08fdc0ef83e05948350e1c3f,1
C:\Users\dondo\OneDrive\Documents\ADBU CSE(AI & ML)\5th sem\Minor Project\Project Prototype\Brain-Tumor-Minor-Project\dataset\Brain Tumor MRI images\Tumor\meningioma (382).jpg,Brain Tumor MRI images/Tumor/meningioma (382).jpg,1,Tumor,MRI,56d6fd5a8ae686ad701725409369117b10832ef51145ad596f48fac987258a41,1
C:\Users\dondo\OneDrive\Documents\ADBU CSE(AI & ML)\5th sem\Minor Project\Project Prototype\Brain-Tumor-Minor-Project\dataset\Brain Tumor MRI images\Tumor\meningioma (383).jpg,Brain Tumor MRI images/Tumor/meningioma (383).jpg,1,Tumor,MRI,47b552091b6940e0a34163b05aef92c978e4aaf574383b76019239a4d80dbf5b,1
C:\Users\dondo\OneDrive\Documents\ADBU CSE(AI & ML)\5th sem\Minor Project\Project Prototype\Brain-Tumor-Minor-Project\dataset\Brain Tumor MRI images\Tumor\meningioma (384).jpg,Brain Tumor MRI images/Tumor/meningioma (384).jpg,1,Tumor,MRI,f0e3a781a3d9bb3ffcea1a3207ef2d5cb8a317259c1a76febeaf4156efd95aec,1
C:\Users\dondo\OneDrive\Documents\ADBU CSE(AI & ML)\5th sem\Minor Project\Project Prototype\Brain-Tumor-Minor-Project\dataset\Brain Tumor MRI images\Tumor\meningioma (386).jpg,Brain Tumor MRI images/Tumor/meningioma (386).jpg,1,Tumor,MRI,0499b704a17d1ae03057ce409e26f9faa740cd6a489558e83f580fbcce0a3822,1
C:\Users\dondo\OneDrive\Documents\ADBU CSE(AI & ML)\5th sem\Minor Project\Project Prototype\Brain-Tumor-Minor-Project\dataset\Brain Tumor MRI images\Tumor\meningioma (387).jpg,Brain Tumor MRI images/Tumor/meningioma (387).jpg,1,Tumor,MRI,cf418c734f267ff8f261099b36ba345ae21b53f6fef9b9745d021dfeb20c5995,1
C:\Users\dondo\OneDrive\Documents\ADBU CSE(AI & ML)\5th sem\Minor Project\Project Prototype\Brain-Tumor-Minor-Project\dataset\Brain Tumor MRI images\Tumor\meningioma (389).jpg,Brain Tumor MRI images/Tumor/meningioma (389).jpg,1,Tumor,MRI,6bd591c09da6b4df5ce78b3d61e20d25b3557efb47f63b203bba2148607c1134,1
C:\Users\dondo\OneDrive\Documents\ADBU CSE(AI & ML)\5th sem\Minor Project\Project Prototype\Brain-Tumor-Minor-Project\dataset\Brain Tumor MRI images\Tumor\meningioma (39).jpg,Brain Tumor MRI images/Tumor/meningioma (39).jpg,1,Tumor,MRI,10ac53be1e92b070e7d3cc0335c2054410393f344ba16bde5a7408746e107989,1
C:\Users\dondo\OneDrive\Documents\ADBU CSE(AI & ML)\5th sem\Minor Project\Project Prototype\Brain-Tumor-Minor-Project\dataset\Brain Tumor MRI images\Tumor\meningioma (392).jpg,Brain Tumor MRI images/Tumor/meningioma (392).jpg,1,Tumor,MRI,817afa0d08bfbf221a9faa6444b1f1a3986c4e5a2a083feeb3d93fb5485c2768,1
C:\Users\dondo\OneDrive\Documents\ADBU CSE(AI & ML)\5th sem\Minor Project\Project Prototype\Brain-Tumor-Minor-Project\dataset\Brain Tumor MRI images\Tumor\meningioma (393).jpg,Brain Tumor MRI images/Tumor/meningioma (393).jpg,1,Tumor,MRI,c2ceb09951cf61579b875f9406243c3a74c35cba321709f1866243b46dbc6197,1
C:\Users\dondo\OneDrive\Documents\ADBU CSE(AI & ML)\5th sem\Minor Project\Project Prototype\Brain-Tumor-Minor-Project\dataset\Brain Tumor MRI images\Tumor\meningioma (394).jpg,Brain Tumor MRI images/Tumor/meningioma (394).jpg,1,Tumor,MRI,dd265bf824753d14dcc3cdccf2dfe3dd7d67ed052c8e166369c368e8774c538e,1
C:\Users\dondo\OneDrive\Documents\ADBU CSE(AI & ML)\5th sem\Minor Project\Project Prototype\Brain-Tumor-Minor-Project\dataset\Brain Tumor MRI images\Tumor\meningioma (395).jpg,Brain Tumor MRI images/Tumor/meningioma (395).jpg,1,Tumor,MRI,5c7920903dd6d0c7e3a74755c30db8b333dc39fd23d5d21fd3932c76119a3f15,1
C:\Users\dondo\OneDrive\Documents\ADBU CSE(AI & ML)\5th sem\Minor Project\Project Prototype\Brain-Tumor-Minor-Project\dataset\Brain Tumor MRI images\Tumor\meningioma (398).jpg,Brain Tumor MRI images/Tumor/meningioma (398).jpg,1,Tumor,MRI,ae8d7d97ba83adfc999e9c1ca88fed0f2515ed523f062808ffa6486b1d1962c2,1
C:\Users\dondo\OneDrive\Documents\ADBU CSE(AI & ML)\5th sem\Minor Project\Project Prototype\Brain-Tumor-Minor-Project\dataset\Brain Tumor MRI images\Tumor\meningioma (399).jpg,Brain Tumor MRI images/Tumor/meningioma (399).jpg,1,Tumor,MRI,03cef531595affd516bdd2999d2c2699d165fd99d4b6e5af53e2d4d9c2bc4c09,1
C:\Users\dondo\OneDrive\Documents\ADBU CSE(AI & ML)\5th sem\Minor Project\Project Prototype\Brain-Tumor-Minor-Project\dataset\Brain Tumor MRI images\Tumor\meningioma (4).jpg,Brain Tumor MRI images/Tumor/meningioma (4).jpg,1,Tumor,MRI,2a4c4e2283837670b53021212ce82a9de48e2d0f01ab92e093654165329fb3e2,1
C:\Users\dondo\OneDrive\Documents\ADBU CSE(AI & ML)\5th sem\Minor Project\Project Prototype\Brain-Tumor-Minor-Project\dataset\Brain Tumor MRI images\Tumor\meningioma (400).jpg,Brain Tumor MRI images/Tumor/meningioma (400).jpg,1,Tumor,MRI,70d5efc6d759164060feef99cfb4e427b5e7d69e4b63a02bbe77bce679d7d88d,1
C:\Users\dondo\OneDrive\Documents\ADBU CSE(AI & ML)\5th sem\Minor Project\Project Prototype\Brain-Tumor-Minor-Project\dataset\Brain Tumor MRI images\Tumor\meningioma (401).jpg,Brain Tumor MRI images/Tumor/meningioma (401).jpg,1,Tumor,MRI,736c83f1ca9df7ab0eab066604dcd87f4086179b36517af44f6aa66025b066e2,1
C:\Users\dondo\OneDrive\Documents\ADBU CSE(AI & ML)\5th sem\Minor Project\Project Prototype\Brain-Tumor-Minor-Project\dataset\Brain Tumor MRI images\Tumor\meningioma (403).jpg,Brain Tumor MRI images/Tumor/meningioma (403).jpg,1,Tumor,MRI,5408f671276a1f70ce25aca6c84c65d0cd2c7b7ed619907257a9ff85fed80c76,1
C:\Users\dondo\OneDrive\Documents\ADBU CSE(AI & ML)\5th sem\Minor Project\Project Prototype\Brain-Tumor-Minor-Project\dataset\Brain Tumor MRI images\Tumor\meningioma (404).jpg,Brain Tumor MRI images/Tumor/meningioma (404).jpg,1,Tumor,MRI,dc329a8b601e6df80482b4e0320355ea97c1329a775100ed3421431ebfbd0751,1
C:\Users\dondo\OneDrive\Documents\ADBU CSE(AI & ML)\5th sem\Minor Project\Project Prototype\Brain-Tumor-Minor-Project\dataset\Brain Tumor MRI images\Tumor\meningioma (405).jpg,Brain Tumor MRI images/Tumor/meningioma (405).jpg,1,Tumor,MRI,56246e680878082d231abc7c8adecea3ef29c79def926e32b8d8557c882524b1,1
C:\Users\dondo\OneDrive\Documents\ADBU CSE(AI & ML)\5th sem\Minor Project\Project Prototype\Brain-Tumor-Minor-Project\dataset\Brain Tumor MRI images\Tumor\meningioma (408).jpg,Brain Tumor MRI images/Tumor/meningioma (408).jpg,1,Tumor,MRI,179e84bcacdfd9b05cbe54519063231a4fb518f969b3a10fb367f800d462712f,1
C:\Users\dondo\OneDrive\Documents\ADBU CSE(AI & ML)\5th sem\Minor Project\Project Prototype\Brain-Tumor-Minor-Project\dataset\Brain Tumor MRI images\Tumor\meningioma (409).jpg,Brain Tumor MRI images/Tumor/meningioma (409).jpg,1,Tumor,MRI,d4024e3a14237527ff28d9afcf510d77274a4e455e7d78d25089f0a792225d98,1
C:\Users\dondo\OneDrive\Documents\ADBU CSE(AI & ML)\5th sem\Minor Project\Project Prototype\Brain-Tumor-Minor-Project\dataset\Brain Tumor MRI images\Tumor\meningioma (41).jpg,Brain Tumor MRI images/Tumor/meningioma (41).jpg,1,Tumor,MRI,2b7a0f6f2d1874917dc3b6cc96ebaa1cfe14733b150529a946e211b19677f556,1
C:\Users\dondo\OneDrive\Documents\ADBU CSE(AI & ML)\5th sem\Minor Project\Project Prototype\Brain-Tumor-Minor-Project\dataset\Brain Tumor MRI images\Tumor\meningioma (410).jpg,Brain Tumor MRI images/Tumor/meningioma (410).jpg,1,Tumor,MRI,cb781efa542118573c8013f60cfc969bbf71fa7da8917a090152591321c0ab18,1
C:\Users\dondo\OneDrive\Documents\ADBU CSE(AI & ML)\5th sem\Minor Project\Project Prototype\Brain-Tumor-Minor-Project\dataset\Brain Tumor MRI images\Tumor\meningioma (411).jpg,Brain Tumor MRI images/Tumor/meningioma (411).jpg,1,Tumor,MRI,d8b0b543c4a192cc3256336a5352ee09fb3c3d9a7fa2bfca473a09d30f1c3aa8,1
C:\Users\dondo\OneDrive\Documents\ADBU CSE(AI & ML)\5th sem\Minor Project\Project Prototype\Brain-Tumor-Minor-Project\dataset\Brain Tumor MRI images\Tumor\meningioma (412).jpg,Brain Tumor MRI images/Tumor/meningioma (412).jpg,1,Tumor,MRI,457c0f86bd307d768a9e2e4d068c1de2006a9246ecd9e4589694947365345671,1
C:\Users\dondo\OneDrive\Documents\ADBU CSE(AI & ML)\5th sem\Minor Project\Project Prototype\Brain-Tumor-Minor-Project\dataset\Brain Tumor MRI images\Tumor\meningioma (414).jpg,Brain Tumor MRI images/Tumor/meningioma (414).jpg,1,Tumor,MRI,b08198804a0cc034c73cbd5b0d250edae846eac0e42bc83d944b6e0b05130021,1
C:\Users\dondo\OneDrive\Documents\ADBU CSE(AI & ML)\5th sem\Minor Project\Project Prototype\Brain-Tumor-Minor-Project\dataset\Brain Tumor MRI images\Tumor\meningioma (415).jpg,Brain Tumor MRI images/Tumor/meningioma (415).jpg,1,Tumor,MRI,1811e1936b60b05b1541ee4a3837ddedde793934dddc1446a3dd4f759fb9cdcb,1
C:\Users\dondo\OneDrive\Documents\ADBU CSE(AI & ML)\5th sem\Minor Project\Project Prototype\Brain-Tumor-Minor-Project\dataset\Brain Tumor MRI images\Tumor\meningioma (416).jpg,Brain Tumor MRI images/Tumor/meningioma (416).jpg,1,Tumor,MRI,00f94a1853bf632211783a8f16efdec7d43fbbd8547cd3b0b52d02241c88d48f,1
C:\Users\dondo\OneDrive\Documents\ADBU CSE(AI & ML)\5th sem\Minor Project\Project Prototype\Brain-Tumor-Minor-Project\dataset\Brain Tumor MRI images\Tumor\meningioma (417).jpg,Brain Tumor MRI images/Tumor/meningioma (417).jpg,1,Tumor,MRI,8a1551e85bd80813b849c70cd0ce2589464f2871924fd5d2c35526be776daa4b,1
C:\Users\dondo\OneDrive\Documents\ADBU CSE(AI & ML)\5th sem\Minor Project\Project Prototype\Brain-Tumor-Minor-Project\dataset\Brain Tumor MRI images\Tumor\meningioma (418).jpg,Brain Tumor MRI images/Tumor/meningioma (418).jpg,1,Tumor,MRI,662b1d35dcb3655b5fb3335c19c1659d873d6c5b4bf3dd86fdd0035495066774,1
C:\Users\dondo\OneDrive\Documents\ADBU CSE(AI & ML)\5th sem\Minor Project\Project Prototype\Brain-Tumor-Minor-Project\dataset\Brain Tumor MRI images\Tumor\meningioma (419).jpg,Brain Tumor MRI images/Tumor/meningioma (419).jpg,1,Tumor,MRI,54f05bee9d79d460bd8bfeff3d949ec56a83cc27004f4e64145295e9fefe4079,1
C:\Users\dondo\OneDrive\Documents\ADBU CSE(AI & ML)\5th sem\Minor Project\Project Prototype\Brain-Tumor-Minor-Project\dataset\Brain Tumor MRI images\Tumor\meningioma (42).jpg,Brain Tumor MRI images/Tumor/meningioma (42).jpg,1,Tumor,MRI,f34673e426541476934da0342c6b1d3b8234e10cb375e85083a087ac0a3f459f,2
C:\Users\dondo\OneDrive\Documents\ADBU CSE(AI & ML)\5th sem\Minor Project\Project Prototype\Brain-Tumor-Minor-Project\dataset\Brain Tumor MRI images\Tumor\meningioma (420).jpg,Brain Tumor MRI images/Tumor/meningioma (420).jpg,1,Tumor,MRI,95629fca7d5cac4b2e8ef5e00a8243fe1bd851550d59eaa146170af93ca383ba,1
C:\Users\dondo\OneDrive\Documents\ADBU CSE(AI & ML)\5th sem\Minor Project\Project Prototype\Brain-Tumor-Minor-Project\dataset\Brain Tumor MRI images\Tumor\meningioma (421).jpg,Brain Tumor MRI images/Tumor/meningioma (421).jpg,1,Tumor,MRI,e5325771ea541496cb5ace861d65768e2bf31d74db109533f26dd32f97cdbd26,1
C:\Users\dondo\OneDrive\Documents\ADBU CSE(AI & ML)\5th sem\Minor Project\Project Prototype\Brain-Tumor-Minor-Project\dataset\Brain Tumor MRI images\Tumor\meningioma (422).jpg,Brain Tumor MRI images/Tumor/meningioma (422).jpg,1,Tumor,MRI,bdbf3789c4bab3124af1f64616c05c83f220b14231698f7fb29f2c2a785ab107,1
C:\Users\dondo\OneDrive\Documents\ADBU CSE(AI & ML)\5th sem\Minor Project\Project Prototype\Brain-Tumor-Minor-Project\dataset\Brain Tumor MRI images\Tumor\meningioma (424).jpg,Brain Tumor MRI images/Tumor/meningioma (424).jpg,1,Tumor,MRI,5f9515e4b5b1c5047c2faf145cb37fcb9fc1abe6f9f5ff5d66fc069a0a1c82c9,1
C:\Users\dondo\OneDrive\Documents\ADBU CSE(AI & ML)\5th sem\Minor Project\Project Prototype\Brain-Tumor-Minor-Project\dataset\Brain Tumor MRI images\Tumor\meningioma (425).jpg,Brain Tumor MRI images/Tumor/meningioma (425).jpg,1,Tumor,MRI,df54fffd9e8315b61d58f7168c3f5afb2bb8b8cef9e22b61735444c4265db831,1
C:\Users\dondo\OneDrive\Documents\ADBU CSE(AI & ML)\5th sem\Minor Project\Project Prototype\Brain-Tumor-Minor-Project\dataset\Brain Tumor MRI images\Tumor\meningioma (426).jpg,Brain Tumor MRI images/Tumor/meningioma (426).jpg,1,Tumor,MRI,1f0921d7f1753cfa5ddace2d975c311f89e50d5e88f3e343b72bd3f42d0db928,1
C:\Users\dondo\OneDrive\Documents\ADBU CSE(AI & ML)\5th sem\Minor Project\Project Prototype\Brain-Tumor-Minor-Project\dataset\Brain Tumor MRI images\Tumor\meningioma (428).jpg,Brain Tumor MRI images/Tumor/meningioma (428).jpg,1,Tumor,MRI,cda243521fb6d96701461c8e742882b63b2a2674e36c23cc4e952d5539dd3202,2
C:\Users\dondo\OneDrive\Documents\ADBU CSE(AI & ML)\5th sem\Minor Project\Project Prototype\Brain-Tumor-Minor-Project\dataset\Brain Tumor MRI images\Tumor\meningioma (429).jpg,Brain Tumor MRI images/Tumor/meningioma (429).jpg,1,Tumor,MRI,c12ea13bac068ef17d5c9b09a41c308319f6ce17132a18936fcf70e85ef4d99f,1
C:\Users\dondo\OneDrive\Documents\ADBU CSE(AI & ML)\5th sem\Minor Project\Project Prototype\Brain-Tumor-Minor-Project\dataset\Brain Tumor MRI images\Tumor\meningioma (430).jpg,Brain Tumor MRI images/Tumor/meningioma (430).jpg,1,Tumor,MRI,843ec4622e1e012d0e97274e279aaf5f21e99dfbe595231894453633dea3bb82,1
C:\Users\dondo\OneDrive\Documents\ADBU CSE(AI & ML)\5th sem\Minor Project\Project Prototype\Brain-Tumor-Minor-Project\dataset\Brain Tumor MRI images\Tumor\meningioma (431).jpg,Brain Tumor MRI images/Tumor/meningioma (431).jpg,1,Tumor,MRI,3c498d08e2636ad0da55d97e978d5fbb140827edce752231788f63601de29d7c,1
C:\Users\dondo\OneDrive\Documents\ADBU CSE(AI & ML)\5th sem\Minor Project\Project Prototype\Brain-Tumor-Minor-Project\dataset\Brain Tumor MRI images\Tumor\meningioma (436).jpg,Brain Tumor MRI images/Tumor/meningioma (436).jpg,1,Tumor,MRI,5cbb596c861772f5f6f616512fc08b9449bf91e48a157edd7ee5cdf85a8fb556,1
C:\Users\dondo\OneDrive\Documents\ADBU CSE(AI & ML)\5th sem\Minor Project\Project Prototype\Brain-Tumor-Minor-Project\dataset\Brain Tumor MRI images\Tumor\meningioma (437).jpg,Brain Tumor MRI images/Tumor/meningioma (437).jpg,1,Tumor,MRI,50f3116b8392afca75941baf8b043721ad782ad14c798142a859618cbf622512,1
C:\Users\dondo\OneDrive\Documents\ADBU CSE(AI & ML)\5th sem\Minor Project\Project Prototype\Brain-Tumor-Minor-Project\dataset\Brain Tumor MRI images\Tumor\meningioma (438).jpg,Brain Tumor MRI images/Tumor/meningioma (438).jpg,1,Tumor,MRI,359671ad87fa1bd0211fdc6ac9b2e03a33f8bb6e43945e0f98a65937ce3b8e56,1
C:\Users\dondo\OneDrive\Documents\ADBU CSE(AI & ML)\5th sem\Minor Project\Project Prototype\Brain-Tumor-Minor-Project\dataset\Brain Tumor MRI images\Tumor\meningioma (44).jpg,Brain Tumor MRI images/Tumor/meningioma (44).jpg,1,Tumor,MRI,1dd7f60525a6f5f19f9728612a415c81b0106049e43a82715177134fe561a88e,1
C:\Users\dondo\OneDrive\Documents\ADBU CSE(AI & ML)\5th sem\Minor Project\Project Prototype\Brain-Tumor-Minor-Project\dataset\Brain Tumor MRI images\Tumor\meningioma (441).jpg,Brain Tumor MRI images/Tumor/meningioma (441).jpg,1,Tumor,MRI,ca91b7d095f1b8d06e3a4029d53ad5d3ad1d571218eebad8760800f37ada226d,1
C:\Users\dondo\OneDrive\Documents\ADBU CSE(AI & ML)\5th sem\Minor Project\Project Prototype\Brain-Tumor-Minor-Project\dataset\Brain Tumor MRI images\Tumor\meningioma (443).jpg,Brain Tumor MRI images/Tumor/meningioma (443).jpg,1,Tumor,MRI,f5e5396b960559017066da78fccac88a14444e16145ebfdebd3976525fbbc9be,1
C:\Users\dondo\OneDrive\Documents\ADBU CSE(AI & ML)\5th sem\Minor Project\Project Prototype\Brain-Tumor-Minor-Project\dataset\Brain Tumor MRI images\Tumor\meningioma (445).jpg,Brain Tumor MRI images/Tumor/meningioma (445).jpg,1,Tumor,MRI,5098b8bd6f6f83d3b200e3c55d5b851091df7498594d1b27ce40fc474c077d2c,1
C:\Users\dondo\OneDrive\Documents\ADBU CSE(AI & ML)\5th sem\Minor Project\Project Prototype\Brain-Tumor-Minor-Project\dataset\Brain Tumor MRI images\Tumor\meningioma (446).jpg,Brain Tumor MRI images/Tumor/meningioma (446).jpg,1,Tumor,MRI,b33247babbf0bd5178d3dc3e69363fe659e05202835b704b4cf7f44cf2e893f7,1
C:\Users\dondo\OneDrive\Documents\ADBU CSE(AI & ML)\5th sem\Minor Project\Project Prototype\Brain-Tumor-Minor-Project\dataset\Brain Tumor MRI images\Tumor\meningioma (449).jpg,Brain Tumor MRI images/Tumor/meningioma (449).jpg,1,Tumor,MRI,7314fd7d2d1be4f1cfe64ea8a0cd6cdac8df762f6df521a826c186e396a7a8be,1
C:\Users\dondo\OneDrive\Documents\ADBU CSE(AI & ML)\5th sem\Minor Project\Project Prototype\Brain-Tumor-Minor-Project\dataset\Brain Tumor MRI images\Tumor\meningioma (45).jpg,Brain Tumor MRI images/Tumor/meningioma (45).jpg,1,Tumor,MRI,9c3c5ece624d37fd7850e8c99df204d6a835a2f7a77d827de1d52606610e2003,1
C:\Users\dondo\OneDrive\Documents\ADBU CSE(AI & ML)\5th sem\Minor Project\Project Prototype\Brain-Tumor-Minor-Project\dataset\Brain Tumor MRI images\Tumor\meningioma (450).jpg,Brain Tumor MRI images/Tumor/meningioma (450).jpg,1,Tumor,MRI,99acd9457c7d28025ef4f0b120ec6a455e6c96b9eedb1acbd16dbb5456815030,1
C:\Users\dondo\OneDrive\Documents\ADBU CSE(AI & ML)\5th sem\Minor Project\Project Prototype\Brain-Tumor-Minor-Project\dataset\Brain Tumor MRI images\Tumor\meningioma (454).jpg,Brain Tumor MRI images/Tumor/meningioma (454).jpg,1,Tumor,MRI,5c1782bc3cdc5841e64f2dc2bc0cee08a5062e79512dd8772a5c809195cb6f04,1
C:\Users\dondo\OneDrive\Documents\ADBU CSE(AI & ML)\5th sem\Minor Project\Project Prototype\Brain-Tumor-Minor-Project\dataset\Brain Tumor MRI images\Tumor\meningioma (455).jpg,Brain Tumor MRI images/Tumor/meningioma (455).jpg,1,Tumor,MRI,c59249deebea0b7433ecc82707e4a62afb07a531a9ff839901bef8032b60c591,1
C:\Users\dondo\OneDrive\Documents\ADBU CSE(AI & ML)\5th sem\Minor Project\Project Prototype\Brain-Tumor-Minor-Project\dataset\Brain Tumor MRI images\Tumor\meningioma (456).jpg,Brain Tumor MRI images/Tumor/meningioma (456).jpg,1,Tumor,MRI,0de72e67fd3bf2c41e1e3944522488af9bb3bd9f3b2da770d3e29f98e9296e18,1
C:\Users\dondo\OneDrive\Documents\ADBU CSE(AI & ML)\5th sem\Minor Project\Project Prototype\Brain-Tumor-Minor-Project\dataset\Brain Tumor MRI images\Tumor\meningioma (459).jpg,Brain Tumor MRI images/Tumor/meningioma (459).jpg,1,Tumor,MRI,4ea7602d4f346083df578015879c717b19653df693bad1db41a091c0a42b2591,1
C:\Users\dondo\OneDrive\Documents\ADBU CSE(AI & ML)\5th sem\Minor Project\Project Prototype\Brain-Tumor-Minor-Project\dataset\Brain Tumor MRI images\Tumor\meningioma (46).jpg,Brain Tumor MRI images/Tumor/meningioma (46).jpg,1,Tumor,MRI,958a15f6abf59e1e2c065e1305d751a4b2a704bb0eef9ce77ed479889c9e5cc9,1
C:\Users\dondo\OneDrive\Documents\ADBU CSE(AI & ML)\5th sem\Minor Project\Project Prototype\Brain-Tumor-Minor-Project\dataset\Brain Tumor MRI images\Tumor\meningioma (460).jpg,Brain Tumor MRI images/Tumor/meningioma (460).jpg,1,Tumor,MRI,e09187e6506c722136394ced2a4d3a6b36c2158dfb3385d1d234adcc22430f3e,1
C:\Users\dondo\OneDrive\Documents\ADBU CSE(AI & ML)\5th sem\Minor Project\Project Prototype\Brain-Tumor-Minor-Project\dataset\Brain Tumor MRI images\Tumor\meningioma (461).jpg,Brain Tumor MRI images/Tumor/meningioma (461).jpg,1,Tumor,MRI,158304ce88b824de903e94ba7cac4fd97f66fc4f2eae820e4b0f0a99f80c7cca,1
C:\Users\dondo\OneDrive\Documents\ADBU CSE(AI & ML)\5th sem\Minor Project\Project Prototype\Brain-Tumor-Minor-Project\dataset\Brain Tumor MRI images\Tumor\meningioma (462).jpg,Brain Tumor MRI images/Tumor/meningioma (462).jpg,1,Tumor,MRI,9a7dcf063d2a2525e6852cafcd82ffacc2e02e587ecf91db55ebd90e71c92d25,1
C:\Users\dondo\OneDrive\Documents\ADBU CSE(AI & ML)\5th sem\Minor Project\Project Prototype\Brain-Tumor-Minor-Project\dataset\Brain Tumor MRI images\Tumor\meningioma (463).jpg,Brain Tumor MRI images/Tumor/meningioma (463).jpg,1,Tumor,MRI,ea3601d736d61993f23ca2f4033886bdc12c71b43cb7c28dd06e5e76562481d5,1
C:\Users\dondo\OneDrive\Documents\ADBU CSE(AI & ML)\5th sem\Minor Project\Project Prototype\Brain-Tumor-Minor-Project\dataset\Brain Tumor MRI images\Tumor\meningioma (464).jpg,Brain Tumor MRI images/Tumor/meningioma (464).jpg,1,Tumor,MRI,cc8af7eb9e8a08dfff0b267e4dcf4cbce976217ec98715f3fafece577f883a54,1
C:\Users\dondo\OneDrive\Documents\ADBU CSE(AI & ML)\5th sem\Minor Project\Project Prototype\Brain-Tumor-Minor-Project\dataset\Brain Tumor MRI images\Tumor\meningioma (465).jpg,Brain Tumor MRI images/Tumor/meningioma (465).jpg,1,Tumor,MRI,8c8af8483f0989fe81e41c28d00be2f4016d2f49bbcd928a0891b12500216f8f,1
C:\Users\dondo\OneDrive\Documents\ADBU CSE(AI & ML)\5th sem\Minor Project\Project Prototype\Brain-Tumor-Minor-Project\dataset\Brain Tumor MRI images\Tumor\meningioma (466).jpg,Brain Tumor MRI images/Tumor/meningioma (466).jpg,1,Tumor,MRI,a8c545e5bda8b32427985acc1902fe20d7a0818bfff0b2380517df2a340fbe3b,1
C:\Users\dondo\OneDrive\Documents\ADBU CSE(AI & ML)\5th sem\Minor Project\Project Prototype\Brain-Tumor-Minor-Project\dataset\Brain Tumor MRI images\Tumor\meningioma (467).jpg,Brain Tumor MRI images/Tumor/meningioma (467).jpg,1,Tumor,MRI,2042e8d7ac75887bb06c1b7967adbf44dbbdb2293753c1d854e7d87fc38e1ecf,1
C:\Users\dondo\OneDrive\Documents\ADBU CSE(AI & ML)\5th sem\Minor Project\Project Prototype\Brain-Tumor-Minor-Project\dataset\Brain Tumor MRI images\Tumor\meningioma (470).jpg,Brain Tumor MRI images/Tumor/meningioma (470).jpg,1,Tumor,MRI,df810dd2f6de326aff6b46af90fbd41a49e93caaaf8b2ee130f4e3c509b95b25,1
C:\Users\dondo\OneDrive\Documents\ADBU CSE(AI & ML)\5th sem\Minor Project\Project Prototype\Brain-Tumor-Minor-Project\dataset\Brain Tumor MRI images\Tumor\meningioma (471).jpg,Brain Tumor MRI images/Tumor/meningioma (471).jpg,1,Tumor,MRI,d69adaf12537b9af561858e7bef0bc4326c72f1f553baf72dc8d6a4d95d288de,1
C:\Users\dondo\OneDrive\Documents\ADBU CSE(AI & ML)\5th sem\Minor Project\Project Prototype\Brain-Tumor-Minor-Project\dataset\Brain Tumor MRI images\Tumor\meningioma (473).jpg,Brain Tumor MRI images/Tumor/meningioma (473).jpg,1,Tumor,MRI,513484e3778b26ea970fc5a641c37922a5e58eb1d02b66dc46527c09fbb0b726,1
C:\Users\dondo\OneDrive\Documents\ADBU CSE(AI & ML)\5th sem\Minor Project\Project Prototype\Brain-Tumor-Minor-Project\dataset\Brain Tumor MRI images\Tumor\meningioma (474).jpg,Brain Tumor MRI images/Tumor/meningioma (474).jpg,1,Tumor,MRI,0916e55cdadc7ff15344173e2d7a4e569669660f9911983fd91bf5efab0b9e95,1
C:\Users\dondo\OneDrive\Documents\ADBU CSE(AI & ML)\5th sem\Minor Project\Project Prototype\Brain-Tumor-Minor-Project\dataset\Brain Tumor MRI images\Tumor\meningioma (477).jpg,Brain Tumor MRI images/Tumor/meningioma (477).jpg,1,Tumor,MRI,9eca2e536c2e462e2854c5040b390073fcca785a951187421dbd96672c083bfe,1
C:\Users\dondo\OneDrive\Documents\ADBU CSE(AI & ML)\5th sem\Minor Project\Project Prototype\Brain-Tumor-Minor-Project\dataset\Brain Tumor MRI images\Tumor\meningioma (478).jpg,Brain Tumor MRI images/Tumor/meningioma (478).jpg,1,Tumor,MRI,dbd98df54063bf56a97f450d19925880b2f28f6439563996ad0745eab0a46a8a,1
C:\Users\dondo\OneDrive\Documents\ADBU CSE(AI & ML)\5th sem\Minor Project\Project Prototype\Brain-Tumor-Minor-Project\dataset\Brain Tumor MRI images\Tumor\meningioma (479).jpg,Brain Tumor MRI images/Tumor/meningioma (479).jpg,1,Tumor,MRI,0bbcfc59a70e96bd951801e2cf3fddcb2f6a25f4765c7a00e4ef25a03ca208cd,1
C:\Users\dondo\OneDrive\Documents\ADBU CSE(AI & ML)\5th sem\Minor Project\Project Prototype\Brain-Tumor-Minor-Project\dataset\Brain Tumor MRI images\Tumor\meningioma (48).jpg,Brain Tumor MRI images/Tumor/meningioma (48).jpg,1,Tumor,MRI,fa5a88f1d455bc0b604a505ecd4cb1bbaf27b10e0f0f453d79b7daa007fae761,1
C:\Users\dondo\OneDrive\Documents\ADBU CSE(AI & ML)\5th sem\Minor Project\Project Prototype\Brain-Tumor-Minor-Project\dataset\Brain Tumor MRI images\Tumor\meningioma (481).jpg,Brain Tumor MRI images/Tumor/meningioma (481).jpg,1,Tumor,MRI,a8d6537624f97efa14234b2b85a5264ce5044f20de279ff1117a6926201e8e29,2
C:\Users\dondo\OneDrive\Documents\ADBU CSE(AI & ML)\5th sem\Minor Project\Project Prototype\Brain-Tumor-Minor-Project\dataset\Brain Tumor MRI images\Tumor\meningioma (482).jpg,Brain Tumor MRI images/Tumor/meningioma (482).jpg,1,Tumor,MRI,3a07d65dde465699eed90b700c29bd96a60429470ef5758ff59cb5da8272e897,1
C:\Users\dondo\OneDrive\Documents\ADBU CSE(AI & ML)\5th sem\Minor Project\Project Prototype\Brain-Tumor-Minor-Project\dataset\Brain Tumor MRI images\Tumor\meningioma (484).jpg,Brain Tumor MRI images/Tumor/meningioma (484).jpg,1,Tumor,MRI,9b4ba4924d1b41cd84995a40dbd1585c92b43d60a9ceb7d648772c1497eae091,1
C:\Users\dondo\OneDrive\Documents\ADBU CSE(AI & ML)\5th sem\Minor Project\Project Prototype\Brain-Tumor-Minor-Project\dataset\Brain Tumor MRI images\Tumor\meningioma (488).jpg,Brain Tumor MRI images/Tumor/meningioma (488).jpg,1,Tumor,MRI,ab6d9cb0db42003d200ca5fb07bad992990a54059e5715284bfbb4d751118ca9,1
C:\Users\dondo\OneDrive\Documents\ADBU CSE(AI & ML)\5th sem\Minor Project\Project Prototype\Brain-Tumor-Minor-Project\dataset\Brain Tumor MRI images\Tumor\meningioma (489).jpg,Brain Tumor MRI images/Tumor/meningioma (489).jpg,1,Tumor,MRI,811f6135639420fe68c505003954601186edd8399da571b58bccfa10186467f2,1
C:\Users\dondo\OneDrive\Documents\ADBU CSE(AI & ML)\5th sem\Minor Project\Project Prototype\Brain-Tumor-Minor-Project\dataset\Brain Tumor MRI images\Tumor\meningioma (490).jpg,Brain Tumor MRI images/Tumor/meningioma (490).jpg,1,Tumor,MRI,ca48ac589ff8c147ff9a55d188c3671452ca27f096b585827fa467c23f002e1f,1
C:\Users\dondo\OneDrive\Documents\ADBU CSE(AI & ML)\5th sem\Minor Project\Project Prototype\Brain-Tumor-Minor-Project\dataset\Brain Tumor MRI images\Tumor\meningioma (491).jpg,Brain Tumor MRI images/Tumor/meningioma (491).jpg,1,Tumor,MRI,44d96e227ece63e9bc54e59c178276b98297cb813087af4067540dee4632c644,1
C:\Users\dondo\OneDrive\Documents\ADBU CSE(AI & ML)\5th sem\Minor Project\Project Prototype\Brain-Tumor-Minor-Project\dataset\Brain Tumor MRI images\Tumor\meningioma (496).jpg,Brain Tumor MRI images/Tumor/meningioma (496).jpg,1,Tumor,MRI,3325a728537e254631dc6eebcd14dd491abd67c608479e90185c8b7408b25903,1
C:\Users\dondo\OneDrive\Documents\ADBU CSE(AI & ML)\5th sem\Minor Project\Project Prototype\Brain-Tumor-Minor-Project\dataset\Brain Tumor MRI images\Tumor\meningioma (498).jpg,Brain Tumor MRI images/Tumor/meningioma (498).jpg,1,Tumor,MRI,0a8f51dd8371da8900f543886e5f14b19e2919fbfacc56bb55aba70a23a9d109,1
C:\Users\dondo\OneDrive\Documents\ADBU CSE(AI & ML)\5th sem\Minor Project\Project Prototype\Brain-Tumor-Minor-Project\dataset\Brain Tumor MRI images\Tumor\meningioma (499).jpg,Brain Tumor MRI images/Tumor/meningioma (499).jpg,1,Tumor,MRI,cf63ed11f54fddad1ec15f53deaab42e9875b737c4aeb8d7e6396dae2b5c0dc3,1
C:\Users\dondo\OneDrive\Documents\ADBU CSE(AI & ML)\5th sem\Minor Project\Project Prototype\Brain-Tumor-Minor-Project\dataset\Brain Tumor MRI images\Tumor\meningioma (50).jpg,Brain Tumor MRI images/Tumor/meningioma (50).jpg,1,Tumor,MRI,8c97aff98cdac87ad96d987776cb94b5af327a481d90433788069ae0d7a8c485,1
C:\Users\dondo\OneDrive\Documents\ADBU CSE(AI & ML)\5th sem\Minor Project\Project Prototype\Brain-Tumor-Minor-Project\dataset\Brain Tumor MRI images\Tumor\meningioma (504).jpg,Brain Tumor MRI images/Tumor/meningioma (504).jpg,1,Tumor,MRI,3621bcddacfd0336fd5743ca9c744e3042d8a14f0c67c8a66407fe9cc33e8029,1
C:\Users\dondo\OneDrive\Documents\ADBU CSE(AI & ML)\5th sem\Minor Project\Project Prototype\Brain-Tumor-Minor-Project\dataset\Brain Tumor MRI images\Tumor\meningioma (505).jpg,Brain Tumor MRI images/Tumor/meningioma (505).jpg,1,Tumor,MRI,2bef2387c5ee6397a8a7f88899b886db294b377a831e8feef80500277f039118,1
C:\Users\dondo\OneDrive\Documents\ADBU CSE(AI & ML)\5th sem\Minor Project\Project Prototype\Brain-Tumor-Minor-Project\dataset\Brain Tumor MRI images\Tumor\meningioma (508).jpg,Brain Tumor MRI images/Tumor/meningioma (508).jpg,1,Tumor,MRI,b01da6d977ca0b4b411fd49d465396a8f377107b8e5e20ecb1b7091f97df07cd,1
C:\Users\dondo\OneDrive\Documents\ADBU CSE(AI & ML)\5th sem\Minor Project\Project Prototype\Brain-Tumor-Minor-Project\dataset\Brain Tumor MRI images\Tumor\meningioma (509).jpg,Brain Tumor MRI images/Tumor/meningioma (509).jpg,1,Tumor,MRI,a977ff74334863be124aa082faeee5a81138fb8b53442b7af42f5a0bc4a89db1,1
C:\Users\dondo\OneDrive\Documents\ADBU CSE(AI & ML)\5th sem\Minor Project\Project Prototype\Brain-Tumor-Minor-Project\dataset\Brain Tumor MRI images\Tumor\meningioma (51).jpg,Brain Tumor MRI images/Tumor/meningioma (51).jpg,1,Tumor,MRI,f502744a33296e497ae0b7fa9c8715b2d3ec9fad1648504875cfe9e4620c284b,1
C:\Users\dondo\OneDrive\Documents\ADBU CSE(AI & ML)\5th sem\Minor Project\Project Prototype\Brain-Tumor-Minor-Project\dataset\Brain Tumor MRI images\Tumor\meningioma (510).jpg,Brain Tumor MRI images/Tumor/meningioma (510).jpg,1,Tumor,MRI,ef0b8d620e78f97bca7d731706ff9165ac7f9dc3695746a0486ec431431a4f49,1
C:\Users\dondo\OneDrive\Documents\ADBU CSE(AI & ML)\5th sem\Minor Project\Project Prototype\Brain-Tumor-Minor-Project\dataset\Brain Tumor MRI images\Tumor\meningioma (511).jpg,Brain Tumor MRI images/Tumor/meningioma (511).jpg,1,Tumor,MRI,58a6d3b0d1803deea888cae4cf5de1e86f1876fb934471394b1211e5a0c1cc98,1
C:\Users\dondo\OneDrive\Documents\ADBU CSE(AI & ML)\5th sem\Minor Project\Project Prototype\Brain-Tumor-Minor-Project\dataset\Brain Tumor MRI images\Tumor\meningioma (512).jpg,Brain Tumor MRI images/Tumor/meningioma (512).jpg,1,Tumor,MRI,d6ac7e598bbec2cd1e53134defa85786b55a87711ebb031ec2428e2e3569addb,2
C:\Users\dondo\OneDrive\Documents\ADBU CSE(AI & ML)\5th sem\Minor Project\Project Prototype\Brain-Tumor-Minor-Project\dataset\Brain Tumor MRI images\Tumor\meningioma (513).jpg,Brain Tumor MRI images/Tumor/meningioma (513).jpg,1,Tumor,MRI,0c8fb668533e45175480c88d35360153d436ed168603a1d067a7b0abd78651d8,1
C:\Users\dondo\OneDrive\Documents\ADBU CSE(AI & ML)\5th sem\Minor Project\Project Prototype\Brain-Tumor-Minor-Project\dataset\Brain Tumor MRI images\Tumor\meningioma (514).jpg,Brain Tumor MRI images/Tumor/meningioma (514).jpg,1,Tumor,MRI,c3c8e972cd5cea3c9621b00e181c74169237eef10917a6ad2d96ec3627a186ab,1
C:\Users\dondo\OneDrive\Documents\ADBU CSE(AI & ML)\5th sem\Minor Project\Project Prototype\Brain-Tumor-Minor-Project\dataset\Brain Tumor MRI images\Tumor\meningioma (516).jpg,Brain Tumor MRI images/Tumor/meningioma (516).jpg,1,Tumor,MRI,65fb402397e336ae9baee4c38b87371ca8c26247421bbddd1c1c0e6028b07572,1
C:\Users\dondo\OneDrive\Documents\ADBU CSE(AI & ML)\5th sem\Minor Project\Project Prototype\Brain-Tumor-Minor-Project\dataset\Brain Tumor MRI images\Tumor\meningioma (517).jpg,Brain Tumor MRI images/Tumor/meningioma (517).jpg,1,Tumor,MRI,bc4de64a85533ebc283e522603fadd554adf2305f6003ed96cc6777156b19e2d,1
C:\Users\dondo\OneDrive\Documents\ADBU CSE(AI & ML)\5th sem\Minor Project\Project Prototype\Brain-Tumor-Minor-Project\dataset\Brain Tumor MRI images\Tumor\meningioma (52).jpg,Brain Tumor MRI images/Tumor/meningioma (52).jpg,1,Tumor,MRI,9ab8fc3fa557f67b29d4e9325c3ca5cdf13205e3342858b4c8083b0518e7e182,1
C:\Users\dondo\OneDrive\Documents\ADBU CSE(AI & ML)\5th sem\Minor Project\Project Prototype\Brain-Tumor-Minor-Project\dataset\Brain Tumor MRI images\Tumor\meningioma (520).jpg,Brain Tumor MRI images/Tumor/meningioma (520).jpg,1,Tumor,MRI,ac786f3577be6d510764ffe838cba8f8118bafe9016dac25c34a970650b21d3f,1
C:\Users\dondo\OneDrive\Documents\ADBU CSE(AI & ML)\5th sem\Minor Project\Project Prototype\Brain-Tumor-Minor-Project\dataset\Brain Tumor MRI images\Tumor\meningioma (521).jpg,Brain Tumor MRI images/Tumor/meningioma (521).jpg,1,Tumor,MRI,b581761b3db092c93d2a36fe6bbdda740d663c4ddf234d9be3908062949e8f19,1
C:\Users\dondo\OneDrive\Documents\ADBU CSE(AI & ML)\5th sem\Minor Project\Project Prototype\Brain-Tumor-Minor-Project\dataset\Brain Tumor MRI images\Tumor\meningioma (523).jpg,Brain Tumor MRI images/Tumor/meningioma (523).jpg,1,Tumor,MRI,5264ba9fe9e0589b9467705a29203716d5dde49f42b3f352c0cf6e4077254ee1,1
C:\Users\dondo\OneDrive\Documents\ADBU CSE(AI & ML)\5th sem\Minor Project\Project Prototype\Brain-Tumor-Minor-Project\dataset\Brain Tumor MRI images\Tumor\meningioma (524).jpg,Brain Tumor MRI images/Tumor/meningioma (524).jpg,1,Tumor,MRI,f28a133877f578d1340f3f3501f2042eb4ab85dfc43cf22b107daaccfb9ad1c4,1
C:\Users\dondo\OneDrive\Documents\ADBU CSE(AI & ML)\5th sem\Minor Project\Project Prototype\Brain-Tumor-Minor-Project\dataset\Brain Tumor MRI images\Tumor\meningioma (525).jpg,Brain Tumor MRI images/Tumor/meningioma (525).jpg,1,Tumor,MRI,130ac692eae5c3cd3c7923e5f93f4e28c0a4edccaad90b9f6b1ef479a89949b6,1
C:\Users\dondo\OneDrive\Documents\ADBU CSE(AI & ML)\5th sem\Minor Project\Project Prototype\Brain-Tumor-Minor-Project\dataset\Brain Tumor MRI images\Tumor\meningioma (526).jpg,Brain Tumor MRI images/Tumor/meningioma (526).jpg,1,Tumor,MRI,9193a06d53ce7b3011572ccad1d952b57ecb5ea026c49cca705a46ed07ea7974,1
C:\Users\dondo\OneDrive\Documents\ADBU CSE(AI & ML)\5th sem\Minor Project\Project Prototype\Brain-Tumor-Minor-Project\dataset\Brain Tumor MRI images\Tumor\meningioma (527).jpg,Brain Tumor MRI images/Tumor/meningioma (527).jpg,1,Tumor,MRI,fc980e9c6356f09508b523c4dad23164377f3734f438f8ae3e5aab39c75f7df4,2
C:\Users\dondo\OneDrive\Documents\ADBU CSE(AI & ML)\5th sem\Minor Project\Project Prototype\Brain-Tumor-Minor-Project\dataset\Brain Tumor MRI images\Tumor\meningioma (531).jpg,Brain Tumor MRI images/Tumor/meningioma (531).jpg,1,Tumor,MRI,59ef58a1aab00aaee7fbbae9d765a2e0c448db4a68bf8d8c37c2a424b6b10a03,1
C:\Users\dondo\OneDrive\Documents\ADBU CSE(AI & ML)\5th sem\Minor Project\Project Prototype\Brain-Tumor-Minor-Project\dataset\Brain Tumor MRI images\Tumor\meningioma (533).jpg,Brain Tumor MRI images/Tumor/meningioma (533).jpg,1,Tumor,MRI,2801a28bdc57ad8298f6fc81ac3ed2a9f7746ff49f2c0e723660d063b18dcecd,1
C:\Users\dondo\OneDrive\Documents\ADBU CSE(AI & ML)\5th sem\Minor Project\Project Prototype\Brain-Tumor-Minor-Project\dataset\Brain Tumor MRI images\Tumor\meningioma (534).jpg,Brain Tumor MRI images/Tumor/meningioma (534).jpg,1,Tumor,MRI,abcb8c151c6710759384cb676a633a23c7d3d0e9ddf34ae38bcb284dff94675c,1
C:\Users\dondo\OneDrive\Documents\ADBU CSE(AI & ML)\5th sem\Minor Project\Project Prototype\Brain-Tumor-Minor-Project\dataset\Brain Tumor MRI images\Tumor\meningioma (535).jpg,Brain Tumor MRI images/Tumor/meningioma (535).jpg,1,Tumor,MRI,10a60f89d741f65b120febb273f5a483a478d06dbb2a24673f1a41e3e6d0e89d,1
C:\Users\dondo\OneDrive\Documents\ADBU CSE(AI & ML)\5th sem\Minor Project\Project Prototype\Brain-Tumor-Minor-Project\dataset\Brain Tumor MRI images\Tumor\meningioma (537).jpg,Brain Tumor MRI images/Tumor/meningioma (537).jpg,1,Tumor,MRI,25b2a07c1fe4c06e20e6439468cf3ffe3c4bfa0aebbbfb9f40a91aecef129539,1
C:\Users\dondo\OneDrive\Documents\ADBU CSE(AI & ML)\5th sem\Minor Project\Project Prototype\Brain-Tumor-Minor-Project\dataset\Brain Tumor MRI images\Tumor\meningioma (54).jpg,Brain Tumor MRI images/Tumor/meningioma (54).jpg,1,Tumor,MRI,fc752d91df08a4e438d22edcdb47fdd91df8abeab6da5bef8939773a2e6105e3,1
C:\Users\dondo\OneDrive\Documents\ADBU CSE(AI & ML)\5th sem\Minor Project\Project Prototype\Brain-Tumor-Minor-Project\dataset\Brain Tumor MRI images\Tumor\meningioma (540).jpg,Brain Tumor MRI images/Tumor/meningioma (540).jpg,1,Tumor,MRI,67cbc705480b95baa839fab59c94cf1e7a6360ca37aeea3670bfd7c08eeddea5,1
C:\Users\dondo\OneDrive\Documents\ADBU CSE(AI & ML)\5th sem\Minor Project\Project Prototype\Brain-Tumor-Minor-Project\dataset\Brain Tumor MRI images\Tumor\meningioma (541).jpg,Brain Tumor MRI images/Tumor/meningioma (541).jpg,1,Tumor,MRI,6461b445e0fb9180ced25190714902590435d86fea0e0e0afc9e32cfd4dad251,2
C:\Users\dondo\OneDrive\Documents\ADBU CSE(AI & ML)\5th sem\Minor Project\Project Prototype\Brain-Tumor-Minor-Project\dataset\Brain Tumor MRI images\Tumor\meningioma (542).jpg,Brain Tumor MRI images/Tumor/meningioma (542).jpg,1,Tumor,MRI,6c249cf9aa13b83d24d1694d4564879f12ea800be3a6dc7497b8297e9f5f7ab5,1
C:\Users\dondo\OneDrive\Documents\ADBU CSE(AI & ML)\5th sem\Minor Project\Project Prototype\Brain-Tumor-Minor-Project\dataset\Brain Tumor MRI images\Tumor\meningioma (543).jpg,Brain Tumor MRI images/Tumor/meningioma (543).jpg,1,Tumor,MRI,61f56986e416e24bba740bff5087ec8fa335cad639b0b3aa703f914ffe05c99b,1
C:\Users\dondo\OneDrive\Documents\ADBU CSE(AI & ML)\5th sem\Minor Project\Project Prototype\Brain-Tumor-Minor-Project\dataset\Brain Tumor MRI images\Tumor\meningioma (544).jpg,Brain Tumor MRI images/Tumor/meningioma (544).jpg,1,Tumor,MRI,034f018d94a919e1451f0c814ed7c89ff5577264118260f1ee71289368278f44,1
C:\Users\dondo\OneDrive\Documents\ADBU CSE(AI & ML)\5th sem\Minor Project\Project Prototype\Brain-Tumor-Minor-Project\dataset\Brain Tumor MRI images\Tumor\meningioma (545).jpg,Brain Tumor MRI images/Tumor/meningioma (545).jpg,1,Tumor,MRI,ef2f68b9367c1eedd6c31f7a374065165aa8b456e16548dd1874e77788d7f855,1
C:\Users\dondo\OneDrive\Documents\ADBU CSE(AI & ML)\5th sem\Minor Project\Project Prototype\Brain-Tumor-Minor-Project\dataset\Brain Tumor MRI images\Tumor\meningioma (547).jpg,Brain Tumor MRI images/Tumor/meningioma (547).jpg,1,Tumor,MRI,6eeaeda4acc97bf6ac12dd68bff33d51cd105ec7478a139b536b35f85d5e84e1,1
C:\Users\dondo\OneDrive\Documents\ADBU CSE(AI & ML)\5th sem\Minor Project\Project Prototype\Brain-Tumor-Minor-Project\dataset\Brain Tumor MRI images\Tumor\meningioma (548).jpg,Brain Tumor MRI images/Tumor/meningioma (548).jpg,1,Tumor,MRI,53e6c596323f7af8964b577ea7a9d0117c156be5d5f2be04d2446b587d9f41a0,1
C:\Users\dondo\OneDrive\Documents\ADBU CSE(AI & ML)\5th sem\Minor Project\Project Prototype\Brain-Tumor-Minor-Project\dataset\Brain Tumor MRI images\Tumor\meningioma (549).jpg,Brain Tumor MRI images/Tumor/meningioma (549).jpg,1,Tumor,MRI,9c76ed970df0ed176f5edc15682ac55ea22c47df58e78f34d37e4e36e0dd65cb,1
C:\Users\dondo\OneDrive\Documents\ADBU CSE(AI & ML)\5th sem\Minor Project\Project Prototype\Brain-Tumor-Minor-Project\dataset\Brain Tumor MRI images\Tumor\meningioma (55).jpg,Brain Tumor MRI images/Tumor/meningioma (55).jpg,1,Tumor,MRI,9f8141a64490f5689a89ac6d5c5e6a842b820c677d0aef6cba4fc6167cf2ad2d,2
C:\Users\dondo\OneDrive\Documents\ADBU CSE(AI & ML)\5th sem\Minor Project\Project Prototype\Brain-Tumor-Minor-Project\dataset\Brain Tumor MRI images\Tumor\meningioma (551).jpg,Brain Tumor MRI images/Tumor/meningioma (551).jpg,1,Tumor,MRI,7efb9c0c65ad1ef3445932fe31a28de6602561cdf52ff815b121c0d16748365c,1
C:\Users\dondo\OneDrive\Documents\ADBU CSE(AI & ML)\5th sem\Minor Project\Project Prototype\Brain-Tumor-Minor-Project\dataset\Brain Tumor MRI images\Tumor\meningioma (552).jpg,Brain Tumor MRI images/Tumor/meningioma (552).jpg,1,Tumor,MRI,452f670b05ac7e58009e980a12f0b8fc1717659ec8daad19eac7346caf1ebab1,1
C:\Users\dondo\OneDrive\Documents\ADBU CSE(AI & ML)\5th sem\Minor Project\Project Prototype\Brain-Tumor-Minor-Project\dataset\Brain Tumor MRI images\Tumor\meningioma (553).jpg,Brain Tumor MRI images/Tumor/meningioma (553).jpg,1,Tumor,MRI,82a101a1d7c2ddc795b9f2297c6c3d4c29ec22e413788c9b3b8fc0145334dccf,1
C:\Users\dondo\OneDrive\Documents\ADBU CSE(AI & ML)\5th sem\Minor Project\Project Prototype\Brain-Tumor-Minor-Project\dataset\Brain Tumor MRI images\Tumor\meningioma (554).jpg,Brain Tumor MRI images/Tumor/meningioma (554).jpg,1,Tumor,MRI,be6257ef486cbc240d5ac3b972b02f315e4f4f26ede6e141b76c54516850f7f7,1
C:\Users\dondo\OneDrive\Documents\ADBU CSE(AI & ML)\5th sem\Minor Project\Project Prototype\Brain-Tumor-Minor-Project\dataset\Brain Tumor MRI images\Tumor\meningioma (556).jpg,Brain Tumor MRI images/Tumor/meningioma (556).jpg,1,Tumor,MRI,b19c1ecca87c9d0b41f5fe4787fcdc42fae07590f15914749ffb4d19bb213079,1
C:\Users\dondo\OneDrive\Documents\ADBU CSE(AI & ML)\5th sem\Minor Project\Project Prototype\Brain-Tumor-Minor-Project\dataset\Brain Tumor MRI images\Tumor\meningioma (558).jpg,Brain Tumor MRI images/Tumor/meningioma (558).jpg,1,Tumor,MRI,b568fa90fc5c4b83f4a492dd70788cb9f32f8ec3a10e164923976843b4c9d087,1
C:\Users\dondo\OneDrive\Documents\ADBU CSE(AI & ML)\5th sem\Minor Project\Project Prototype\Brain-Tumor-Minor-Project\dataset\Brain Tumor MRI images\Tumor\meningioma (559).jpg,Brain Tumor MRI images/Tumor/meningioma (559).jpg,1,Tumor,MRI,bacfde9618e3d018777160787f302a29ee75f7f21112b3adda91b6d3f00b1b40,1
C:\Users\dondo\OneDrive\Documents\ADBU CSE(AI & ML)\5th sem\Minor Project\Project Prototype\Brain-Tumor-Minor-Project\dataset\Brain Tumor MRI images\Tumor\meningioma (56).jpg,Brain Tumor MRI images/Tumor/meningioma (56).jpg,1,Tumor,MRI,91244ebf2ffddc7bddb6c0e6cfe1d8d27ee2196f1c82169d3f7fe2e7c83116cf,1
C:\Users\dondo\OneDrive\Documents\ADBU CSE(AI & ML)\5th sem\Minor Project\Project Prototype\Brain-Tumor-Minor-Project\dataset\Brain Tumor MRI images\Tumor\meningioma (560).jpg,Brain Tumor MRI images/Tumor/meningioma (560).jpg,1,Tumor,MRI,9e3582148e840b47b7cc62d3d02a55adc6faf5863672e3936d3204c116bf6619,1
C:\Users\dondo\OneDrive\Documents\ADBU CSE(AI & ML)\5th sem\Minor Project\Project Prototype\Brain-Tumor-Minor-Project\dataset\Brain Tumor MRI images\Tumor\meningioma (561).jpg,Brain Tumor MRI images/Tumor/meningioma (561).jpg,1,Tumor,MRI,9e957a3a79b59656e4695dad7346018d2acca82a9120d5af87ecb6800fe63d2e,1
C:\Users\dondo\OneDrive\Documents\ADBU CSE(AI & ML)\5th sem\Minor Project\Project Prototype\Brain-Tumor-Minor-Project\dataset\Brain Tumor MRI images\Tumor\meningioma (563).jpg,Brain Tumor MRI images/Tumor/meningioma (563).jpg,1,Tumor,MRI,c524ede2d9e8d408d9601e3b419097038c3c146a5408f179a204a911202798a5,1
C:\Users\dondo\OneDrive\Documents\ADBU CSE(AI & ML)\5th sem\Minor Project\Project Prototype\Brain-Tumor-Minor-Project\dataset\Brain Tumor MRI images\Tumor\meningioma (564).jpg,Brain Tumor MRI images/Tumor/meningioma (564).jpg,1,Tumor,MRI,b229dc084877738c6be1c701eb17d4b35c5cf3d91061bee485e8d447d9954919,1
C:\Users\dondo\OneDrive\Documents\ADBU CSE(AI & ML)\5th sem\Minor Project\Project Prototype\Brain-Tumor-Minor-Project\dataset\Brain Tumor MRI images\Tumor\meningioma (565).jpg,Brain Tumor MRI images/Tumor/meningioma (565).jpg,1,Tumor,MRI,bb764e5778320ae595de25d47c04e62ca3fc20cc1cb2907b3a0307a6a4da7e37,1
C:\Users\dondo\OneDrive\Documents\ADBU CSE(AI & ML)\5th sem\Minor Project\Project Prototype\Brain-Tumor-Minor-Project\dataset\Brain Tumor MRI images\Tumor\meningioma (566).jpg,Brain Tumor MRI images/Tumor/meningioma (566).jpg,1,Tumor,MRI,d7d7b98f3570751c77b9b54c2e5a0f93b979c54501dd18b62e1f9ae27cb2164c,2
C:\Users\dondo\OneDrive\Documents\ADBU CSE(AI & ML)\5th sem\Minor Project\Project Prototype\Brain-Tumor-Minor-Project\dataset\Brain Tumor MRI images\Tumor\meningioma (57).jpg,Brain Tumor MRI images/Tumor/meningioma (57).jpg,1,Tumor,MRI,bbb881e1ecd6864b87a101fae712532bbe7ebaf01f212838fe56ea524580a2cf,1
C:\Users\dondo\OneDrive\Documents\ADBU CSE(AI & ML)\5th sem\Minor Project\Project Prototype\Brain-Tumor-Minor-Project\dataset\Brain Tumor MRI images\Tumor\meningioma (570).jpg,Brain Tumor MRI images/Tumor/meningioma (570).jpg,1,Tumor,MRI,4437a504005e780aceec5851b819ec4ab10b685f40972df1b904f51f2ed754a7,1
C:\Users\dondo\OneDrive\Documents\ADBU CSE(AI & ML)\5th sem\Minor Project\Project Prototype\Brain-Tumor-Minor-Project\dataset\Brain Tumor MRI images\Tumor\meningioma (571).jpg,Brain Tumor MRI images/Tumor/meningioma (571).jpg,1,Tumor,MRI,d6c6aab7a13bad5656fb1a0471ceb66bc6ada685079541d1abcf682dcd0b788f,1
C:\Users\dondo\OneDrive\Documents\ADBU CSE(AI & ML)\5th sem\Minor Project\Project Prototype\Brain-Tumor-Minor-Project\dataset\Brain Tumor MRI images\Tumor\meningioma (572).jpg,Brain Tumor MRI images/Tumor/meningioma (572).jpg,1,Tumor,MRI,5c0c734e1e9853bfe30757dcbface1a6840f4e97030d3a6713cd713dfd89dd92,1
C:\Users\dondo\OneDrive\Documents\ADBU CSE(AI & ML)\5th sem\Minor Project\Project Prototype\Brain-Tumor-Minor-Project\dataset\Brain Tumor MRI images\Tumor\meningioma (573).jpg,Brain Tumor MRI images/Tumor/meningioma (573).jpg,1,Tumor,MRI,36eed46fc528e1a013f6d9e0d0aee68080c55a771d474184c73cc61658516659,1
C:\Users\dondo\OneDrive\Documents\ADBU CSE(AI & ML)\5th sem\Minor Project\Project Prototype\Brain-Tumor-Minor-Project\dataset\Brain Tumor MRI images\Tumor\meningioma (575).jpg,Brain Tumor MRI images/Tumor/meningioma (575).jpg,1,Tumor,MRI,4474fe9e398a6e238d10ce166735272797486e359d137c5e3ba7c9e75082c6b7,1
C:\Users\dondo\OneDrive\Documents\ADBU CSE(AI & ML)\5th sem\Minor Project\Project Prototype\Brain-Tumor-Minor-Project\dataset\Brain Tumor MRI images\Tumor\meningioma (576).jpg,Brain Tumor MRI images/Tumor/meningioma (576).jpg,1,Tumor,MRI,27cbfaf3d4820b0049c52487875c1689267dfe96fd6e55416b2c39123adf5620,1
C:\Users\dondo\OneDrive\Documents\ADBU CSE(AI & ML)\5th sem\Minor Project\Project Prototype\Brain-Tumor-Minor-Project\dataset\Brain Tumor MRI images\Tumor\meningioma (577).jpg,Brain Tumor MRI images/Tumor/meningioma (577).jpg,1,Tumor,MRI,4f4c213599e71c6bf50aedcaba852f323f0a6e6cfafd04c27e7747c2bf02782d,1
C:\Users\dondo\OneDrive\Documents\ADBU CSE(AI & ML)\5th sem\Minor Project\Project Prototype\Brain-Tumor-Minor-Project\dataset\Brain Tumor MRI images\Tumor\meningioma (578).jpg,Brain Tumor MRI images/Tumor/meningioma (578).jpg,1,Tumor,MRI,25ee422d16e212a511b31320ff743d27dcca7e26e9630a49471168d2e5ba5f8d,1
C:\Users\dondo\OneDrive\Documents\ADBU CSE(AI & ML)\5th sem\Minor Project\Project Prototype\Brain-Tumor-Minor-Project\dataset\Brain Tumor MRI images\Tumor\meningioma (58).jpg,Brain Tumor MRI images/Tumor/meningioma (58).jpg,1,Tumor,MRI,32f95cd42175469f96ca297ee90e355418d33b18cb3a827cef2715f595eb5367,1
C:\Users\dondo\OneDrive\Documents\ADBU CSE(AI & ML)\5th sem\Minor Project\Project Prototype\Brain-Tumor-Minor-Project\dataset\Brain Tumor MRI images\Tumor\meningioma (580).jpg,Brain Tumor MRI images/Tumor/meningioma (580).jpg,1,Tumor,MRI,81e7d3b8d1865917af20c7d74fdd5b6a725f726ff33427292322d12ba72cd5cf,2
C:\Users\dondo\OneDrive\Documents\ADBU CSE(AI & ML)\5th sem\Minor Project\Project Prototype\Brain-Tumor-Minor-Project\dataset\Brain Tumor MRI images\Tumor\meningioma (581).jpg,Brain Tumor MRI images/Tumor/meningioma (581).jpg,1,Tumor,MRI,1e374c4b973d49c622afa0fab68a80b538cf65c6ef5f310a5858f19d38774d5f,1
C:\Users\dondo\OneDrive\Documents\ADBU CSE(AI & ML)\5th sem\Minor Project\Project Prototype\Brain-Tumor-Minor-Project\dataset\Brain Tumor MRI images\Tumor\meningioma (582).jpg,Brain Tumor MRI images/Tumor/meningioma (582).jpg,1,Tumor,MRI,49ffd8b3f7ad6468e336cc66bd7f7d20e00e1fd3cda4634ada9bdcd419d795fa,1
C:\Users\dondo\OneDrive\Documents\ADBU CSE(AI & ML)\5th sem\Minor Project\Project Prototype\Brain-Tumor-Minor-Project\dataset\Brain Tumor MRI images\Tumor\meningioma (583).jpg,Brain Tumor MRI images/Tumor/meningioma (583).jpg,1,Tumor,MRI,6ab54e6ad0ae665404350db0980a2ac281719c70a4b1c5717beb73d60147aa0c,1
C:\Users\dondo\OneDrive\Documents\ADBU CSE(AI & ML)\5th sem\Minor Project\Project Prototype\Brain-Tumor-Minor-Project\dataset\Brain Tumor MRI images\Tumor\meningioma (585).jpg,Brain Tumor MRI images/Tumor/meningioma (585).jpg,1,Tumor,MRI,68a8303547367eeeb4d24b9221943472d1988dc15780473db25d9a2eec31cb53,1
C:\Users\dondo\OneDrive\Documents\ADBU CSE(AI & ML)\5th sem\Minor Project\Project Prototype\Brain-Tumor-Minor-Project\dataset\Brain Tumor MRI images\Tumor\meningioma (586).jpg,Brain Tumor MRI images/Tumor/meningioma (586).jpg,1,Tumor,MRI,bc6a52f3818ffb32b77124e7562a0d2ccec457d546b73f9220fd9700145287b3,1
C:\Users\dondo\OneDrive\Documents\ADBU CSE(AI & ML)\5th sem\Minor Project\Project Prototype\Brain-Tumor-Minor-Project\dataset\Brain Tumor MRI images\Tumor\meningioma (587).jpg,Brain Tumor MRI images/Tumor/meningioma (587).jpg,1,Tumor,MRI,a217253eb035a136b65116601b716b4a85d3b0d8ee2a4daad6cc1eee2c959e20,2
C:\Users\dondo\OneDrive\Documents\ADBU CSE(AI & ML)\5th sem\Minor Project\Project Prototype\Brain-Tumor-Minor-Project\dataset\Brain Tumor MRI images\Tumor\meningioma (588).jpg,Brain Tumor MRI images/Tumor/meningioma (588).jpg,1,Tumor,MRI,ad1849664f3dae6f11bc18ad5d62d4158119f1b5f0e063a96f68607a4dc5a450,1
C:\Users\dondo\OneDrive\Documents\ADBU CSE(AI & ML)\5th sem\Minor Project\Project Prototype\Brain-Tumor-Minor-Project\dataset\Brain Tumor MRI images\Tumor\meningioma (589).jpg,Brain Tumor MRI images/Tumor/meningioma (589).jpg,1,Tumor,MRI,5a3e9b5f23064909ff4c40f130152fd4106cc662f28fc77dd3f105b3858dd067,1
C:\Users\dondo\OneDrive\Documents\ADBU CSE(AI & ML)\5th sem\Minor Project\Project Prototype\Brain-Tumor-Minor-Project\dataset\Brain Tumor MRI images\Tumor\meningioma (59).jpg,Brain Tumor MRI images/Tumor/meningioma (59).jpg,1,Tumor,MRI,f2e15bd7a314f072f3901404410f1240dc9e2f07f399d812217837118c3ef84e,1
C:\Users\dondo\OneDrive\Documents\ADBU CSE(AI & ML)\5th sem\Minor Project\Project Prototype\Brain-Tumor-Minor-Project\dataset\Brain Tumor MRI images\Tumor\meningioma (590).jpg,Brain Tumor MRI images/Tumor/meningioma (590).jpg,1,Tumor,MRI,8c6adc954dd71d0ec7f4d742b1a83740f532e0fbe823cee64b69fcda9fed1eb7,1
C:\Users\dondo\OneDrive\Documents\ADBU CSE(AI & ML)\5th sem\Minor Project\Project Prototype\Brain-Tumor-Minor-Project\dataset\Brain Tumor MRI images\Tumor\meningioma (591).jpg,Brain Tumor MRI images/Tumor/meningioma (591).jpg,1,Tumor,MRI,db24c8b6b4acf490d2c30ce2d5fbc686bf5ee8ab69ece00dfe1c4f2723710b42,1
C:\Users\dondo\OneDrive\Documents\ADBU CSE(AI & ML)\5th sem\Minor Project\Project Prototype\Brain-Tumor-Minor-Project\dataset\Brain Tumor MRI images\Tumor\meningioma (592).jpg,Brain Tumor MRI images/Tumor/meningioma (592).jpg,1,Tumor,MRI,bce84d967eb433ecc3cf04b2104ef585deff9eaf5a1d1731bcb8cb0cf87ad65a,1
C:\Users\dondo\OneDrive\Documents\ADBU CSE(AI & ML)\5th sem\Minor Project\Project Prototype\Brain-Tumor-Minor-Project\dataset\Brain Tumor MRI images\Tumor\meningioma (593).jpg,Brain Tumor MRI images/Tumor/meningioma (593).jpg,1,Tumor,MRI,e120827347b28c2b5b7e26fcc034a4f63070706b877398873a5ca8e20616a4e2,2
C:\Users\dondo\OneDrive\Documents\ADBU CSE(AI & ML)\5th sem\Minor Project\Project Prototype\Brain-Tumor-Minor-Project\dataset\Brain Tumor MRI images\Tumor\meningioma (594).jpg,Brain Tumor MRI images/Tumor/meningioma (594).jpg,1,Tumor,MRI,b41dfec81e382033bf4d71a21eea5378f39de9f65597cceccb8c38414e981908,1
C:\Users\dondo\OneDrive\Documents\ADBU CSE(AI & ML)\5th sem\Minor Project\Project Prototype\Brain-Tumor-Minor-Project\dataset\Brain Tumor MRI images\Tumor\meningioma (595).jpg,Brain Tumor MRI images/Tumor/meningioma (595).jpg,1,Tumor,MRI,fec01949f326613e815d8dd8bb1ef54011dcec291f005dded282a0cafa7a2fc6,1
C:\Users\dondo\OneDrive\Documents\ADBU CSE(AI & ML)\5th sem\Minor Project\Project Prototype\Brain-Tumor-Minor-Project\dataset\Brain Tumor MRI images\Tumor\meningioma (596).jpg,Brain Tumor MRI images/Tumor/meningioma (596).jpg,1,Tumor,MRI,29d3f023b11de3cba3fb8854299f7f5adf836670aa91544f8fef3ffb606c9fd6,1
C:\Users\dondo\OneDrive\Documents\ADBU CSE(AI & ML)\5th sem\Minor Project\Project Prototype\Brain-Tumor-Minor-Project\dataset\Brain Tumor MRI images\Tumor\meningioma (597).jpg,Brain Tumor MRI images/Tumor/meningioma (597).jpg,1,Tumor,MRI,e025ee28623fd24931df7478a772241dbdae35c2b259c3bed2783eb6b0bb7b0d,1
C:\Users\dondo\OneDrive\Documents\ADBU CSE(AI & ML)\5th sem\Minor Project\Project Prototype\Brain-Tumor-Minor-Project\dataset\Brain Tumor MRI images\Tumor\meningioma (598).jpg,Brain Tumor MRI images/Tumor/meningioma (598).jpg,1,Tumor,MRI,df8260c0d590ae10224626fafe4dab4bc19ed585df4b4fc754441fa725cad048,1
C:\Users\dondo\OneDrive\Documents\ADBU CSE(AI & ML)\5th sem\Minor Project\Project Prototype\Brain-Tumor-Minor-Project\dataset\Brain Tumor MRI images\Tumor\meningioma (599).jpg,Brain Tumor MRI images/Tumor/meningioma (599).jpg,1,Tumor,MRI,3750ac5f466fcb48130d3a1b7455a1449c0e25a084720a740c5b17f4ab825171,1
C:\Users\dondo\OneDrive\Documents\ADBU CSE(AI & ML)\5th sem\Minor Project\Project Prototype\Brain-Tumor-Minor-Project\dataset\Brain Tumor MRI images\Tumor\meningioma (601).jpg,Brain Tumor MRI images/Tumor/meningioma (601).jpg,1,Tumor,MRI,9cd1d8251ca17f5caa843973e83a1779db6d4b37eac9a5043dc5465e551bb375,1
C:\Users\dondo\OneDrive\Documents\ADBU CSE(AI & ML)\5th sem\Minor Project\Project Prototype\Brain-Tumor-Minor-Project\dataset\Brain Tumor MRI images\Tumor\meningioma (602).jpg,Brain Tumor MRI images/Tumor/meningioma (602).jpg,1,Tumor,MRI,9c0db3e3285b63ea1daefb1e9e23cb9244457ad701963a6b5b1fb299140cd761,1
C:\Users\dondo\OneDrive\Documents\ADBU CSE(AI & ML)\5th sem\Minor Project\Project Prototype\Brain-Tumor-Minor-Project\dataset\Brain Tumor MRI images\Tumor\meningioma (604).jpg,Brain Tumor MRI images/Tumor/meningioma (604).jpg,1,Tumor,MRI,cf8ce77573552c4f64aa9bf91f896bdd0e07800847437b078cd3120198c5be0a,1
C:\Users\dondo\OneDrive\Documents\ADBU CSE(AI & ML)\5th sem\Minor Project\Project Prototype\Brain-Tumor-Minor-Project\dataset\Brain Tumor MRI images\Tumor\meningioma (605).jpg,Brain Tumor MRI images/Tumor/meningioma (605).jpg,1,Tumor,MRI,7e6078aed2ff8ede76127ebdc6fab41ced6ce618eec2eb3c4599d37d3825c564,1
C:\Users\dondo\OneDrive\Documents\ADBU CSE(AI & ML)\5th sem\Minor Project\Project Prototype\Brain-Tumor-Minor-Project\dataset\Brain Tumor MRI images\Tumor\meningioma (606).jpg,Brain Tumor MRI images/Tumor/meningioma (606).jpg,1,Tumor,MRI,403ddf19cbc83a9ec27c0258d3eef1d635098e9ca5bdf1491f4784ea0cee08ee,2
C:\Users\dondo\OneDrive\Documents\ADBU CSE(AI & ML)\5th sem\Minor Project\Project Prototype\Brain-Tumor-Minor-Project\dataset\Brain Tumor MRI images\Tumor\meningioma (609).jpg,Brain Tumor MRI images/Tumor/meningioma (609).jpg,1,Tumor,MRI,a52135a400b49b7e766560a95e350e9bbff59a1d87158cc24eb48687996bd9ed,1
C:\Users\dondo\OneDrive\Documents\ADBU CSE(AI & ML)\5th sem\Minor Project\Project Prototype\Brain-Tumor-Minor-Project\dataset\Brain Tumor MRI images\Tumor\meningioma (610).jpg,Brain Tumor MRI images/Tumor/meningioma (610).jpg,1,Tumor,MRI,5363919d8f2fd1249c597c1d7aa555d927a5a0abd57e1f018e002780ce1f1df6,1
C:\Users\dondo\OneDrive\Documents\ADBU CSE(AI & ML)\5th sem\Minor Project\Project Prototype\Brain-Tumor-Minor-Project\dataset\Brain Tumor MRI images\Tumor\meningioma (611).jpg,Brain Tumor MRI images/Tumor/meningioma (611).jpg,1,Tumor,MRI,b40b3d057aa9ad46bbd7b3950fc0277cc31d315f3ec44baf60bfddb16d6342cc,1
C:\Users\dondo\OneDrive\Documents\ADBU CSE(AI & ML)\5th sem\Minor Project\Project Prototype\Brain-Tumor-Minor-Project\dataset\Brain Tumor MRI images\Tumor\meningioma (612).jpg,Brain Tumor MRI images/Tumor/meningioma (612).jpg,1,Tumor,MRI,33a7a343e426841f71423aadea173591a14616dbcd17f97d9f62863ab3556e8c,1
C:\Users\dondo\OneDrive\Documents\ADBU CSE(AI & ML)\5th sem\Minor Project\Project Prototype\Brain-Tumor-Minor-Project\dataset\Brain Tumor MRI images\Tumor\meningioma (614).jpg,Brain Tumor MRI images/Tumor/meningioma (614).jpg,1,Tumor,MRI,c783ad85e06935de18556084e55d9698b742cd9fea00e9f552f0d0bb7e99febd,1
C:\Users\dondo\OneDrive\Documents\ADBU CSE(AI & ML)\5th sem\Minor Project\Project Prototype\Brain-Tumor-Minor-Project\dataset\Brain Tumor MRI images\Tumor\meningioma (615).jpg,Brain Tumor MRI images/Tumor/meningioma (615).jpg,1,Tumor,MRI,da8d82efec74dea59c7f0e2ea4d2ef60078c7ab3cd1b636e4c77571cacc78b33,1
C:\Users\dondo\OneDrive\Documents\ADBU CSE(AI & ML)\5th sem\Minor Project\Project Prototype\Brain-Tumor-Minor-Project\dataset\Brain Tumor MRI images\Tumor\meningioma (616).jpg,Brain Tumor MRI images/Tumor/meningioma (616).jpg,1,Tumor,MRI,9743d3f55644fe2f2d9e2ad412f9e7fff37824b9e7d21258aea09155dfaf20d6,1
C:\Users\dondo\OneDrive\Documents\ADBU CSE(AI & ML)\5th sem\Minor Project\Project Prototype\Brain-Tumor-Minor-Project\dataset\Brain Tumor MRI images\Tumor\meningioma (618).jpg,Brain Tumor MRI images/Tumor/meningioma (618).jpg,1,Tumor,MRI,e48dfd08a5db75ecaae313d9b053e58c2bdd280c58fe24ecf9c93aa3fd602aea,1
C:\Users\dondo\OneDrive\Documents\ADBU CSE(AI & ML)\5th sem\Minor Project\Project Prototype\Brain-Tumor-Minor-Project\dataset\Brain Tumor MRI images\Tumor\meningioma (619).jpg,Brain Tumor MRI images/Tumor/meningioma (619).jpg,1,Tumor,MRI,9d61940d8f75c39a76328c5d0f0dc6de6b0a7f8a19c9e577e4d6e61dc671393f,1
C:\Users\dondo\OneDrive\Documents\ADBU CSE(AI & ML)\5th sem\Minor Project\Project Prototype\Brain-Tumor-Minor-Project\dataset\Brain Tumor MRI images\Tumor\meningioma (62).jpg,Brain Tumor MRI images/Tumor/meningioma (62).jpg,1,Tumor,MRI,b0a40cbe613b0af1263831bbd5911fd08236144a103f046498868def4a606ff4,1
C:\Users\dondo\OneDrive\Documents\ADBU CSE(AI & ML)\5th sem\Minor Project\Project Prototype\Brain-Tumor-Minor-Project\dataset\Brain Tumor MRI images\Tumor\meningioma (620).jpg,Brain Tumor MRI images/Tumor/meningioma (620).jpg,1,Tumor,MRI,d64badb82599325cf6c65aefead0f3157772794d6012b524a043f5b9962ebbe2,1
C:\Users\dondo\OneDrive\Documents\ADBU CSE(AI & ML)\5th sem\Minor Project\Project Prototype\Brain-Tumor-Minor-Project\dataset\Brain Tumor MRI images\Tumor\meningioma (621).jpg,Brain Tumor MRI images/Tumor/meningioma (621).jpg,1,Tumor,MRI,2980b34b027dc6d25c8a08816d6bf55ab88f38c3f4e00b7c43c81c7c709d2a2d,1
C:\Users\dondo\OneDrive\Documents\ADBU CSE(AI & ML)\5th sem\Minor Project\Project Prototype\Brain-Tumor-Minor-Project\dataset\Brain Tumor MRI images\Tumor\meningioma (624).jpg,Brain Tumor MRI images/Tumor/meningioma (624).jpg,1,Tumor,MRI,c8880c5b2fc6f4fa64683682b8c133dd6fb26000fe0e516e433016385284398a,1
C:\Users\dondo\OneDrive\Documents\ADBU CSE(AI & ML)\5th sem\Minor Project\Project Prototype\Brain-Tumor-Minor-Project\dataset\Brain Tumor MRI images\Tumor\meningioma (625).jpg,Brain Tumor MRI images/Tumor/meningioma (625).jpg,1,Tumor,MRI,cf480a8076f5651b8520d96bd0feb35919b8246f86d08ca691fb0e0b3eba101e,1
C:\Users\dondo\OneDrive\Documents\ADBU CSE(AI & ML)\5th sem\Minor Project\Project Prototype\Brain-Tumor-Minor-Project\dataset\Brain Tumor MRI images\Tumor\meningioma (626).jpg,Brain Tumor MRI images/Tumor/meningioma (626).jpg,1,Tumor,MRI,884c07abee687e2f3da8b2c324a9551486a7e4484337d117ad9aee828e27c0e4,1
C:\Users\dondo\OneDrive\Documents\ADBU CSE(AI & ML)\5th sem\Minor Project\Project Prototype\Brain-Tumor-Minor-Project\dataset\Brain Tumor MRI images\Tumor\meningioma (628).jpg,Brain Tumor MRI images/Tumor/meningioma (628).jpg,1,Tumor,MRI,38901117aea7db15f878256df8759e07715c1ae164f4fcbe09e2d92dede061d8,1
C:\Users\dondo\OneDrive\Documents\ADBU CSE(AI & ML)\5th sem\Minor Project\Project Prototype\Brain-Tumor-Minor-Project\dataset\Brain Tumor MRI images\Tumor\meningioma (629).jpg,Brain Tumor MRI images/Tumor/meningioma (629).jpg,1,Tumor,MRI,3926a1873943fc8953b446de8863de2c91149d63dc940c67fdf008033b527a7f,1
C:\Users\dondo\OneDrive\Documents\ADBU CSE(AI & ML)\5th sem\Minor Project\Project Prototype\Brain-Tumor-Minor-Project\dataset\Brain Tumor MRI images\Tumor\meningioma (630).jpg,Brain Tumor MRI images/Tumor/meningioma (630).jpg,1,Tumor,MRI,758c633f90c8298eac443ba2e18de3b0b0bd2bd87eb11b96733e9b5c9262e72a,1
C:\Users\dondo\OneDrive\Documents\ADBU CSE(AI & ML)\5th sem\Minor Project\Project Prototype\Brain-Tumor-Minor-Project\dataset\Brain Tumor MRI images\Tumor\meningioma (634).jpg,Brain Tumor MRI images/Tumor/meningioma (634).jpg,1,Tumor,MRI,d85dd981f1bbe3532d88ee6dfd0bbdb0cc4b9c0faa5884ca9cd30d000510c5b4,1
C:\Users\dondo\OneDrive\Documents\ADBU CSE(AI & ML)\5th sem\Minor Project\Project Prototype\Brain-Tumor-Minor-Project\dataset\Brain Tumor MRI images\Tumor\meningioma (635).jpg,Brain Tumor MRI images/Tumor/meningioma (635).jpg,1,Tumor,MRI,4c0871d7ea12c5f66286cf1e3573a70f1b55e73957f467b89ed088db5236c5ea,1
C:\Users\dondo\OneDrive\Documents\ADBU CSE(AI & ML)\5th sem\Minor Project\Project Prototype\Brain-Tumor-Minor-Project\dataset\Brain Tumor MRI images\Tumor\meningioma (636).jpg,Brain Tumor MRI images/Tumor/meningioma (636).jpg,1,Tumor,MRI,89497e69958a14929ed7c4e8abaac5141438086adc457111699d960c9ec4a7ba,1
C:\Users\dondo\OneDrive\Documents\ADBU CSE(AI & ML)\5th sem\Minor Project\Project Prototype\Brain-Tumor-Minor-Project\dataset\Brain Tumor MRI images\Tumor\meningioma (637).jpg,Brain Tumor MRI images/Tumor/meningioma (637).jpg,1,Tumor,MRI,6682e861b2c86b992a339290458d159d9dd9e515e61cf2bc951dd38326b5194f,1
C:\Users\dondo\OneDrive\Documents\ADBU CSE(AI & ML)\5th sem\Minor Project\Project Prototype\Brain-Tumor-Minor-Project\dataset\Brain Tumor MRI images\Tumor\meningioma (638).jpg,Brain Tumor MRI images/Tumor/meningioma (638).jpg,1,Tumor,MRI,1c9f76c2a74530972fa4e713161170ecdb4f5b25b63738d61d3cbfee25e2b6dc,1
C:\Users\dondo\OneDrive\Documents\ADBU CSE(AI & ML)\5th sem\Minor Project\Project Prototype\Brain-Tumor-Minor-Project\dataset\Brain Tumor MRI images\Tumor\meningioma (64).jpg,Brain Tumor MRI images/Tumor/meningioma (64).jpg,1,Tumor,MRI,978abd95694a18c08de179db0a88a10fb40614247de95f4dff4347fefc967a0f,1
C:\Users\dondo\OneDrive\Documents\ADBU CSE(AI & ML)\5th sem\Minor Project\Project Prototype\Brain-Tumor-Minor-Project\dataset\Brain Tumor MRI images\Tumor\meningioma (640).jpg,Brain Tumor MRI images/Tumor/meningioma (640).jpg,1,Tumor,MRI,2fe16af8c86ccf0f82009040f6607f615f4f0003e1b30e4d100401383bcb9ab1,1
C:\Users\dondo\OneDrive\Documents\ADBU CSE(AI & ML)\5th sem\Minor Project\Project Prototype\Brain-Tumor-Minor-Project\dataset\Brain Tumor MRI images\Tumor\meningioma (641).jpg,Brain Tumor MRI images/Tumor/meningioma (641).jpg,1,Tumor,MRI,2e8c8b9435f020b77e62863dae0c8cd7e041971c61a0ad721871cf1ca8feb445,2
C:\Users\dondo\OneDrive\Documents\ADBU CSE(AI & ML)\5th sem\Minor Project\Project Prototype\Brain-Tumor-Minor-Project\dataset\Brain Tumor MRI images\Tumor\meningioma (643).jpg,Brain Tumor MRI images/Tumor/meningioma (643).jpg,1,Tumor,MRI,e30247ee1a97f49c64072bc7a8ca18c32df4632fa95d7f00be80e9348b44eb18,1
C:\Users\dondo\OneDrive\Documents\ADBU CSE(AI & ML)\5th sem\Minor Project\Project Prototype\Brain-Tumor-Minor-Project\dataset\Brain Tumor MRI images\Tumor\meningioma (645).jpg,Brain Tumor MRI images/Tumor/meningioma (645).jpg,1,Tumor,MRI,096a71299d23979556a59288a27e4a4e635b327bfd834cba5e6750fa41af9ce5,1
C:\Users\dondo\OneDrive\Documents\ADBU CSE(AI & ML)\5th sem\Minor Project\Project Prototype\Brain-Tumor-Minor-Project\dataset\Brain Tumor MRI images\Tumor\meningioma (647).jpg,Brain Tumor MRI images/Tumor/meningioma (647).jpg,1,Tumor,MRI,7f55c8cff4a7d7d7e8cc7fc9d5fcb71062038b2ded5fc757f123a7369671a7e4,1
C:\Users\dondo\OneDrive\Documents\ADBU CSE(AI & ML)\5th sem\Minor Project\Project Prototype\Brain-Tumor-Minor-Project\dataset\Brain Tumor MRI images\Tumor\meningioma (65).jpg,Brain Tumor MRI images/Tumor/meningioma (65).jpg,1,Tumor,MRI,2b5fdb9c570375d981163301268129ac38b1ac6d254be006193902bedb0fc327,1
C:\Users\dondo\OneDrive\Documents\ADBU CSE(AI & ML)\5th sem\Minor Project\Project Prototype\Brain-Tumor-Minor-Project\dataset\Brain Tumor MRI images\Tumor\meningioma (650).jpg,Brain Tumor MRI images/Tumor/meningioma (650).jpg,1,Tumor,MRI,f4a79f8cb90580400e15427db931c9a0ccd3fd673c36660a32d0ce1ac247b32d,1
C:\Users\dondo\OneDrive\Documents\ADBU CSE(AI & ML)\5th sem\Minor Project\Project Prototype\Brain-Tumor-Minor-Project\dataset\Brain Tumor MRI images\Tumor\meningioma (652).jpg,Brain Tumor MRI images/Tumor/meningioma (652).jpg,1,Tumor,MRI,67c92195914e7d8bef83ec751c45fe77d604f745b68fb30c156bf16586d2c316,1
C:\Users\dondo\OneDrive\Documents\ADBU CSE(AI & ML)\5th sem\Minor Project\Project Prototype\Brain-Tumor-Minor-Project\dataset\Brain Tumor MRI images\Tumor\meningioma (653).jpg,Brain Tumor MRI images/Tumor/meningioma (653).jpg,1,Tumor,MRI,cc8b26d4a9a80752e4ef97485d80baf3b267c5c433b2fb10a76263c5739e90e4,1
C:\Users\dondo\OneDrive\Documents\ADBU CSE(AI & ML)\5th sem\Minor Project\Project Prototype\Brain-Tumor-Minor-Project\dataset\Brain Tumor MRI images\Tumor\meningioma (654).jpg,Brain Tumor MRI images/Tumor/meningioma (654).jpg,1,Tumor,MRI,8c25a0672cad6e9d14e518cd0e862d14c2ba392b5dd846628f1cf54274d44a78,1
C:\Users\dondo\OneDrive\Documents\ADBU CSE(AI & ML)\5th sem\Minor Project\Project Prototype\Brain-Tumor-Minor-Project\dataset\Brain Tumor MRI images\Tumor\meningioma (655).jpg,Brain Tumor MRI images/Tumor/meningioma (655).jpg,1,Tumor,MRI,83c0ea03e6df22e576862f92633326873610d09d6ae809dc51101361c30cbd5b,1
C:\Users\dondo\OneDrive\Documents\ADBU CSE(AI & ML)\5th sem\Minor Project\Project Prototype\Brain-Tumor-Minor-Project\dataset\Brain Tumor MRI images\Tumor\meningioma (656).jpg,Brain Tumor MRI images/Tumor/meningioma (656).jpg,1,Tumor,MRI,438647c81179c88e7520d137de9a02a33e3c6a9d5c0bfceddf7e6eff35932c16,1
C:\Users\dondo\OneDrive\Documents\ADBU CSE(AI & ML)\5th sem\Minor Project\Project Prototype\Brain-Tumor-Minor-Project\dataset\Brain Tumor MRI images\Tumor\meningioma (657).jpg,Brain Tumor MRI images/Tumor/meningioma (657).jpg,1,Tumor,MRI,4afc7487ff0c68939e292a814b66ea9569b24ac42df102b46e1541d30be6bddf,1
C:\Users\dondo\OneDrive\Documents\ADBU CSE(AI & ML)\5th sem\Minor Project\Project Prototype\Brain-Tumor-Minor-Project\dataset\Brain Tumor MRI images\Tumor\meningioma (659).jpg,Brain Tumor MRI images/Tumor/meningioma (659).jpg,1,Tumor,MRI,1dac0719eeeda301d57ebbd5f51f3a57b870511c186e52dab10d3e1558007b61,1
C:\Users\dondo\OneDrive\Documents\ADBU CSE(AI & ML)\5th sem\Minor Project\Project Prototype\Brain-Tumor-Minor-Project\dataset\Brain Tumor MRI images\Tumor\meningioma (662).jpg,Brain Tumor MRI images/Tumor/meningioma (662).jpg,1,Tumor,MRI,5de5efa467d352e4d9973e4ef1c9f6be45d10d96d5df9f8c68601022b9afeee5,1
C:\Users\dondo\OneDrive\Documents\ADBU CSE(AI & ML)\5th sem\Minor Project\Project Prototype\Brain-Tumor-Minor-Project\dataset\Brain Tumor MRI images\Tumor\meningioma (663).jpg,Brain Tumor MRI images/Tumor/meningioma (663).jpg,1,Tumor,MRI,3bca779dbc91127d9c9c3e2e370dd38467798d4523f326fd5598d09ba5180272,1
C:\Users\dondo\OneDrive\Documents\ADBU CSE(AI & ML)\5th sem\Minor Project\Project Prototype\Brain-Tumor-Minor-Project\dataset\Brain Tumor MRI images\Tumor\meningioma (664).jpg,Brain Tumor MRI images/Tumor/meningioma (664).jpg,1,Tumor,MRI,2bda9838a23ba3139a7c14f2f6c0f5f38c52667f44c7db445d1f243dbd33596c,1
C:\Users\dondo\OneDrive\Documents\ADBU CSE(AI & ML)\5th sem\Minor Project\Project Prototype\Brain-Tumor-Minor-Project\dataset\Brain Tumor MRI images\Tumor\meningioma (665).jpg,Brain Tumor MRI images/Tumor/meningioma (665).jpg,1,Tumor,MRI,4c6ecd9f395fa568c6ce75214407f48257389f76322fbcc57cad1c22ad158146,1
C:\Users\dondo\OneDrive\Documents\ADBU CSE(AI & ML)\5th sem\Minor Project\Project Prototype\Brain-Tumor-Minor-Project\dataset\Brain Tumor MRI images\Tumor\meningioma (666).jpg,Brain Tumor MRI images/Tumor/meningioma (666).jpg,1,Tumor,MRI,f3dc9b6a5a02dbbcd3222bc97598e0c18f9555579f44ffe87eea425f19951478,1
C:\Users\dondo\OneDrive\Documents\ADBU CSE(AI & ML)\5th sem\Minor Project\Project Prototype\Brain-Tumor-Minor-Project\dataset\Brain Tumor MRI images\Tumor\meningioma (667).jpg,Brain Tumor MRI images/Tumor/meningioma (667).jpg,1,Tumor,MRI,d0ca62624797c624dbbc805c8265d92161a948942a14282f4ad926499425d261,1
C:\Users\dondo\OneDrive\Documents\ADBU CSE(AI & ML)\5th sem\Minor Project\Project Prototype\Brain-Tumor-Minor-Project\dataset\Brain Tumor MRI images\Tumor\meningioma (668).jpg,Brain Tumor MRI images/Tumor/meningioma (668).jpg,1,Tumor,MRI,80f5eaaa241990e24d4498d6f4596270cbdbd0aa481bbb6c8e7031b378b6b86c,1
C:\Users\dondo\OneDrive\Documents\ADBU CSE(AI & ML)\5th sem\Minor Project\Project Prototype\Brain-Tumor-Minor-Project\dataset\Brain Tumor MRI images\Tumor\meningioma (669).jpg,Brain Tumor MRI images/Tumor/meningioma (669).jpg,1,Tumor,MRI,bd2349290bdf592322d98fd8669678eda88bd613e55c583455b18f269f672bf3,1
C:\Users\dondo\OneDrive\Documents\ADBU CSE(AI & ML)\5th sem\Minor Project\Project Prototype\Brain-Tumor-Minor-Project\dataset\Brain Tumor MRI images\Tumor\meningioma (670).jpg,Brain Tumor MRI images/Tumor/meningioma (670).jpg,1,Tumor,MRI,d9026eef935207837a377a7b44459ca3609de714d155d793332a934a0c5b0ce4,1
C:\Users\dondo\OneDrive\Documents\ADBU CSE(AI & ML)\5th sem\Minor Project\Project Prototype\Brain-Tumor-Minor-Project\dataset\Brain Tumor MRI images\Tumor\meningioma (672).jpg,Brain Tumor MRI images/Tumor/meningioma (672).jpg,1,Tumor,MRI,27886693e9a8ff62235e05cdb7cf5630ca6885dd908d455037a9b2467a572e78,1
C:\Users\dondo\OneDrive\Documents\ADBU CSE(AI & ML)\5th sem\Minor Project\Project Prototype\Brain-Tumor-Minor-Project\dataset\Brain Tumor MRI images\Tumor\meningioma (674).jpg,Brain Tumor MRI images/Tumor/meningioma (674).jpg,1,Tumor,MRI,79b684542444ff01e11ba0e26c7a9e5d5d56fa191b0e6db36fee1d63d86d3379,1
C:\Users\dondo\OneDrive\Documents\ADBU CSE(AI & ML)\5th sem\Minor Project\Project Prototype\Brain-Tumor-Minor-Project\dataset\Brain Tumor MRI images\Tumor\meningioma (675).jpg,Brain Tumor MRI images/Tumor/meningioma (675).jpg,1,Tumor,MRI,4ebde6861ab4ceaa9d56ddd0d9261f4e7cd905c26e4aafea92c3d8147e5c82ce,1
C:\Users\dondo\OneDrive\Documents\ADBU CSE(AI & ML)\5th sem\Minor Project\Project Prototype\Brain-Tumor-Minor-Project\dataset\Brain Tumor MRI images\Tumor\meningioma (676).jpg,Brain Tumor MRI images/Tumor/meningioma (676).jpg,1,Tumor,MRI,6ad6c56fa94c74cff079e74df3d22562d1d312ee077a24055ab3102cc9c394f6,1
C:\Users\dondo\OneDrive\Documents\ADBU CSE(AI & ML)\5th sem\Minor Project\Project Prototype\Brain-Tumor-Minor-Project\dataset\Brain Tumor MRI images\Tumor\meningioma (677).jpg,Brain Tumor MRI images/Tumor/meningioma (677).jpg,1,Tumor,MRI,73e884dca166ce8ca228ceea2502112e52416182f8afe0fe19b2d6434a5ada81,1
C:\Users\dondo\OneDrive\Documents\ADBU CSE(AI & ML)\5th sem\Minor Project\Project Prototype\Brain-Tumor-Minor-Project\dataset\Brain Tumor MRI images\Tumor\meningioma (678).jpg,Brain Tumor MRI images/Tumor/meningioma (678).jpg,1,Tumor,MRI,ec4dc3aa9671de771ae9bcee0a3cb9e42c9c32c294bfee015698f2d6221d2894,1
C:\Users\dondo\OneDrive\Documents\ADBU CSE(AI & ML)\5th sem\Minor Project\Project Prototype\Brain-Tumor-Minor-Project\dataset\Brain Tumor MRI images\Tumor\meningioma (68).jpg,Brain Tumor MRI images/Tumor/meningioma (68).jpg,1,Tumor,MRI,5ff74ba44952758ccf278d9f8bec702899a096509cc4515c3c5c2559b0b7dc9e,1
C:\Users\dondo\OneDrive\Documents\ADBU CSE(AI & ML)\5th sem\Minor Project\Project Prototype\Brain-Tumor-Minor-Project\dataset\Brain Tumor MRI images\Tumor\meningioma (680).jpg,Brain Tumor MRI images/Tumor/meningioma (680).jpg,1,Tumor,MRI,2359dcd38d9b0ed9a541c2f0404f4c85406d416aa3c0c816948782b5368999d8,1
C:\Users\dondo\OneDrive\Documents\ADBU CSE(AI & ML)\5th sem\Minor Project\Project Prototype\Brain-Tumor-Minor-Project\dataset\Brain Tumor MRI images\Tumor\meningioma (682).jpg,Brain Tumor MRI images/Tumor/meningioma (682).jpg,1,Tumor,MRI,4b9deeb764ea7f9ea80a3b49cc1eecb3bcc06efb293f02afe45d6eb3e4e6d878,1
C:\Users\dondo\OneDrive\Documents\ADBU CSE(AI & ML)\5th sem\Minor Project\Project Prototype\Brain-Tumor-Minor-Project\dataset\Brain Tumor MRI images\Tumor\meningioma (683).jpg,Brain Tumor MRI images/Tumor/meningioma (683).jpg,1,Tumor,MRI,71bc130ffb0d1135fa8f9925abd4372b7eedd936d237579152cf0b99543729bd,1
C:\Users\dondo\OneDrive\Documents\ADBU CSE(AI & ML)\5th sem\Minor Project\Project Prototype\Brain-Tumor-Minor-Project\dataset\Brain Tumor MRI images\Tumor\meningioma (684).jpg,Brain Tumor MRI images/Tumor/meningioma (684).jpg,1,Tumor,MRI,310bd5b770ee4a60c3f2d2f877ae58a14d1b2e5f021083b7baa68368873b9188,1
C:\Users\dondo\OneDrive\Documents\ADBU CSE(AI & ML)\5th sem\Minor Project\Project Prototype\Brain-Tumor-Minor-Project\dataset\Brain Tumor MRI images\Tumor\meningioma (686).jpg,Brain Tumor MRI images/Tumor/meningioma (686).jpg,1,Tumor,MRI,d48805ad7235adbcf79dbb058952e4d7d6cbebb0fd6b46dcc739844ad1e6d412,1
C:\Users\dondo\OneDrive\Documents\ADBU CSE(AI & ML)\5th sem\Minor Project\Project Prototype\Brain-Tumor-Minor-Project\dataset\Brain Tumor MRI images\Tumor\meningioma (687).jpg,Brain Tumor MRI images/Tumor/meningioma (687).jpg,1,Tumor,MRI,a3d2eb93b30895def97bea1e11c1e53c408b374adac3793059dbd69081b66cd2,1
C:\Users\dondo\OneDrive\Documents\ADBU CSE(AI & ML)\5th sem\Minor Project\Project Prototype\Brain-Tumor-Minor-Project\dataset\Brain Tumor MRI images\Tumor\meningioma (688).jpg,Brain Tumor MRI images/Tumor/meningioma (688).jpg,1,Tumor,MRI,e48ffd8812fc61defd975a8e8390b75e7a6046fda1b5e6eea23902cbb6528912,1
C:\Users\dondo\OneDrive\Documents\ADBU CSE(AI & ML)\5th sem\Minor Project\Project Prototype\Brain-Tumor-Minor-Project\dataset\Brain Tumor MRI images\Tumor\meningioma (691).jpg,Brain Tumor MRI images/Tumor/meningioma (691).jpg,1,Tumor,MRI,16ea92cff041aa36bdc8900ca463eb0c3ea9d36a98612ce0d4d1ee44b1604dd3,1
C:\Users\dondo\OneDrive\Documents\ADBU CSE(AI & ML)\5th sem\Minor Project\Project Prototype\Brain-Tumor-Minor-Project\dataset\Brain Tumor MRI images\Tumor\meningioma (693).jpg,Brain Tumor MRI images/Tumor/meningioma (693).jpg,1,Tumor,MRI,f5948b999447ac4052226592d568a844796996cc837999561c7450064e6c6fab,1
C:\Users\dondo\OneDrive\Documents\ADBU CSE(AI & ML)\5th sem\Minor Project\Project Prototype\Brain-Tumor-Minor-Project\dataset\Brain Tumor MRI images\Tumor\meningioma (694).jpg,Brain Tumor MRI images/Tumor/meningioma (694).jpg,1,Tumor,MRI,b220dd90dbe4c9d0cdae20177ce359a2c75051776ffcda03e0fc733acbb4294e,1
C:\Users\dondo\OneDrive\Documents\ADBU CSE(AI & ML)\5th sem\Minor Project\Project Prototype\Brain-Tumor-Minor-Project\dataset\Brain Tumor MRI images\Tumor\meningioma (695).jpg,Brain Tumor MRI images/Tumor/meningioma (695).jpg,1,Tumor,MRI,638655775ea13ff7190b234f0456301734a36cb1c8c5549245569568262506ae,1
C:\Users\dondo\OneDrive\Documents\ADBU CSE(AI & ML)\5th sem\Minor Project\Project Prototype\Brain-Tumor-Minor-Project\dataset\Brain Tumor MRI images\Tumor\meningioma (696).jpg,Brain Tumor MRI images/Tumor/meningioma (696).jpg,1,Tumor,MRI,de03dd91e968c4fcf2f1776a2450d89bd1519fa041dee27b25378e10098b9cc8,1
C:\Users\dondo\OneDrive\Documents\ADBU CSE(AI & ML)\5th sem\Minor Project\Project Prototype\Brain-Tumor-Minor-Project\dataset\Brain Tumor MRI images\Tumor\meningioma (698).jpg,Brain Tumor MRI images/Tumor/meningioma (698).jpg,1,Tumor,MRI,7df073d47a7c96089d4e53bc588746a13cb0ea32b9b1c7b953d6a6aca7c0e307,1
C:\Users\dondo\OneDrive\Documents\ADBU CSE(AI & ML)\5th sem\Minor Project\Project Prototype\Brain-Tumor-Minor-Project\dataset\Brain Tumor MRI images\Tumor\meningioma (7).jpg,Brain Tumor MRI images/Tumor/meningioma (7).jpg,1,Tumor,MRI,3f192bdddb0c0fd43463a3d78b7219fdb3fe646a57650c35d57ebe6f91f43e27,1
C:\Users\dondo\OneDrive\Documents\ADBU CSE(AI & ML)\5th sem\Minor Project\Project Prototype\Brain-Tumor-Minor-Project\dataset\Brain Tumor MRI images\Tumor\meningioma (70).jpg,Brain Tumor MRI images/Tumor/meningioma (70).jpg,1,Tumor,MRI,7b9bf143fe2ed590efb2987955650fdcb41bae6e75e96b7e7434b24cd8f4ad36,1
C:\Users\dondo\OneDrive\Documents\ADBU CSE(AI & ML)\5th sem\Minor Project\Project Prototype\Brain-Tumor-Minor-Project\dataset\Brain Tumor MRI images\Tumor\meningioma (700).jpg,Brain Tumor MRI images/Tumor/meningioma (700).jpg,1,Tumor,MRI,7d6b4ea3e779281c74b3ce672d4d6c3ee80dfa72908600db73391987a7b1448c,1
C:\Users\dondo\OneDrive\Documents\ADBU CSE(AI & ML)\5th sem\Minor Project\Project Prototype\Brain-Tumor-Minor-Project\dataset\Brain Tumor MRI images\Tumor\meningioma (701).jpg,Brain Tumor MRI images/Tumor/meningioma (701).jpg,1,Tumor,MRI,d8b2b5f7b38516a6b1fb2994754965fed790555367ad4b61fb5436d94662b146,1
C:\Users\dondo\OneDrive\Documents\ADBU CSE(AI & ML)\5th sem\Minor Project\Project Prototype\Brain-Tumor-Minor-Project\dataset\Brain Tumor MRI images\Tumor\meningioma (703).jpg,Brain Tumor MRI images/Tumor/meningioma (703).jpg,1,Tumor,MRI,fd53a37128e7872f9b89821c576a42053a297c54308ad3e1f8775f3803a07910,1
C:\Users\dondo\OneDrive\Documents\ADBU CSE(AI & ML)\5th sem\Minor Project\Project Prototype\Brain-Tumor-Minor-Project\dataset\Brain Tumor MRI images\Tumor\meningioma (706).jpg,Brain Tumor MRI images/Tumor/meningioma (706).jpg,1,Tumor,MRI,340f5dcfa1d472af9c22ed603958ab0a515918186d1481052c24ded18e2cb857,1
C:\Users\dondo\OneDrive\Documents\ADBU CSE(AI & ML)\5th sem\Minor Project\Project Prototype\Brain-Tumor-Minor-Project\dataset\Brain Tumor MRI images\Tumor\meningioma (707).jpg,Brain Tumor MRI images/Tumor/meningioma (707).jpg,1,Tumor,MRI,d286310c512126f086f6986a5bbb8ff2def23fea2ccf3ecab4df404049c24c49,1
C:\Users\dondo\OneDrive\Documents\ADBU CSE(AI & ML)\5th sem\Minor Project\Project Prototype\Brain-Tumor-Minor-Project\dataset\Brain Tumor MRI images\Tumor\meningioma (708).jpg,Brain Tumor MRI images/Tumor/meningioma (708).jpg,1,Tumor,MRI,37131ccc372db1e0d7a2e36b3e18a05eef3f4b221c15438a4c9254af6bab55a8,1
C:\Users\dondo\OneDrive\Documents\ADBU CSE(AI & ML)\5th sem\Minor Project\Project Prototype\Brain-Tumor-Minor-Project\dataset\Brain Tumor MRI images\Tumor\meningioma (709).jpg,Brain Tumor MRI images/Tumor/meningioma (709).jpg,1,Tumor,MRI,b6fef05024e23ef32ff095801bf0fc10fb771b84ea827aa28c62ed8a28b6e5dd,1
C:\Users\dondo\OneDrive\Documents\ADBU CSE(AI & ML)\5th sem\Minor Project\Project Prototype\Brain-Tumor-Minor-Project\dataset\Brain Tumor MRI images\Tumor\meningioma (711).jpg,Brain Tumor MRI images/Tumor/meningioma (711).jpg,1,Tumor,MRI,654b063af7ca85fa547ea0a8049e2a6788d0106214792e18a1007ffdf51b6ac2,1
C:\Users\dondo\OneDrive\Documents\ADBU CSE(AI & ML)\5th sem\Minor Project\Project Prototype\Brain-Tumor-Minor-Project\dataset\Brain Tumor MRI images\Tumor\meningioma (713).jpg,Brain Tumor MRI images/Tumor/meningioma (713).jpg,1,Tumor,MRI,bc7e4d7e37be9262685c135b88e48af376ccac86e9fbd73e6e12d028c54ac736,1
C:\Users\dondo\OneDrive\Documents\ADBU CSE(AI & ML)\5th sem\Minor Project\Project Prototype\Brain-Tumor-Minor-Project\dataset\Brain Tumor MRI images\Tumor\meningioma (714).jpg,Brain Tumor MRI images/Tumor/meningioma (714).jpg,1,Tumor,MRI,e268b352fabfcbc8cd3c24d9d0727ef7dfd2d0d4cfd2496615d96993d2b65c0a,1
C:\Users\dondo\OneDrive\Documents\ADBU CSE(AI & ML)\5th sem\Minor Project\Project Prototype\Brain-Tumor-Minor-Project\dataset\Brain Tumor MRI images\Tumor\meningioma (715).jpg,Brain Tumor MRI images/Tumor/meningioma (715).jpg,1,Tumor,MRI,c8d1ee7fb1e449d0f571b5a2c05f814050496e645c799120a54881c525297242,1
C:\Users\dondo\OneDrive\Documents\ADBU CSE(AI & ML)\5th sem\Minor Project\Project Prototype\Brain-Tumor-Minor-Project\dataset\Brain Tumor MRI images\Tumor\meningioma (719).jpg,Brain Tumor MRI images/Tumor/meningioma (719).jpg,1,Tumor,MRI,9a53f436722e2b022885fff3bc702fc111f9fa8ecdd03ed4b308817d9fb762ea,1
C:\Users\dondo\OneDrive\Documents\ADBU CSE(AI & ML)\5th sem\Minor Project\Project Prototype\Brain-Tumor-Minor-Project\dataset\Brain Tumor MRI images\Tumor\meningioma (72).jpg,Brain Tumor MRI images/Tumor/meningioma (72).jpg,1,Tumor,MRI,c2815db429cd27cc963294ce49469d53dd4047f9425b30622aa4b649b184053c,1
C:\Users\dondo\OneDrive\Documents\ADBU CSE(AI & ML)\5th sem\Minor Project\Project Prototype\Brain-Tumor-Minor-Project\dataset\Brain Tumor MRI images\Tumor\meningioma (720).jpg,Brain Tumor MRI images/Tumor/meningioma (720).jpg,1,Tumor,MRI,501e74d398fcf0d8ce1f4e42b8922b9a838ffe623b47ee602e677e46e73261c2,1
C:\Users\dondo\OneDrive\Documents\ADBU CSE(AI & ML)\5th sem\Minor Project\Project Prototype\Brain-Tumor-Minor-Project\dataset\Brain Tumor MRI images\Tumor\meningioma (721).jpg,Brain Tumor MRI images/Tumor/meningioma (721).jpg,1,Tumor,MRI,1086c7dca83daf3941d1925a92050cd7c81a9684e5bed1e2c6244ef8f5ade890,1
C:\Users\dondo\OneDrive\Documents\ADBU CSE(AI & ML)\5th sem\Minor Project\Project Prototype\Brain-Tumor-Minor-Project\dataset\Brain Tumor MRI images\Tumor\meningioma (725).jpg,Brain Tumor MRI images/Tumor/meningioma (725).jpg,1,Tumor,MRI,76b7cbe58061f9dc24fd7226e16588b515b88173ed29784af02e77ecacc91c92,1
C:\Users\dondo\OneDrive\Documents\ADBU CSE(AI & ML)\5th sem\Minor Project\Project Prototype\Brain-Tumor-Minor-Project\dataset\Brain Tumor MRI images\Tumor\meningioma (728).jpg,Brain Tumor MRI images/Tumor/meningioma (728).jpg,1,Tumor,MRI,2f1304cf9d2c951e3afa6a35e6b5875cd99806d13076f27d17f8e1c47ce14bf7,1
C:\Users\dondo\OneDrive\Documents\ADBU CSE(AI & ML)\5th sem\Minor Project\Project Prototype\Brain-Tumor-Minor-Project\dataset\Brain Tumor MRI images\Tumor\meningioma (729).jpg,Brain Tumor MRI images/Tumor/meningioma (729).jpg,1,Tumor,MRI,1af0553c2b9d4357df9beda146ab27d30f0f18856e9d6fd692e37ac679ff0dad,1
C:\Users\dondo\OneDrive\Documents\ADBU CSE(AI & ML)\5th sem\Minor Project\Project Prototype\Brain-Tumor-Minor-Project\dataset\Brain Tumor MRI images\Tumor\meningioma (73).jpg,Brain Tumor MRI images/Tumor/meningioma (73).jpg,1,Tumor,MRI,cb493a0f4351267f8fb34d64b163199bbbf0f62c4867a136059ef6f7f81b0b43,1
C:\Users\dondo\OneDrive\Documents\ADBU CSE(AI & ML)\5th sem\Minor Project\Project Prototype\Brain-Tumor-Minor-Project\dataset\Brain Tumor MRI images\Tumor\meningioma (733).jpg,Brain Tumor MRI images/Tumor/meningioma (733).jpg,1,Tumor,MRI,441e6451f34cdd8909e30402dfe47cc8226cda31146c4bf75eeca653f20347c2,1
C:\Users\dondo\OneDrive\Documents\ADBU CSE(AI & ML)\5th sem\Minor Project\Project Prototype\Brain-Tumor-Minor-Project\dataset\Brain Tumor MRI images\Tumor\meningioma (734).jpg,Brain Tumor MRI images/Tumor/meningioma (734).jpg,1,Tumor,MRI,4601929105e3745939053ab08b2256edf6e76ea3af04a7e0da89cddd09ec3808,1
C:\Users\dondo\OneDrive\Documents\ADBU CSE(AI & ML)\5th sem\Minor Project\Project Prototype\Brain-Tumor-Minor-Project\dataset\Brain Tumor MRI images\Tumor\meningioma (737).jpg,Brain Tumor MRI images/Tumor/meningioma (737).jpg,1,Tumor,MRI,7f3ea83bd56c397cc503f45d9d7bbb97416298fbf47fd6c7ef5bc79726e305b9,1
C:\Users\dondo\OneDrive\Documents\ADBU CSE(AI & ML)\5th sem\Minor Project\Project Prototype\Brain-Tumor-Minor-Project\dataset\Brain Tumor MRI images\Tumor\meningioma (738).jpg,Brain Tumor MRI images/Tumor/meningioma (738).jpg,1,Tumor,MRI,c2dcce03a0273ceb9efb44756c08369462c24b060a8f6118a3660d609361f967,1
C:\Users\dondo\OneDrive\Documents\ADBU CSE(AI & ML)\5th sem\Minor Project\Project Prototype\Brain-Tumor-Minor-Project\dataset\Brain Tumor MRI images\Tumor\meningioma (740).jpg,Brain Tumor MRI images/Tumor/meningioma (740).jpg,1,Tumor,MRI,4bd268e014ddc78844d04721187027e70dd86562597ff9f1fe42b321b14c9e6d,1
C:\Users\dondo\OneDrive\Documents\ADBU CSE(AI & ML)\5th sem\Minor Project\Project Prototype\Brain-Tumor-Minor-Project\dataset\Brain Tumor MRI images\Tumor\meningioma (742).jpg,Brain Tumor MRI images/Tumor/meningioma (742).jpg,1,Tumor,MRI,b510cb57aa8f236d5a3ef54db2a231b5dd5d36c39b4e13064f4f260290bc0c34,1
C:\Users\dondo\OneDrive\Documents\ADBU CSE(AI & ML)\5th sem\Minor Project\Project Prototype\Brain-Tumor-Minor-Project\dataset\Brain Tumor MRI images\Tumor\meningioma (744).jpg,Brain Tumor MRI images/Tumor/meningioma (744).jpg,1,Tumor,MRI,6605a29df18c55734780550f791f3325f3d6b54731bb9a2296ecafd16dda16f8,1
C:\Users\dondo\OneDrive\Documents\ADBU CSE(AI & ML)\5th sem\Minor Project\Project Prototype\Brain-Tumor-Minor-Project\dataset\Brain Tumor MRI images\Tumor\meningioma (746).jpg,Brain Tumor MRI images/Tumor/meningioma (746).jpg,1,Tumor,MRI,85d30e84d240fdc0fc70f445ec06b95425ab7094f675a47436c9ecc092a48caf,1
C:\Users\dondo\OneDrive\Documents\ADBU CSE(AI & ML)\5th sem\Minor Project\Project Prototype\Brain-Tumor-Minor-Project\dataset\Brain Tumor MRI images\Tumor\meningioma (748).jpg,Brain Tumor MRI images/Tumor/meningioma (748).jpg,1,Tumor,MRI,119b86d139f85b9c5892d6a38c06c6b2e22bb50b4ef4a2724db329a48159b321,1
C:\Users\dondo\OneDrive\Documents\ADBU CSE(AI & ML)\5th sem\Minor Project\Project Prototype\Brain-Tumor-Minor-Project\dataset\Brain Tumor MRI images\Tumor\meningioma (749).jpg,Brain Tumor MRI images/Tumor/meningioma (749).jpg,1,Tumor,MRI,692cbd1eae348cb287821ef24b66d023f1c815043e117aabbad48c824144ff9c,1
C:\Users\dondo\OneDrive\Documents\ADBU CSE(AI & ML)\5th sem\Minor Project\Project Prototype\Brain-Tumor-Minor-Project\dataset\Brain Tumor MRI images\Tumor\meningioma (75).jpg,Brain Tumor MRI images/Tumor/meningioma (75).jpg,1,Tumor,MRI,1b282253eda33e874621802532b8b94bbf80d6b6181f581b7b4a08e346b0d4e8,1
C:\Users\dondo\OneDrive\Documents\ADBU CSE(AI & ML)\5th sem\Minor Project\Project Prototype\Brain-Tumor-Minor-Project\dataset\Brain Tumor MRI images\Tumor\meningioma (750).jpg,Brain Tumor MRI images/Tumor/meningioma (750).jpg,1,Tumor,MRI,3aa3a9458c4ca5e9e0d14fdba091308f693fa15c3eb0910acb7986afa05f6cc6,1
C:\Users\dondo\OneDrive\Documents\ADBU CSE(AI & ML)\5th sem\Minor Project\Project Prototype\Brain-Tumor-Minor-Project\dataset\Brain Tumor MRI images\Tumor\meningioma (751).jpg,Brain Tumor MRI images/Tumor/meningioma (751).jpg,1,Tumor,MRI,f6493be4ab2954e1385461f4d0561e8e80b4161d5c566eff3c0bf2346e3908de,1
C:\Users\dondo\OneDrive\Documents\ADBU CSE(AI & ML)\5th sem\Minor Project\Project Prototype\Brain-Tumor-Minor-Project\dataset\Brain Tumor MRI images\Tumor\meningioma (753).jpg,Brain Tumor MRI images/Tumor/meningioma (753).jpg,1,Tumor,MRI,cee49c1690819e934f01ccea85ece5f94655698dead79a4fef32f829cb6de4ed,1
C:\Users\dondo\OneDrive\Documents\ADBU CSE(AI & ML)\5th sem\Minor Project\Project Prototype\Brain-Tumor-Minor-Project\dataset\Brain Tumor MRI images\Tumor\meningioma (754).jpg,Brain Tumor MRI images/Tumor/meningioma (754).jpg,1,Tumor,MRI,a48b32f87bf1478cc0aa4ffee2436708b2910793e10ffd2b8bedfcb6828d17b5,1
C:\Users\dondo\OneDrive\Documents\ADBU CSE(AI & ML)\5th sem\Minor Project\Project Prototype\Brain-Tumor-Minor-Project\dataset\Brain Tumor MRI images\Tumor\meningioma (755).jpg,Brain Tumor MRI images/Tumor/meningioma (755).jpg,1,Tumor,MRI,7c4293b5d77990da0172e15dc5fcee2e494280fcbe76345d4c8323f09dbb9d57,1
C:\Users\dondo\OneDrive\Documents\ADBU CSE(AI & ML)\5th sem\Minor Project\Project Prototype\Brain-Tumor-Minor-Project\dataset\Brain Tumor MRI images\Tumor\meningioma (758).jpg,Brain Tumor MRI images/Tumor/meningioma (758).jpg,1,Tumor,MRI,dc76c2a7eeaab32aade427c26c34f60d95a3ee8b49fbe2f92bc4093e57b9e7bd,1
C:\Users\dondo\OneDrive\Documents\ADBU CSE(AI & ML)\5th sem\Minor Project\Project Prototype\Brain-Tumor-Minor-Project\dataset\Brain Tumor MRI images\Tumor\meningioma (759).jpg,Brain Tumor MRI images/Tumor/meningioma (759).jpg,1,Tumor,MRI,38e7fa2b5aaf5402617f3c46da8b3560bc8943410f3b3ba72cb9617453bcd993,1
C:\Users\dondo\OneDrive\Documents\ADBU CSE(AI & ML)\5th sem\Minor Project\Project Prototype\Brain-Tumor-Minor-Project\dataset\Brain Tumor MRI images\Tumor\meningioma (76).jpg,Brain Tumor MRI images/Tumor/meningioma (76).jpg,1,Tumor,MRI,ea67c32a94773232121b099131f17924643de6d2f3a6e5de18897de0c03f17bd,1
C:\Users\dondo\OneDrive\Documents\ADBU CSE(AI & ML)\5th sem\Minor Project\Project Prototype\Brain-Tumor-Minor-Project\dataset\Brain Tumor MRI images\Tumor\meningioma (760).jpg,Brain Tumor MRI images/Tumor/meningioma (760).jpg,1,Tumor,MRI,fe803b5ddd1d1186888fdab9bacd751b0d61432759cdc63f9875182233901603,1
C:\Users\dondo\OneDrive\Documents\ADBU CSE(AI & ML)\5th sem\Minor Project\Project Prototype\Brain-Tumor-Minor-Project\dataset\Brain Tumor MRI images\Tumor\meningioma (761).jpg,Brain Tumor MRI images/Tumor/meningioma (761).jpg,1,Tumor,MRI,16620fc1f6de3c12a84c8a902864b1846c32fc286b20dcb9b7408b3ab2c643d8,1
C:\Users\dondo\OneDrive\Documents\ADBU CSE(AI & ML)\5th sem\Minor Project\Project Prototype\Brain-Tumor-Minor-Project\dataset\Brain Tumor MRI images\Tumor\meningioma (762).jpg,Brain Tumor MRI images/Tumor/meningioma (762).jpg,1,Tumor,MRI,e44f34fee292dbb3cef21fdf206cd743f63e5192a186f452f8f62646016c4590,1
C:\Users\dondo\OneDrive\Documents\ADBU CSE(AI & ML)\5th sem\Minor Project\Project Prototype\Brain-Tumor-Minor-Project\dataset\Brain Tumor MRI images\Tumor\meningioma (763).jpg,Brain Tumor MRI images/Tumor/meningioma (763).jpg,1,Tumor,MRI,82bf30f50a82b6e3e92d5a009d3550e300dc8dfd3540c118e571143bca5cfb19,1
C:\Users\dondo\OneDrive\Documents\ADBU CSE(AI & ML)\5th sem\Minor Project\Project Prototype\Brain-Tumor-Minor-Project\dataset\Brain Tumor MRI images\Tumor\meningioma (764).jpg,Brain Tumor MRI images/Tumor/meningioma (764).jpg,1,Tumor,MRI,015c4d14fd8b36b1ea0e09dc4b2f2b08efafbd2a0e972e3235ccac8c1172c410,1
C:\Users\dondo\OneDrive\Documents\ADBU CSE(AI & ML)\5th sem\Minor Project\Project Prototype\Brain-Tumor-Minor-Project\dataset\Brain Tumor MRI images\Tumor\meningioma (766).jpg,Brain Tumor MRI images/Tumor/meningioma (766).jpg,1,Tumor,MRI,6b91f8c560deddd1a5868970ebdad510a04e43dd3ef97238f9dbf0e18adddf0a,1
C:\Users\dondo\OneDrive\Documents\ADBU CSE(AI & ML)\5th sem\Minor Project\Project Prototype\Brain-Tumor-Minor-Project\dataset\Brain Tumor MRI images\Tumor\meningioma (769).jpg,Brain Tumor MRI images/Tumor/meningioma (769).jpg,1,Tumor,MRI,fad49d52df1e9678579415f5c1e8178b7380cef12522407ca00f86214ef36447,1
C:\Users\dondo\OneDrive\Documents\ADBU CSE(AI & ML)\5th sem\Minor Project\Project Prototype\Brain-Tumor-Minor-Project\dataset\Brain Tumor MRI images\Tumor\meningioma (770).jpg,Brain Tumor MRI images/Tumor/meningioma (770).jpg,1,Tumor,MRI,163d7b7c09379d25bc94a889f388f6d0ede0b4c1680c42c7b3b435fa6a79e3f6,1
C:\Users\dondo\OneDrive\Documents\ADBU CSE(AI & ML)\5th sem\Minor Project\Project Prototype\Brain-Tumor-Minor-Project\dataset\Brain Tumor MRI images\Tumor\meningioma (771).jpg,Brain Tumor MRI images/Tumor/meningioma (771).jpg,1,Tumor,MRI,3465bbdd38c6ea5c29bbeffc92943edca24bde3eaae129cbbb92c03d92c9f6b0,1
C:\Users\dondo\OneDrive\Documents\ADBU CSE(AI & ML)\5th sem\Minor Project\Project Prototype\Brain-Tumor-Minor-Project\dataset\Brain Tumor MRI images\Tumor\meningioma (772).jpg,Brain Tumor MRI images/Tumor/meningioma (772).jpg,1,Tumor,MRI,45664b1e06d020534bd193881dec7aa1150be23a3c2b056a68b840b6d4514d6b,1
C:\Users\dondo\OneDrive\Documents\ADBU CSE(AI & ML)\5th sem\Minor Project\Project Prototype\Brain-Tumor-Minor-Project\dataset\Brain Tumor MRI images\Tumor\meningioma (774).jpg,Brain Tumor MRI images/Tumor/meningioma (774).jpg,1,Tumor,MRI,e30a4d47b51d2fc90ab40470acf78b4b13fe95fbcbc4b02ebc74cae3e52ca117,1
C:\Users\dondo\OneDrive\Documents\ADBU CSE(AI & ML)\5th sem\Minor Project\Project Prototype\Brain-Tumor-Minor-Project\dataset\Brain Tumor MRI images\Tumor\meningioma (775).jpg,Brain Tumor MRI images/Tumor/meningioma (775).jpg,1,Tumor,MRI,159352c7c39e4276e52964038c79a4f4e17061a8f999ba3e4c7a1aefa907101f,1
C:\Users\dondo\OneDrive\Documents\ADBU CSE(AI & ML)\5th sem\Minor Project\Project Prototype\Brain-Tumor-Minor-Project\dataset\Brain Tumor MRI images\Tumor\meningioma (776).jpg,Brain Tumor MRI images/Tumor/meningioma (776).jpg,1,Tumor,MRI,5aead9340ec19db40513af7c4783187e668b27542cc41e5763e2e4c39d2a1c55,1
C:\Users\dondo\OneDrive\Documents\ADBU CSE(AI & ML)\5th sem\Minor Project\Project Prototype\Brain-Tumor-Minor-Project\dataset\Brain Tumor MRI images\Tumor\meningioma (777).jpg,Brain Tumor MRI images/Tumor/meningioma (777).jpg,1,Tumor,MRI,7515696de5c536697c092a823f3804f5e3e614420c9905c2d5a5fa1db747100e,1
C:\Users\dondo\OneDrive\Documents\ADBU CSE(AI & ML)\5th sem\Minor Project\Project Prototype\Brain-Tumor-Minor-Project\dataset\Brain Tumor MRI images\Tumor\meningioma (779).jpg,Brain Tumor MRI images/Tumor/meningioma (779).jpg,1,Tumor,MRI,4c941b80d63098bf519de537290c886ad0015cfacad9aa76a71e8e0413d3dc06,1
C:\Users\dondo\OneDrive\Documents\ADBU CSE(AI & ML)\5th sem\Minor Project\Project Prototype\Brain-Tumor-Minor-Project\dataset\Brain Tumor MRI images\Tumor\meningioma (78).jpg,Brain Tumor MRI images/Tumor/meningioma (78).jpg,1,Tumor,MRI,a05a2ef70f765d2f8b7f988c420cf25b9bbb77df0bf027d1c845a21e380440b9,1
C:\Users\dondo\OneDrive\Documents\ADBU CSE(AI & ML)\5th sem\Minor Project\Project Prototype\Brain-Tumor-Minor-Project\dataset\Brain Tumor MRI images\Tumor\meningioma (780).jpg,Brain Tumor MRI images/Tumor/meningioma (780).jpg,1,Tumor,MRI,859473fb77ef1f2e7c54cdbc7418935457ae359d3522060acad156a2234b1519,1
C:\Users\dondo\OneDrive\Documents\ADBU CSE(AI & ML)\5th sem\Minor Project\Project Prototype\Brain-Tumor-Minor-Project\dataset\Brain Tumor MRI images\Tumor\meningioma (782).jpg,Brain Tumor MRI images/Tumor/meningioma (782).jpg,1,Tumor,MRI,1b398818dd5bba77d0e34b0fbde9e154428f45b280f6f158c10e607be60d0cde,1
C:\Users\dondo\OneDrive\Documents\ADBU CSE(AI & ML)\5th sem\Minor Project\Project Prototype\Brain-Tumor-Minor-Project\dataset\Brain Tumor MRI images\Tumor\meningioma (783).jpg,Brain Tumor MRI images/Tumor/meningioma (783).jpg,1,Tumor,MRI,dfc7831dab4ba25ca458348e5ec80e82edb0718a3bd69cba1f385b53c838da5d,1
C:\Users\dondo\OneDrive\Documents\ADBU CSE(AI & ML)\5th sem\Minor Project\Project Prototype\Brain-Tumor-Minor-Project\dataset\Brain Tumor MRI images\Tumor\meningioma (785).jpg,Brain Tumor MRI images/Tumor/meningioma (785).jpg,1,Tumor,MRI,36c8b4165a4bcfd81e94787a128c094c056afeb71e509b6a7041ea04a1ecf9b7,1
C:\Users\dondo\OneDrive\Documents\ADBU CSE(AI & ML)\5th sem\Minor Project\Project Prototype\Brain-Tumor-Minor-Project\dataset\Brain Tumor MRI images\Tumor\meningioma (788).jpg,Brain Tumor MRI images/Tumor/meningioma (788).jpg,1,Tumor,MRI,591610faf01b514debfc759651aa96e030b04f3780f8f7610e0b637e7d8b59fc,1
C:\Users\dondo\OneDrive\Documents\ADBU CSE(AI & ML)\5th sem\Minor Project\Project Prototype\Brain-Tumor-Minor-Project\dataset\Brain Tumor MRI images\Tumor\meningioma (791).jpg,Brain Tumor MRI images/Tumor/meningioma (791).jpg,1,Tumor,MRI,c5f871e613482c00eb16b84eb4a443cafd1da8be49fa5bcadbf08a657c79b7d9,1
C:\Users\dondo\OneDrive\Documents\ADBU CSE(AI & ML)\5th sem\Minor Project\Project Prototype\Brain-Tumor-Minor-Project\dataset\Brain Tumor MRI images\Tumor\meningioma (796).jpg,Brain Tumor MRI images/Tumor/meningioma (796).jpg,1,Tumor,MRI,0b5311a24fa1298914c85db00e75ad25f264c86f6d358e88728c504fad70fa9b,1
C:\Users\dondo\OneDrive\Documents\ADBU CSE(AI & ML)\5th sem\Minor Project\Project Prototype\Brain-Tumor-Minor-Project\dataset\Brain Tumor MRI images\Tumor\meningioma (798).jpg,Brain Tumor MRI images/Tumor/meningioma (798).jpg,1,Tumor,MRI,24069e582e870046593a1b2d3000bc8f68b79ccad44c20a5032efbd39c7f19ee,1
C:\Users\dondo\OneDrive\Documents\ADBU CSE(AI & ML)\5th sem\Minor Project\Project Prototype\Brain-Tumor-Minor-Project\dataset\Brain Tumor MRI images\Tumor\meningioma (8).jpg,Brain Tumor MRI images/Tumor/meningioma (8).jpg,1,Tumor,MRI,78edede5f2418e74c4812d8497723de42e24e9a64d4c3e786d37e6573c592cbf,1
C:\Users\dondo\OneDrive\Documents\ADBU CSE(AI & ML)\5th sem\Minor Project\Project Prototype\Brain-Tumor-Minor-Project\dataset\Brain Tumor MRI images\Tumor\meningioma (800).jpg,Brain Tumor MRI images/Tumor/meningioma (800).jpg,1,Tumor,MRI,d5370a2a5d33277b4867a810e6b91add3c986d3635a8ae857234e1107f880a7d,1
C:\Users\dondo\OneDrive\Documents\ADBU CSE(AI & ML)\5th sem\Minor Project\Project Prototype\Brain-Tumor-Minor-Project\dataset\Brain Tumor MRI images\Tumor\meningioma (801).jpg,Brain Tumor MRI images/Tumor/meningioma (801).jpg,1,Tumor,MRI,5fa5fa94c85241fa38cc7c5efb11202b23cfc5ea857421b91638f90ec55dc751,1
C:\Users\dondo\OneDrive\Documents\ADBU CSE(AI & ML)\5th sem\Minor Project\Project Prototype\Brain-Tumor-Minor-Project\dataset\Brain Tumor MRI images\Tumor\meningioma (802).jpg,Brain Tumor MRI images/Tumor/meningioma (802).jpg,1,Tumor,MRI,92f04c91fc0d130ce496292fc0d3fd692c78260838b96d9a1c4e11e58307419f,1
C:\Users\dondo\OneDrive\Documents\ADBU CSE(AI & ML)\5th sem\Minor Project\Project Prototype\Brain-Tumor-Minor-Project\dataset\Brain Tumor MRI images\Tumor\meningioma (803).jpg,Brain Tumor MRI images/Tumor/meningioma (803).jpg,1,Tumor,MRI,2071c948afbd22b1fabcf3a395bc82d65e657bda1772e075d0851e6156ce4a13,1
C:\Users\dondo\OneDrive\Documents\ADBU CSE(AI & ML)\5th sem\Minor Project\Project Prototype\Brain-Tumor-Minor-Project\dataset\Brain Tumor MRI images\Tumor\meningioma (807).jpg,Brain Tumor MRI images/Tumor/meningioma (807).jpg,1,Tumor,MRI,0fe6e70c88c3972e381f5d96b5ea79450b5e8cc7c844d75a02a4b1a9805f697a,1
C:\Users\dondo\OneDrive\Documents\ADBU CSE(AI & ML)\5th sem\Minor Project\Project Prototype\Brain-Tumor-Minor-Project\dataset\Brain Tumor MRI images\Tumor\meningioma (808).jpg,Brain Tumor MRI images/Tumor/meningioma (808).jpg,1,Tumor,MRI,19e338a9044bf8854e6d49361e906099f8e0d76a6e174856be65f908d27a203f,2
C:\Users\dondo\OneDrive\Documents\ADBU CSE(AI & ML)\5th sem\Minor Project\Project Prototype\Brain-Tumor-Minor-Project\dataset\Brain Tumor MRI images\Tumor\meningioma (809).jpg,Brain Tumor MRI images/Tumor/meningioma (809).jpg,1,Tumor,MRI,8f9bdb1109e2d9f3400847d2c4563bf0857c70c5b6edaef7e5c1ea8ef2ad5f43,1
C:\Users\dondo\OneDrive\Documents\ADBU CSE(AI & ML)\5th sem\Minor Project\Project Prototype\Brain-Tumor-Minor-Project\dataset\Brain Tumor MRI images\Tumor\meningioma (81).jpg,Brain Tumor MRI images/Tumor/meningioma (81).jpg,1,Tumor,MRI,2fb3e274e1d9072df775ee3fd964e8fdc95f1548f32a887314587e4cd0811ced,1
C:\Users\dondo\OneDrive\Documents\ADBU CSE(AI & ML)\5th sem\Minor Project\Project Prototype\Brain-Tumor-Minor-Project\dataset\Brain Tumor MRI images\Tumor\meningioma (810).jpg,Brain Tumor MRI images/Tumor/meningioma (810).jpg,1,Tumor,MRI,6936d344249578f902fd01ad50b07ff4700e88718d3feb8db8c93f2f50cfcf1e,1
C:\Users\dondo\OneDrive\Documents\ADBU CSE(AI & ML)\5th sem\Minor Project\Project Prototype\Brain-Tumor-Minor-Project\dataset\Brain Tumor MRI images\Tumor\meningioma (811).jpg,Brain Tumor MRI images/Tumor/meningioma (811).jpg,1,Tumor,MRI,60d62d654a86fabc824db9ff0d37b6c80783cf33e25e7b948d60d3f15de8a480,1
C:\Users\dondo\OneDrive\Documents\ADBU CSE(AI & ML)\5th sem\Minor Project\Project Prototype\Brain-Tumor-Minor-Project\dataset\Brain Tumor MRI images\Tumor\meningioma (814).jpg,Brain Tumor MRI images/Tumor/meningioma (814).jpg,1,Tumor,MRI,3d8d1eed91c778ce37658b6e4c2580327ba46dc94f9b01e458c752f78aeeef13,1
C:\Users\dondo\OneDrive\Documents\ADBU CSE(AI & ML)\5th sem\Minor Project\Project Prototype\Brain-Tumor-Minor-Project\dataset\Brain Tumor MRI images\Tumor\meningioma (815).jpg,Brain Tumor MRI images/Tumor/meningioma (815).jpg,1,Tumor,MRI,98ce5ceca0b235c9c72556fe82ac07edf8d536bedde5ca2b690d09849422da31,1
C:\Users\dondo\OneDrive\Documents\ADBU CSE(AI & ML)\5th sem\Minor Project\Project Prototype\Brain-Tumor-Minor-Project\dataset\Brain Tumor MRI images\Tumor\meningioma (816).jpg,Brain Tumor MRI images/Tumor/meningioma (816).jpg,1,Tumor,MRI,593dfedf933be149019ee052690edc104f797e6d17785ff868c781e6353f9968,1
C:\Users\dondo\OneDrive\Documents\ADBU CSE(AI & ML)\5th sem\Minor Project\Project Prototype\Brain-Tumor-Minor-Project\dataset\Brain Tumor MRI images\Tumor\meningioma (817).jpg,Brain Tumor MRI images/Tumor/meningioma (817).jpg,1,Tumor,MRI,946ef0d810ecb1cb934c01826d0761334f71835755db3443387d5f18b669dd1f,1
C:\Users\dondo\OneDrive\Documents\ADBU CSE(AI & ML)\5th sem\Minor Project\Project Prototype\Brain-Tumor-Minor-Project\dataset\Brain Tumor MRI images\Tumor\meningioma (818).jpg,Brain Tumor MRI images/Tumor/meningioma (818).jpg,1,Tumor,MRI,6cc903c1957e086520c18888702071371fb3974c8a615fcfe1f8a24d07c918e8,1
C:\Users\dondo\OneDrive\Documents\ADBU CSE(AI & ML)\5th sem\Minor Project\Project Prototype\Brain-Tumor-Minor-Project\dataset\Brain Tumor MRI images\Tumor\meningioma (82).jpg,Brain Tumor MRI images/Tumor/meningioma (82).jpg,1,Tumor,MRI,7d10fad08208daa32084ac24a7daff4b365c2b25ecb9c481dc1e2f339fcb6170,1
C:\Users\dondo\OneDrive\Documents\ADBU CSE(AI & ML)\5th sem\Minor Project\Project Prototype\Brain-Tumor-Minor-Project\dataset\Brain Tumor MRI images\Tumor\meningioma (820).jpg,Brain Tumor MRI images/Tumor/meningioma (820).jpg,1,Tumor,MRI,d32041e885db407816e089acd6389b962c07451ddc1b556dbaf2c97079db33a7,1
C:\Users\dondo\OneDrive\Documents\ADBU CSE(AI & ML)\5th sem\Minor Project\Project Prototype\Brain-Tumor-Minor-Project\dataset\Brain Tumor MRI images\Tumor\meningioma (821).jpg,Brain Tumor MRI images/Tumor/meningioma (821).jpg,1,Tumor,MRI,a9eaf830155290dcafd12f85c10a7f1cb03d5bd651d003c3a4b99f74501e1623,1
C:\Users\dondo\OneDrive\Documents\ADBU CSE(AI & ML)\5th sem\Minor Project\Project Prototype\Brain-Tumor-Minor-Project\dataset\Brain Tumor MRI images\Tumor\meningioma (823).jpg,Brain Tumor MRI images/Tumor/meningioma (823).jpg,1,Tumor,MRI,7ecb7f7e09018575c5abccd8fd77647cae60f5148517564e94e840bf2fa98d14,1
C:\Users\dondo\OneDrive\Documents\ADBU CSE(AI & ML)\5th sem\Minor Project\Project Prototype\Brain-Tumor-Minor-Project\dataset\Brain Tumor MRI images\Tumor\meningioma (824).jpg,Brain Tumor MRI images/Tumor/meningioma (824).jpg,1,Tumor,MRI,f9717733e18d8948299d9ff8fa257cc47f7ad7fc1d51c786fe285617737c21f9,1
C:\Users\dondo\OneDrive\Documents\ADBU CSE(AI & ML)\5th sem\Minor Project\Project Prototype\Brain-Tumor-Minor-Project\dataset\Brain Tumor MRI images\Tumor\meningioma (826).jpg,Brain Tumor MRI images/Tumor/meningioma (826).jpg,1,Tumor,MRI,2f15385dad904654dc89a5e8c8e9d62ecb0859f11adf8f5679842af515ca81c5,1
C:\Users\dondo\OneDrive\Documents\ADBU CSE(AI & ML)\5th sem\Minor Project\Project Prototype\Brain-Tumor-Minor-Project\dataset\Brain Tumor MRI images\Tumor\meningioma (827).jpg,Brain Tumor MRI images/Tumor/meningioma (827).jpg,1,Tumor,MRI,a84a44271bfb5be73bbfb9538cb3a52205f28d36d0fe5c54a2c994026b97b3bb,1
C:\Users\dondo\OneDrive\Documents\ADBU CSE(AI & ML)\5th sem\Minor Project\Project Prototype\Brain-Tumor-Minor-Project\dataset\Brain Tumor MRI images\Tumor\meningioma (828).jpg,Brain Tumor MRI images/Tumor/meningioma (828).jpg,1,Tumor,MRI,e66b2123e6994e67a51c14c83d1c15ed70155ac4c6ec1bc56ecfc73eb98a1ab0,1
C:\Users\dondo\OneDrive\Documents\ADBU CSE(AI & ML)\5th sem\Minor Project\Project Prototype\Brain-Tumor-Minor-Project\dataset\Brain Tumor MRI images\Tumor\meningioma (83).jpg,Brain Tumor MRI images/Tumor/meningioma (83).jpg,1,Tumor,MRI,834c34de6ae1c517098ad12d617e206cfc28ae3bed499f912985531f960ce1e7,1
C:\Users\dondo\OneDrive\Documents\ADBU CSE(AI & ML)\5th sem\Minor Project\Project Prototype\Brain-Tumor-Minor-Project\dataset\Brain Tumor MRI images\Tumor\meningioma (831).jpg,Brain Tumor MRI images/Tumor/meningioma (831).jpg,1,Tumor,MRI,9ee29a74c05ec29e038f593d78746b393cc273521cd9609e04f846355f1bbc7f,1
C:\Users\dondo\OneDrive\Documents\ADBU CSE(AI & ML)\5th sem\Minor Project\Project Prototype\Brain-Tumor-Minor-Project\dataset\Brain Tumor MRI images\Tumor\meningioma (832).jpg,Brain Tumor MRI images/Tumor/meningioma (832).jpg,1,Tumor,MRI,0200ea57bb0d3f2885d584d60ec27c01dca610648f38e2d0c5a1360c9bf1d3fd,1
C:\Users\dondo\OneDrive\Documents\ADBU CSE(AI & ML)\5th sem\Minor Project\Project Prototype\Brain-Tumor-Minor-Project\dataset\Brain Tumor MRI images\Tumor\meningioma (833).jpg,Brain Tumor MRI images/Tumor/meningioma (833).jpg,1,Tumor,MRI,1a8e9b0a827387cb9d1c853d27c5116a0bd81a89e9ad8a17d294d099efdc581c,1
C:\Users\dondo\OneDrive\Documents\ADBU CSE(AI & ML)\5th sem\Minor Project\Project Prototype\Brain-Tumor-Minor-Project\dataset\Brain Tumor MRI images\Tumor\meningioma (834).jpg,Brain Tumor MRI images/Tumor/meningioma (834).jpg,1,Tumor,MRI,c9ad263f531f850f4ef0a4ea1ce5d78d62c851e05fda1216c12405248dfc01ad,1
C:\Users\dondo\OneDrive\Documents\ADBU CSE(AI & ML)\5th sem\Minor Project\Project Prototype\Brain-Tumor-Minor-Project\dataset\Brain Tumor MRI images\Tumor\meningioma (835).jpg,Brain Tumor MRI images/Tumor/meningioma (835).jpg,1,Tumor,MRI,50bb256616c57318de9c8f217f59681f3416ae19ef7d7142e3bd0e2a4c1449db,1
C:\Users\dondo\OneDrive\Documents\ADBU CSE(AI & ML)\5th sem\Minor Project\Project Prototype\Brain-Tumor-Minor-Project\dataset\Brain Tumor MRI images\Tumor\meningioma (838).jpg,Brain Tumor MRI images/Tumor/meningioma (838).jpg,1,Tumor,MRI,34ed32d2e799cd72ff30fb939011b8e19c21661c5c35c9e51e1cdc5598d81c6a,1
C:\Users\dondo\OneDrive\Documents\ADBU CSE(AI & ML)\5th sem\Minor Project\Project Prototype\Brain-Tumor-Minor-Project\dataset\Brain Tumor MRI images\Tumor\meningioma (84).jpg,Brain Tumor MRI images/Tumor/meningioma (84).jpg,1,Tumor,MRI,bf976eb9b3e8a6e63a54e5c21cc9056d00a9243f369f51f65210406030c50788,1
C:\Users\dondo\OneDrive\Documents\ADBU CSE(AI & ML)\5th sem\Minor Project\Project Prototype\Brain-Tumor-Minor-Project\dataset\Brain Tumor MRI images\Tumor\meningioma (841).jpg,Brain Tumor MRI images/Tumor/meningioma (841).jpg,1,Tumor,MRI,c2c51d1bf6d1ea36a70758c17567e25688224e71207e3dcde102a5f079346305,1
C:\Users\dondo\OneDrive\Documents\ADBU CSE(AI & ML)\5th sem\Minor Project\Project Prototype\Brain-Tumor-Minor-Project\dataset\Brain Tumor MRI images\Tumor\meningioma (842).jpg,Brain Tumor MRI images/Tumor/meningioma (842).jpg,1,Tumor,MRI,332c22c1ae016b9ea2ee99a8721079e1f589fee98005740164bc1b752d52a433,1
C:\Users\dondo\OneDrive\Documents\ADBU CSE(AI & ML)\5th sem\Minor Project\Project Prototype\Brain-Tumor-Minor-Project\dataset\Brain Tumor MRI images\Tumor\meningioma (843).jpg,Brain Tumor MRI images/Tumor/meningioma (843).jpg,1,Tumor,MRI,2ff26eee751c463f12da109caaaf1043fb60a348ca81751e8b342ccdbb323f67,1
C:\Users\dondo\OneDrive\Documents\ADBU CSE(AI & ML)\5th sem\Minor Project\Project Prototype\Brain-Tumor-Minor-Project\dataset\Brain Tumor MRI images\Tumor\meningioma (844).jpg,Brain Tumor MRI images/Tumor/meningioma (844).jpg,1,Tumor,MRI,7d612678c6f6f5c1a1350e5739d2fe75fa95861614d2d707430fdab4d4231eea,1
C:\Users\dondo\OneDrive\Documents\ADBU CSE(AI & ML)\5th sem\Minor Project\Project Prototype\Brain-Tumor-Minor-Project\dataset\Brain Tumor MRI images\Tumor\meningioma (845).jpg,Brain Tumor MRI images/Tumor/meningioma (845).jpg,1,Tumor,MRI,72eed9cfcd02a694acc18811da4bfb0d7e2be04ff3ad59f2dd9becae52d058dd,1
C:\Users\dondo\OneDrive\Documents\ADBU CSE(AI & ML)\5th sem\Minor Project\Project Prototype\Brain-Tumor-Minor-Project\dataset\Brain Tumor MRI images\Tumor\meningioma (846).jpg,Brain Tumor MRI images/Tumor/meningioma (846).jpg,1,Tumor,MRI,ab498fc47543ae9fdf688c51d1fe0498965b76c1be7c471203fa036456077efb,1
C:\Users\dondo\OneDrive\Documents\ADBU CSE(AI & ML)\5th sem\Minor Project\Project Prototype\Brain-Tumor-Minor-Project\dataset\Brain Tumor MRI images\Tumor\meningioma (847).jpg,Brain Tumor MRI images/Tumor/meningioma (847).jpg,1,Tumor,MRI,0688f4fd16e4b7082bcba7e2b4aa4a16b26d59e044e4e662f0e34b4ef7324803,1
C:\Users\dondo\OneDrive\Documents\ADBU CSE(AI & ML)\5th sem\Minor Project\Project Prototype\Brain-Tumor-Minor-Project\dataset\Brain Tumor MRI images\Tumor\meningioma (849).jpg,Brain Tumor MRI images/Tumor/meningioma (849).jpg,1,Tumor,MRI,6c682bd5b2e4428a8d81966c1a9f786523dfbfc7e4939e2895e69fbcf84144ca,1
C:\Users\dondo\OneDrive\Documents\ADBU CSE(AI & ML)\5th sem\Minor Project\Project Prototype\Brain-Tumor-Minor-Project\dataset\Brain Tumor MRI images\Tumor\meningioma (85).jpg,Brain Tumor MRI images/Tumor/meningioma (85).jpg,1,Tumor,MRI,963e4aebfef5fd7c636fd7a6119613b41af2105aea22cdb6dbbf5e3651775bcb,1
C:\Users\dondo\OneDrive\Documents\ADBU CSE(AI & ML)\5th sem\Minor Project\Project Prototype\Brain-Tumor-Minor-Project\dataset\Brain Tumor MRI images\Tumor\meningioma (851).jpg,Brain Tumor MRI images/Tumor/meningioma (851).jpg,1,Tumor,MRI,5813bfd2d725f5f4ea7c6e6f26c70b46a7e76d2b7232e90004373c2d3f5f62cc,1
C:\Users\dondo\OneDrive\Documents\ADBU CSE(AI & ML)\5th sem\Minor Project\Project Prototype\Brain-Tumor-Minor-Project\dataset\Brain Tumor MRI images\Tumor\meningioma (854).jpg,Brain Tumor MRI images/Tumor/meningioma (854).jpg,1,Tumor,MRI,fa05d5118dacb9549942b7e0df449d8aa9931144a9deeeccdc168b0e158b4414,1
C:\Users\dondo\OneDrive\Documents\ADBU CSE(AI & ML)\5th sem\Minor Project\Project Prototype\Brain-Tumor-Minor-Project\dataset\Brain Tumor MRI images\Tumor\meningioma (855).jpg,Brain Tumor MRI images/Tumor/meningioma (855).jpg,1,Tumor,MRI,7e7397125fb9f5bb10836b6e8bdf84def7792a746ada46ca22e0d2e562877054,1
C:\Users\dondo\OneDrive\Documents\ADBU CSE(AI & ML)\5th sem\Minor Project\Project Prototype\Brain-Tumor-Minor-Project\dataset\Brain Tumor MRI images\Tumor\meningioma (856).jpg,Brain Tumor MRI images/Tumor/meningioma (856).jpg,1,Tumor,MRI,b047268eba7b92a4c71e781774832d1780f1fc299f202e5ceb815558390be74e,1
C:\Users\dondo\OneDrive\Documents\ADBU CSE(AI & ML)\5th sem\Minor Project\Project Prototype\Brain-Tumor-Minor-Project\dataset\Brain Tumor MRI images\Tumor\meningioma (857).jpg,Brain Tumor MRI images/Tumor/meningioma (857).jpg,1,Tumor,MRI,2c9aa5abda762716e9dfa06cc0787272a51d0f538be230ae8b3ec269523d7522,1
C:\Users\dondo\OneDrive\Documents\ADBU CSE(AI & ML)\5th sem\Minor Project\Project Prototype\Brain-Tumor-Minor-Project\dataset\Brain Tumor MRI images\Tumor\meningioma (858).jpg,Brain Tumor MRI images/Tumor/meningioma (858).jpg,1,Tumor,MRI,5c33e4fbf0c4627e266127e8ebf879e7872efb543865e7c1db2a8a800dc01501,1
C:\Users\dondo\OneDrive\Documents\ADBU CSE(AI & ML)\5th sem\Minor Project\Project Prototype\Brain-Tumor-Minor-Project\dataset\Brain Tumor MRI images\Tumor\meningioma (859).jpg,Brain Tumor MRI images/Tumor/meningioma (859).jpg,1,Tumor,MRI,523d3555f70b90ed4af90c9e38cf66e493cca97f6089c36173ade49c6d3e817c,2
C:\Users\dondo\OneDrive\Documents\ADBU CSE(AI & ML)\5th sem\Minor Project\Project Prototype\Brain-Tumor-Minor-Project\dataset\Brain Tumor MRI images\Tumor\meningioma (860).jpg,Brain Tumor MRI images/Tumor/meningioma (860).jpg,1,Tumor,MRI,fb03318582b1382bfda80b234a1db6c427687ff6a8b73e7712124501f1938dbe,1
C:\Users\dondo\OneDrive\Documents\ADBU CSE(AI & ML)\5th sem\Minor Project\Project Prototype\Brain-Tumor-Minor-Project\dataset\Brain Tumor MRI images\Tumor\meningioma (861).jpg,Brain Tumor MRI images/Tumor/meningioma (861).jpg,1,Tumor,MRI,c665aaaeb7073f3703df7c46be27ba2151ec97ad6b998a6ab99f4294e8893e0f,1
C:\Users\dondo\OneDrive\Documents\ADBU CSE(AI & ML)\5th sem\Minor Project\Project Prototype\Brain-Tumor-Minor-Project\dataset\Brain Tumor MRI images\Tumor\meningioma (862).jpg,Brain Tumor MRI images/Tumor/meningioma (862).jpg,1,Tumor,MRI,ec97145100653ff49994a7f9a4f91bccc9610b144306d868fde271436bc91880,1
C:\Users\dondo\OneDrive\Documents\ADBU CSE(AI & ML)\5th sem\Minor Project\Project Prototype\Brain-Tumor-Minor-Project\dataset\Brain Tumor MRI images\Tumor\meningioma (863).jpg,Brain Tumor MRI images/Tumor/meningioma (863).jpg,1,Tumor,MRI,a10c6fac2443b7aef7a6376de0af77f8a32e13b67ce4c5c4cc4a2f996862378d,1
C:\Users\dondo\OneDrive\Documents\ADBU CSE(AI & ML)\5th sem\Minor Project\Project Prototype\Brain-Tumor-Minor-Project\dataset\Brain Tumor MRI images\Tumor\meningioma (865).jpg,Brain Tumor MRI images/Tumor/meningioma (865).jpg,1,Tumor,MRI,4faab13c7d7a4e7cda2ee9759f03236f0b0fa83b6ca1dfe9eb77e5b1ba9cb4be,1
C:\Users\dondo\OneDrive\Documents\ADBU CSE(AI & ML)\5th sem\Minor Project\Project Prototype\Brain-Tumor-Minor-Project\dataset\Brain Tumor MRI images\Tumor\meningioma (866).jpg,Brain Tumor MRI images/Tumor/meningioma (866).jpg,1,Tumor,MRI,985deb0e6daa8a892aac2f4e5936e1214fc22a2966a84d24b00620155e55afc9,1
C:\Users\dondo\OneDrive\Documents\ADBU CSE(AI & ML)\5th sem\Minor Project\Project Prototype\Brain-Tumor-Minor-Project\dataset\Brain Tumor MRI images\Tumor\meningioma (868).jpg,Brain Tumor MRI images/Tumor/meningioma (868).jpg,1,Tumor,MRI,d1e6084f89b4b2eda81ac180cc1295b8de666c5eb8095cf36c2ece0c9ddf2c2d,1
C:\Users\dondo\OneDrive\Documents\ADBU CSE(AI & ML)\5th sem\Minor Project\Project Prototype\Brain-Tumor-Minor-Project\dataset\Brain Tumor MRI images\Tumor\meningioma (869).jpg,Brain Tumor MRI images/Tumor/meningioma (869).jpg,1,Tumor,MRI,c6a881f075b4c02e49776131986be546eff91daf3bd8dd5e752a1fb890873655,1
C:\Users\dondo\OneDrive\Documents\ADBU CSE(AI & ML)\5th sem\Minor Project\Project Prototype\Brain-Tumor-Minor-Project\dataset\Brain Tumor MRI images\Tumor\meningioma (87).jpg,Brain Tumor MRI images/Tumor/meningioma (87).jpg,1,Tumor,MRI,b6614905ea2026b955474ee66494788807ef5bcb53164958ed6afb60b2c02439,2
C:\Users\dondo\OneDrive\Documents\ADBU CSE(AI & ML)\5th sem\Minor Project\Project Prototype\Brain-Tumor-Minor-Project\dataset\Brain Tumor MRI images\Tumor\meningioma (870).jpg,Brain Tumor MRI images/Tumor/meningioma (870).jpg,1,Tumor,MRI,665d4401052d387c6f9a42765d885770fa01253d68eef128b9589bbf207c0c3f,1
C:\Users\dondo\OneDrive\Documents\ADBU CSE(AI & ML)\5th sem\Minor Project\Project Prototype\Brain-Tumor-Minor-Project\dataset\Brain Tumor MRI images\Tumor\meningioma (871).jpg,Brain Tumor MRI images/Tumor/meningioma (871).jpg,1,Tumor,MRI,301c4a5e7e47b094fcaaf751c0a61a0e0c2171e8fff8eaa062eb9cdc9098458c,1
C:\Users\dondo\OneDrive\Documents\ADBU CSE(AI & ML)\5th sem\Minor Project\Project Prototype\Brain-Tumor-Minor-Project\dataset\Brain Tumor MRI images\Tumor\meningioma (873).jpg,Brain Tumor MRI images/Tumor/meningioma (873).jpg,1,Tumor,MRI,18122b7f1482eaacc420d66a04b47d25ec4cc29e661a34b9b0f573ad5f1bf64c,1
C:\Users\dondo\OneDrive\Documents\ADBU CSE(AI & ML)\5th sem\Minor Project\Project Prototype\Brain-Tumor-Minor-Project\dataset\Brain Tumor MRI images\Tumor\meningioma (874).jpg,Brain Tumor MRI images/Tumor/meningioma (874).jpg,1,Tumor,MRI,fd91d51c880c0ed863ee8b040920e8e82b71466c69ab32dc7cdd47691a7c7f0b,1
C:\Users\dondo\OneDrive\Documents\ADBU CSE(AI & ML)\5th sem\Minor Project\Project Prototype\Brain-Tumor-Minor-Project\dataset\Brain Tumor MRI images\Tumor\meningioma (875).jpg,Brain Tumor MRI images/Tumor/meningioma (875).jpg,1,Tumor,MRI,9efcd423adb7c4896eb6f569e382e62dd3714306156e767f0e0ead82f04840c3,1
C:\Users\dondo\OneDrive\Documents\ADBU CSE(AI & ML)\5th sem\Minor Project\Project Prototype\Brain-Tumor-Minor-Project\dataset\Brain Tumor MRI images\Tumor\meningioma (876).jpg,Brain Tumor MRI images/Tumor/meningioma (876).jpg,1,Tumor,MRI,ba427cfceb9501e0330a79287b251a921c681943113fb57cedfe187dc7b4e93c,1
C:\Users\dondo\OneDrive\Documents\ADBU CSE(AI & ML)\5th sem\Minor Project\Project Prototype\Brain-Tumor-Minor-Project\dataset\Brain Tumor MRI images\Tumor\meningioma (877).jpg,Brain Tumor MRI images/Tumor/meningioma (877).jpg,1,Tumor,MRI,e6fdbeb058e79f4ca13379aeb737909524bfb738d7bad992777175cb34860b65,1
C:\Users\dondo\OneDrive\Documents\ADBU CSE(AI & ML)\5th sem\Minor Project\Project Prototype\Brain-Tumor-Minor-Project\dataset\Brain Tumor MRI images\Tumor\meningioma (879).jpg,Brain Tumor MRI images/Tumor/meningioma (879).jpg,1,Tumor,MRI,ea40fc1c25c83c92d602765f06fbe08545563c3bd55e66aef87ed09f3f5d2267,1
C:\Users\dondo\OneDrive\Documents\ADBU CSE(AI & ML)\5th sem\Minor Project\Project Prototype\Brain-Tumor-Minor-Project\dataset\Brain Tumor MRI images\Tumor\meningioma (88).jpg,Brain Tumor MRI images/Tumor/meningioma (88).jpg,1,Tumor,MRI,c1d608e23a314391efd419b870fd6d5c76ee826781ad344f692e00ac6bd05dcd,1
C:\Users\dondo\OneDrive\Documents\ADBU CSE(AI & ML)\5th sem\Minor Project\Project Prototype\Brain-Tumor-Minor-Project\dataset\Brain Tumor MRI images\Tumor\meningioma (880).jpg,Brain Tumor MRI images/Tumor/meningioma (880).jpg,1,Tumor,MRI,53321cf5e25ef4f8b663160ae0f7aef53840785c9833036b048b0136e54db9d5,1
C:\Users\dondo\OneDrive\Documents\ADBU CSE(AI & ML)\5th sem\Minor Project\Project Prototype\Brain-Tumor-Minor-Project\dataset\Brain Tumor MRI images\Tumor\meningioma (881).jpg,Brain Tumor MRI images/Tumor/meningioma (881).jpg,1,Tumor,MRI,56d35cd65c9118abb0d8bd141668429ec090d088a06f1d34ea67f56af183a2bf,2
C:\Users\dondo\OneDrive\Documents\ADBU CSE(AI & ML)\5th sem\Minor Project\Project Prototype\Brain-Tumor-Minor-Project\dataset\Brain Tumor MRI images\Tumor\meningioma (882).jpg,Brain Tumor MRI images/Tumor/meningioma (882).jpg,1,Tumor,MRI,cd0b40844150abf50bda26ff178eb34549a71d16a4fb301d3df748f4c8db425a,1
C:\Users\dondo\OneDrive\Documents\ADBU CSE(AI & ML)\5th sem\Minor Project\Project Prototype\Brain-Tumor-Minor-Project\dataset\Brain Tumor MRI images\Tumor\meningioma (885).jpg,Brain Tumor MRI images/Tumor/meningioma (885).jpg,1,Tumor,MRI,990903b3a9ae2dd0417b215168d5730c83bea77d33c73c311becdb0db8bbad18,1
C:\Users\dondo\OneDrive\Documents\ADBU CSE(AI & ML)\5th sem\Minor Project\Project Prototype\Brain-Tumor-Minor-Project\dataset\Brain Tumor MRI images\Tumor\meningioma (886).jpg,Brain Tumor MRI images/Tumor/meningioma (886).jpg,1,Tumor,MRI,0ded0370f7f0da4f577dd22116b67678c3aead9651dc9366a88b7e8b7251fc2b,1
C:\Users\dondo\OneDrive\Documents\ADBU CSE(AI & ML)\5th sem\Minor Project\Project Prototype\Brain-Tumor-Minor-Project\dataset\Brain Tumor MRI images\Tumor\meningioma (889).jpg,Brain Tumor MRI images/Tumor/meningioma (889).jpg,1,Tumor,MRI,e040af290ed78d94f569511b507c98a65c7ed8e884b8fd30f9c1d2ef1b2d23e8,1
C:\Users\dondo\OneDrive\Documents\ADBU CSE(AI & ML)\5th sem\Minor Project\Project Prototype\Brain-Tumor-Minor-Project\dataset\Brain Tumor MRI images\Tumor\meningioma (892).jpg,Brain Tumor MRI images/Tumor/meningioma (892).jpg,1,Tumor,MRI,fa358c4bc57d562227b901b8b93bf2aa97454f8057469354ed2b0b3cfa4c0372,1
C:\Users\dondo\OneDrive\Documents\ADBU CSE(AI & ML)\5th sem\Minor Project\Project Prototype\Brain-Tumor-Minor-Project\dataset\Brain Tumor MRI images\Tumor\meningioma (894).jpg,Brain Tumor MRI images/Tumor/meningioma (894).jpg,1,Tumor,MRI,e1fe3c46fc97ac692ba12a80694f7b351abc7d7670c806da98516f611baafb65,1
C:\Users\dondo\OneDrive\Documents\ADBU CSE(AI & ML)\5th sem\Minor Project\Project Prototype\Brain-Tumor-Minor-Project\dataset\Brain Tumor MRI images\Tumor\meningioma (896).jpg,Brain Tumor MRI images/Tumor/meningioma (896).jpg,1,Tumor,MRI,cdc277f015df1ac213dfd36a1109620a22fc39fc30f3b4bc89e67b9b8caf202e,1
C:\Users\dondo\OneDrive\Documents\ADBU CSE(AI & ML)\5th sem\Minor Project\Project Prototype\Brain-Tumor-Minor-Project\dataset\Brain Tumor MRI images\Tumor\meningioma (898).jpg,Brain Tumor MRI images/Tumor/meningioma (898).jpg,1,Tumor,MRI,7fc4e282624dfa7b4be0191f14a60915fa6cbc87a3d507bc9b54b9ce05c2e360,1
C:\Users\dondo\OneDrive\Documents\ADBU CSE(AI & ML)\5th sem\Minor Project\Project Prototype\Brain-Tumor-Minor-Project\dataset\Brain Tumor MRI images\Tumor\meningioma (899).jpg,Brain Tumor MRI images/Tumor/meningioma (899).jpg,1,Tumor,MRI,ce7287f4c694d9cba8c8999eb87a3f428a2ac204d4995f0a967f143ef197f0ce,1
C:\Users\dondo\OneDrive\Documents\ADBU CSE(AI & ML)\5th sem\Minor Project\Project Prototype\Brain-Tumor-Minor-Project\dataset\Brain Tumor MRI images\Tumor\meningioma (9).jpg,Brain Tumor MRI images/Tumor/meningioma (9).jpg,1,Tumor,MRI,e2e6db6fcce135d418554137d45b473b4df1b9195d655f0eb87dfc5fec723b16,1
C:\Users\dondo\OneDrive\Documents\ADBU CSE(AI & ML)\5th sem\Minor Project\Project Prototype\Brain-Tumor-Minor-Project\dataset\Brain Tumor MRI images\Tumor\meningioma (90).jpg,Brain Tumor MRI images/Tumor/meningioma (90).jpg,1,Tumor,MRI,c0d10a13a1018e3926a154610fb6614804e3371bee7012b52eb6526047854dae,1
C:\Users\dondo\OneDrive\Documents\ADBU CSE(AI & ML)\5th sem\Minor Project\Project Prototype\Brain-Tumor-Minor-Project\dataset\Brain Tumor MRI images\Tumor\meningioma (900).jpg,Brain Tumor MRI images/Tumor/meningioma (900).jpg,1,Tumor,MRI,768f4580770a6ad685dbbf624a9532cba7dcdbe461d73558d54dfd7c88f8d9ce,1
C:\Users\dondo\OneDrive\Documents\ADBU CSE(AI & ML)\5th sem\Minor Project\Project Prototype\Brain-Tumor-Minor-Project\dataset\Brain Tumor MRI images\Tumor\meningioma (904).jpg,Brain Tumor MRI images/Tumor/meningioma (904).jpg,1,Tumor,MRI,9be64ce6040aad6a4cd5a242a5c3570dc17fc572283487a47727df494c7f7965,1
C:\Users\dondo\OneDrive\Documents\ADBU CSE(AI & ML)\5th sem\Minor Project\Project Prototype\Brain-Tumor-Minor-Project\dataset\Brain Tumor MRI images\Tumor\meningioma (906).jpg,Brain Tumor MRI images/Tumor/meningioma (906).jpg,1,Tumor,MRI,ae1cfaccb6fd4d4538751878d15fe1c970e2a1a8ade5df59c0da099703796bfd,1
C:\Users\dondo\OneDrive\Documents\ADBU CSE(AI & ML)\5th sem\Minor Project\Project Prototype\Brain-Tumor-Minor-Project\dataset\Brain Tumor MRI images\Tumor\meningioma (907).jpg,Brain Tumor MRI images/Tumor/meningioma (907).jpg,1,Tumor,MRI,4e5c1b0e876575c59a077a9de3db372dc95c2dbd555ab0d7349118ec24464f2e,1
C:\Users\dondo\OneDrive\Documents\ADBU CSE(AI & ML)\5th sem\Minor Project\Project Prototype\Brain-Tumor-Minor-Project\dataset\Brain Tumor MRI images\Tumor\meningioma (908).jpg,Brain Tumor MRI images/Tumor/meningioma (908).jpg,1,Tumor,MRI,8274cdbb7b88b569e9a173e1c7ffd1e7a5dabd563ed4ec6cfadee860f062e7e9,1
C:\Users\dondo\OneDrive\Documents\ADBU CSE(AI & ML)\5th sem\Minor Project\Project Prototype\Brain-Tumor-Minor-Project\dataset\Brain Tumor MRI images\Tumor\meningioma (909).jpg,Brain Tumor MRI images/Tumor/meningioma (909).jpg,1,Tumor,MRI,ddc1089ebb6b5e7c0c29f99efd4a2b1689ed7b640e964bc2745d1e4b11908549,1
C:\Users\dondo\OneDrive\Documents\ADBU CSE(AI & ML)\5th sem\Minor Project\Project Prototype\Brain-Tumor-Minor-Project\dataset\Brain Tumor MRI images\Tumor\meningioma (911).jpg,Brain Tumor MRI images/Tumor/meningioma (911).jpg,1,Tumor,MRI,5ab3bdc704db23d5b4b12df30faf73a7f09f327a1d1b63a40a8af354b361e3ba,1
C:\Users\dondo\OneDrive\Documents\ADBU CSE(AI & ML)\5th sem\Minor Project\Project Prototype\Brain-Tumor-Minor-Project\dataset\Brain Tumor MRI images\Tumor\meningioma (913).jpg,Brain Tumor MRI images/Tumor/meningioma (913).jpg,1,Tumor,MRI,4c9e4de69f26fd9cc2ca886332343a44a3fd4b8cc7d770bbc2a231b47ab62a14,1
C:\Users\dondo\OneDrive\Documents\ADBU CSE(AI & ML)\5th sem\Minor Project\Project Prototype\Brain-Tumor-Minor-Project\dataset\Brain Tumor MRI images\Tumor\meningioma (914).jpg,Brain Tumor MRI images/Tumor/meningioma (914).jpg,1,Tumor,MRI,a51de1b4e6e429d6383891fb2b6d9180395c0f7af940cb03a34b1559a46e388c,1
C:\Users\dondo\OneDrive\Documents\ADBU CSE(AI & ML)\5th sem\Minor Project\Project Prototype\Brain-Tumor-Minor-Project\dataset\Brain Tumor MRI images\Tumor\meningioma (915).jpg,Brain Tumor MRI images/Tumor/meningioma (915).jpg,1,Tumor,MRI,1f0a4d53561fbf0177c638c724249369b0b7692da3f35f5a9856900479e19ba5,1
C:\Users\dondo\OneDrive\Documents\ADBU CSE(AI & ML)\5th sem\Minor Project\Project Prototype\Brain-Tumor-Minor-Project\dataset\Brain Tumor MRI images\Tumor\meningioma (916).jpg,Brain Tumor MRI images/Tumor/meningioma (916).jpg,1,Tumor,MRI,93b13bd2e15afbc35d6d326e0856d620fc118b1548bfe4669fd28920de03591b,1
C:\Users\dondo\OneDrive\Documents\ADBU CSE(AI & ML)\5th sem\Minor Project\Project Prototype\Brain-Tumor-Minor-Project\dataset\Brain Tumor MRI images\Tumor\meningioma (919).jpg,Brain Tumor MRI images/Tumor/meningioma (919).jpg,1,Tumor,MRI,912faf69515bed2962887877b61c1e36bb4835ca8ef56cc9c67e8f8c05c5c65f,1
C:\Users\dondo\OneDrive\Documents\ADBU CSE(AI & ML)\5th sem\Minor Project\Project Prototype\Brain-Tumor-Minor-Project\dataset\Brain Tumor MRI images\Tumor\meningioma (92).jpg,Brain Tumor MRI images/Tumor/meningioma (92).jpg,1,Tumor,MRI,a6666413ffe21fe347d5f32b6a210295a63179b6a7745eb1b52ae1c949ec2ae1,1
C:\Users\dondo\OneDrive\Documents\ADBU CSE(AI & ML)\5th sem\Minor Project\Project Prototype\Brain-Tumor-Minor-Project\dataset\Brain Tumor MRI images\Tumor\meningioma (920).jpg,Brain Tumor MRI images/Tumor/meningioma (920).jpg,1,Tumor,MRI,85506814a32351d032e0dfc17468617988a398832f1a2e0a9b58df101543d9e2,1
C:\Users\dondo\OneDrive\Documents\ADBU CSE(AI & ML)\5th sem\Minor Project\Project Prototype\Brain-Tumor-Minor-Project\dataset\Brain Tumor MRI images\Tumor\meningioma (925).jpg,Brain Tumor MRI images/Tumor/meningioma (925).jpg,1,Tumor,MRI,e882c9f452b8cd166ad2171c4d552392460ac6b833873d946b9890a4090e65a5,1
C:\Users\dondo\OneDrive\Documents\ADBU CSE(AI & ML)\5th sem\Minor Project\Project Prototype\Brain-Tumor-Minor-Project\dataset\Brain Tumor MRI images\Tumor\meningioma (926).jpg,Brain Tumor MRI images/Tumor/meningioma (926).jpg,1,Tumor,MRI,dc9b1632671364d75eb0486565ea3bebefe3e30025843f81cf86eac43297b88a,1
C:\Users\dondo\OneDrive\Documents\ADBU CSE(AI & ML)\5th sem\Minor Project\Project Prototype\Brain-Tumor-Minor-Project\dataset\Brain Tumor MRI images\Tumor\meningioma (93).jpg,Brain Tumor MRI images/Tumor/meningioma (93).jpg,1,Tumor,MRI,d999e2273bb2d244ada474def00693f72aafa42ea2e2c2672b0a7c66e8af400c,1
C:\Users\dondo\OneDrive\Documents\ADBU CSE(AI & ML)\5th sem\Minor Project\Project Prototype\Brain-Tumor-Minor-Project\dataset\Brain Tumor MRI images\Tumor\meningioma (930).jpg,Brain Tumor MRI images/Tumor/meningioma (930).jpg,1,Tumor,MRI,d17876a0e1d6a54114aa607130394b25ccda0d341a955a16445cc4dc2cf14e5b,1
C:\Users\dondo\OneDrive\Documents\ADBU CSE(AI & ML)\5th sem\Minor Project\Project Prototype\Brain-Tumor-Minor-Project\dataset\Brain Tumor MRI images\Tumor\meningioma (931).jpg,Brain Tumor MRI images/Tumor/meningioma (931).jpg,1,Tumor,MRI,ee4d017fc7d19ddcd060bd4a8e997cbbf8c87ff5d485aa6ed675fed9ef1fc65f,1
C:\Users\dondo\OneDrive\Documents\ADBU CSE(AI & ML)\5th sem\Minor Project\Project Prototype\Brain-Tumor-Minor-Project\dataset\Brain Tumor MRI images\Tumor\meningioma (934).jpg,Brain Tumor MRI images/Tumor/meningioma (934).jpg,1,Tumor,MRI,dd2168d9513a99b459706f86db005272f83a3ee6158f195c8ebb80533816fdd8,1
C:\Users\dondo\OneDrive\Documents\ADBU CSE(AI & ML)\5th sem\Minor Project\Project Prototype\Brain-Tumor-Minor-Project\dataset\Brain Tumor MRI images\Tumor\meningioma (935).jpg,Brain Tumor MRI images/Tumor/meningioma (935).jpg,1,Tumor,MRI,5093706035aa6f7278a78dbb47087ded07f6aeb367d5f526937794aa70b9bb60,1
C:\Users\dondo\OneDrive\Documents\ADBU CSE(AI & ML)\5th sem\Minor Project\Project Prototype\Brain-Tumor-Minor-Project\dataset\Brain Tumor MRI images\Tumor\meningioma (936).jpg,Brain Tumor MRI images/Tumor/meningioma (936).jpg,1,Tumor,MRI,d3565c7af11a34fe78a36e262183c005f929538cb90d1e1e573535995ea37363,1
C:\Users\dondo\OneDrive\Documents\ADBU CSE(AI & ML)\5th sem\Minor Project\Project Prototype\Brain-Tumor-Minor-Project\dataset\Brain Tumor MRI images\Tumor\meningioma (937).jpg,Brain Tumor MRI images/Tumor/meningioma (937).jpg,1,Tumor,MRI,bde4844e948ad3f8fa35162e5b866c48bc6ffb04a4a5d0e1ce277a7e6703049c,1
C:\Users\dondo\OneDrive\Documents\ADBU CSE(AI & ML)\5th sem\Minor Project\Project Prototype\Brain-Tumor-Minor-Project\dataset\Brain Tumor MRI images\Tumor\meningioma (94).jpg,Brain Tumor MRI images/Tumor/meningioma (94).jpg,1,Tumor,MRI,48713e58afe6e2412aab6c992bb9b784f74af5403e28e78e7bef2d8be015a2fc,1
C:\Users\dondo\OneDrive\Documents\ADBU CSE(AI & ML)\5th sem\Minor Project\Project Prototype\Brain-Tumor-Minor-Project\dataset\Brain Tumor MRI images\Tumor\meningioma (940).jpg,Brain Tumor MRI images/Tumor/meningioma (940).jpg,1,Tumor,MRI,545b5e6fa89002e9ba80a2553152c238be41dc663c16ecce0b12533f2449fea9,1
C:\Users\dondo\OneDrive\Documents\ADBU CSE(AI & ML)\5th sem\Minor Project\Project Prototype\Brain-Tumor-Minor-Project\dataset\Brain Tumor MRI images\Tumor\meningioma (941).jpg,Brain Tumor MRI images/Tumor/meningioma (941).jpg,1,Tumor,MRI,ae9cb5071fda7465d6a66466a979d95e887a679bc5035331fa45b9f2fde0e005,1
C:\Users\dondo\OneDrive\Documents\ADBU CSE(AI & ML)\5th sem\Minor Project\Project Prototype\Brain-Tumor-Minor-Project\dataset\Brain Tumor MRI images\Tumor\meningioma (943).jpg,Brain Tumor MRI images/Tumor/meningioma (943).jpg,1,Tumor,MRI,8882b893d196d1e49b2a5d81962c7a0233056d40e25fc923f3912b843d92b076,1
C:\Users\dondo\OneDrive\Documents\ADBU CSE(AI & ML)\5th sem\Minor Project\Project Prototype\Brain-Tumor-Minor-Project\dataset\Brain Tumor MRI images\Tumor\meningioma (945).jpg,Brain Tumor MRI images/Tumor/meningioma (945).jpg,1,Tumor,MRI,56e6ca0594b4248ea43a803b32d95fb6cde628bae0dd24aefb76eaf378344e79,1
C:\Users\dondo\OneDrive\Documents\ADBU CSE(AI & ML)\5th sem\Minor Project\Project Prototype\Brain-Tumor-Minor-Project\dataset\Brain Tumor MRI images\Tumor\meningioma (946).jpg,Brain Tumor MRI images/Tumor/meningioma (946).jpg,1,Tumor,MRI,5f016b4426bf82db0a94419299adaaf18e60decad660a10f5e5d07604cbff42b,1
C:\Users\dondo\OneDrive\Documents\ADBU CSE(AI & ML)\5th sem\Minor Project\Project Prototype\Brain-Tumor-Minor-Project\dataset\Brain Tumor MRI images\Tumor\meningioma (947).jpg,Brain Tumor MRI images/Tumor/meningioma (947).jpg,1,Tumor,MRI,b75505480ba061adf8afd2396d2e558c93ca4d4ff2022a5e40a07d61510b9b75,1
C:\Users\dondo\OneDrive\Documents\ADBU CSE(AI & ML)\5th sem\Minor Project\Project Prototype\Brain-Tumor-Minor-Project\dataset\Brain Tumor MRI images\Tumor\meningioma (949).jpg,Brain Tumor MRI images/Tumor/meningioma (949).jpg,1,Tumor,MRI,acfbb33ce0efef09e0b7558f0f6397f67fb29025171cd8a5d00e0b0e05c7ca21,1
C:\Users\dondo\OneDrive\Documents\ADBU CSE(AI & ML)\5th sem\Minor Project\Project Prototype\Brain-Tumor-Minor-Project\dataset\Brain Tumor MRI images\Tumor\meningioma (950).jpg,Brain Tumor MRI images/Tumor/meningioma (950).jpg,1,Tumor,MRI,5ea6868e053e13a483f724741207c8a350f5455cfa53f3920b219e7b73f3f601,1
C:\Users\dondo\OneDrive\Documents\ADBU CSE(AI & ML)\5th sem\Minor Project\Project Prototype\Brain-Tumor-Minor-Project\dataset\Brain Tumor MRI images\Tumor\meningioma (953).jpg,Brain Tumor MRI images/Tumor/meningioma (953).jpg,1,Tumor,MRI,c0956f90f658a70dc5634069dd9cba41616e06b12863753a480f3953b7716c3c,1
C:\Users\dondo\OneDrive\Documents\ADBU CSE(AI & ML)\5th sem\Minor Project\Project Prototype\Brain-Tumor-Minor-Project\dataset\Brain Tumor MRI images\Tumor\meningioma (956).jpg,Brain Tumor MRI images/Tumor/meningioma (956).jpg,1,Tumor,MRI,81db423a4414e9ecfaabf064178c6e98965b0d6efd3437b64215a7d6bf561d37,1
C:\Users\dondo\OneDrive\Documents\ADBU CSE(AI & ML)\5th sem\Minor Project\Project Prototype\Brain-Tumor-Minor-Project\dataset\Brain Tumor MRI images\Tumor\meningioma (960).jpg,Brain Tumor MRI images/Tumor/meningioma (960).jpg,1,Tumor,MRI,ddfeb3c997351867b198c8471454b6427617515589ebf1d7b029ed9294ad4277,1
C:\Users\dondo\OneDrive\Documents\ADBU CSE(AI & ML)\5th sem\Minor Project\Project Prototype\Brain-Tumor-Minor-Project\dataset\Brain Tumor MRI images\Tumor\meningioma (962).jpg,Brain Tumor MRI images/Tumor/meningioma (962).jpg,1,Tumor,MRI,bce6cdff0e064a32081e031c5c6d662849e27d8cd321046d1e8a2aaef4c08597,1
C:\Users\dondo\OneDrive\Documents\ADBU CSE(AI & ML)\5th sem\Minor Project\Project Prototype\Brain-Tumor-Minor-Project\dataset\Brain Tumor MRI images\Tumor\meningioma (964).jpg,Brain Tumor MRI images/Tumor/meningioma (964).jpg,1,Tumor,MRI,0ba6ebdbe6a29c155231a6af4b82a6abfba7ef2b1c29757c22442ae50eb7e85c,1
C:\Users\dondo\OneDrive\Documents\ADBU CSE(AI & ML)\5th sem\Minor Project\Project Prototype\Brain-Tumor-Minor-Project\dataset\Brain Tumor MRI images\Tumor\meningioma (965).jpg,Brain Tumor MRI images/Tumor/meningioma (965).jpg,1,Tumor,MRI,8e0d4d39074effe910ae8963c2a7f97c2e4db31e222c510b0244a5989b55b02b,1
C:\Users\dondo\OneDrive\Documents\ADBU CSE(AI & ML)\5th sem\Minor Project\Project Prototype\Brain-Tumor-Minor-Project\dataset\Brain Tumor MRI images\Tumor\meningioma (966).jpg,Brain Tumor MRI images/Tumor/meningioma (966).jpg,1,Tumor,MRI,02aa0583a4c8015d7ff0e8e6a07d5f0e269513045e862796c99ab481fce8475b,1
C:\Users\dondo\OneDrive\Documents\ADBU CSE(AI & ML)\5th sem\Minor Project\Project Prototype\Brain-Tumor-Minor-Project\dataset\Brain Tumor MRI images\Tumor\meningioma (968).jpg,Brain Tumor MRI images/Tumor/meningioma (968).jpg,1,Tumor,MRI,1ef50773460259b32178c4b9bc80a67c38e765ad17ca5c0dda88ae651e20b9d9,1
C:\Users\dondo\OneDrive\Documents\ADBU CSE(AI & ML)\5th sem\Minor Project\Project Prototype\Brain-Tumor-Minor-Project\dataset\Brain Tumor MRI images\Tumor\meningioma (970).jpg,Brain Tumor MRI images/Tumor/meningioma (970).jpg,1,Tumor,MRI,9bb7b09647788d0465e045094d45c6bce9eeb3f4aa6a06dde94052bf5840c87b,1
C:\Users\dondo\OneDrive\Documents\ADBU CSE(AI & ML)\5th sem\Minor Project\Project Prototype\Brain-Tumor-Minor-Project\dataset\Brain Tumor MRI images\Tumor\meningioma (972).jpg,Brain Tumor MRI images/Tumor/meningioma (972).jpg,1,Tumor,MRI,d10e74c2331ed4823561a141104dbd976da479f378a91ae5d0956ab60330717e,1
C:\Users\dondo\OneDrive\Documents\ADBU CSE(AI & ML)\5th sem\Minor Project\Project Prototype\Brain-Tumor-Minor-Project\dataset\Brain Tumor MRI images\Tumor\meningioma (975).jpg,Brain Tumor MRI images/Tumor/meningioma (975).jpg,1,Tumor,MRI,2c059cf1d30f36b7bf111bdd7542910f13e497acfdbe8f4f9c4cce20b05044d6,1
C:\Users\dondo\OneDrive\Documents\ADBU CSE(AI & ML)\5th sem\Minor Project\Project Prototype\Brain-Tumor-Minor-Project\dataset\Brain Tumor MRI images\Tumor\meningioma (977).jpg,Brain Tumor MRI images/Tumor/meningioma (977).jpg,1,Tumor,MRI,64edef052b5c5b83e4288be12c210a2ecf87fe816819d39af6815f361129d69e,1
C:\Users\dondo\OneDrive\Documents\ADBU CSE(AI & ML)\5th sem\Minor Project\Project Prototype\Brain-Tumor-Minor-Project\dataset\Brain Tumor MRI images\Tumor\meningioma (979).jpg,Brain Tumor MRI images/Tumor/meningioma (979).jpg,1,Tumor,MRI,4a5328718efcb35a92e4f4d8a8afaeb93f357c7c214b88c689027d7d73b9825d,1
C:\Users\dondo\OneDrive\Documents\ADBU CSE(AI & ML)\5th sem\Minor Project\Project Prototype\Brain-Tumor-Minor-Project\dataset\Brain Tumor MRI images\Tumor\meningioma (98).jpg,Brain Tumor MRI images/Tumor/meningioma (98).jpg,1,Tumor,MRI,85d5cea99247be0e749c0146c78b0a17f8eea484cd844a0f06324f5ed262ea09,1
C:\Users\dondo\OneDrive\Documents\ADBU CSE(AI & ML)\5th sem\Minor Project\Project Prototype\Brain-Tumor-Minor-Project\dataset\Brain Tumor MRI images\Tumor\meningioma (980).jpg,Brain Tumor MRI images/Tumor/meningioma (980).jpg,1,Tumor,MRI,61fea16c2db482c9f90d96bc714afe0277fe4ed341cbc60814b87e9243fc45c0,1
C:\Users\dondo\OneDrive\Documents\ADBU CSE(AI & ML)\5th sem\Minor Project\Project Prototype\Brain-Tumor-Minor-Project\dataset\Brain Tumor MRI images\Tumor\meningioma (981).jpg,Brain Tumor MRI images/Tumor/meningioma (981).jpg,1,Tumor,MRI,5d146f0848e3d36fa9399ca878c9525d84ac904c2af919732793dac25078869c,1
C:\Users\dondo\OneDrive\Documents\ADBU CSE(AI & ML)\5th sem\Minor Project\Project Prototype\Brain-Tumor-Minor-Project\dataset\Brain Tumor MRI images\Tumor\meningioma (986).jpg,Brain Tumor MRI images/Tumor/meningioma (986).jpg,1,Tumor,MRI,baa5dc3753acad1eef96ea0047f72d9d28a1b1768e295939b13ea9a3a0c519ba,1
C:\Users\dondo\OneDrive\Documents\ADBU CSE(AI & ML)\5th sem\Minor Project\Project Prototype\Brain-Tumor-Minor-Project\dataset\Brain Tumor MRI images\Tumor\meningioma (987).jpg,Brain Tumor MRI images/Tumor/meningioma (987).jpg,1,Tumor,MRI,c9a7645e0c71f340cab6550bcc73b0921fe52970ebdf9fd9fbde702e04dda3a0,1
C:\Users\dondo\OneDrive\Documents\ADBU CSE(AI & ML)\5th sem\Minor Project\Project Prototype\Brain-Tumor-Minor-Project\dataset\Brain Tumor MRI images\Tumor\meningioma (988).jpg,Brain Tumor MRI images/Tumor/meningioma (988).jpg,1,Tumor,MRI,9d14a976912b35bb97342f3c9e518982c832c7dab1e245d630b3b5e56de7390a,1
C:\Users\dondo\OneDrive\Documents\ADBU CSE(AI & ML)\5th sem\Minor Project\Project Prototype\Brain-Tumor-Minor-Project\dataset\Brain Tumor MRI images\Tumor\meningioma (989).jpg,Brain Tumor MRI images/Tumor/meningioma (989).jpg,1,Tumor,MRI,c9f8284a420f163f2bb7fb45567f4ee83490809097ea8e523dd1dc890a77cc6a,1
C:\Users\dondo\OneDrive\Documents\ADBU CSE(AI & ML)\5th sem\Minor Project\Project Prototype\Brain-Tumor-Minor-Project\dataset\Brain Tumor MRI images\Tumor\meningioma (99).jpg,Brain Tumor MRI images/Tumor/meningioma (99).jpg,1,Tumor,MRI,ded08172f335fef2e1d6dded731bb8d31cd313f6ac8f935f9db1ba11f1e0152f,1
C:\Users\dondo\OneDrive\Documents\ADBU CSE(AI & ML)\5th sem\Minor Project\Project Prototype\Brain-Tumor-Minor-Project\dataset\Brain Tumor MRI images\Tumor\meningioma (990).jpg,Brain Tumor MRI images/Tumor/meningioma (990).jpg,1,Tumor,MRI,079a1547a2a966570e942f905c3c3e47bd6b24da06f7b545996b07ac63038ee1,1
C:\Users\dondo\OneDrive\Documents\ADBU CSE(AI & ML)\5th sem\Minor Project\Project Prototype\Brain-Tumor-Minor-Project\dataset\Brain Tumor MRI images\Tumor\meningioma (991).jpg,Brain Tumor MRI images/Tumor/meningioma (991).jpg,1,Tumor,MRI,9c7dc501cad6e760cc93f96441e354fddbee8f9c037fb263d86176fbe4c4b111,1
C:\Users\dondo\OneDrive\Documents\ADBU CSE(AI & ML)\5th sem\Minor Project\Project Prototype\Brain-Tumor-Minor-Project\dataset\Brain Tumor MRI images\Tumor\meningioma (993).jpg,Brain Tumor MRI images/Tumor/meningioma (993).jpg,1,Tumor,MRI,82a332adbc754ec784f9b7c7fa4eb474e4ec26f61ee9f0d73e5fa75810629003,1
C:\Users\dondo\OneDrive\Documents\ADBU CSE(AI & ML)\5th sem\Minor Project\Project Prototype\Brain-Tumor-Minor-Project\dataset\Brain Tumor MRI images\Tumor\meningioma (994).jpg,Brain Tumor MRI images/Tumor/meningioma (994).jpg,1,Tumor,MRI,81284dad2d2e291ca14c6b05d6a70c065d55a809a63b3446a5de87ea4e2447dc,1
C:\Users\dondo\OneDrive\Documents\ADBU CSE(AI & ML)\5th sem\Minor Project\Project Prototype\Brain-Tumor-Minor-Project\dataset\Brain Tumor MRI images\Tumor\meningioma (998).jpg,Brain Tumor MRI images/Tumor/meningioma (998).jpg,1,Tumor,MRI,e87d6bc245216fb1a67a8f39896e530412b6c47d9fa8e46ee54dc25015a30036,1
C:\Users\dondo\OneDrive\Documents\ADBU CSE(AI & ML)\5th sem\Minor Project\Project Prototype\Brain-Tumor-Minor-Project\dataset\Brain Tumor MRI images\Tumor\meningioma (999).jpg,Brain Tumor MRI images/Tumor/meningioma (999).jpg,1,Tumor,MRI,fca963cdc66f7ba1117854f252b51e0429854a837a9cb962b2b1d9189ff3d4ae,1
C:\Users\dondo\OneDrive\Documents\ADBU CSE(AI & ML)\5th sem\Minor Project\Project Prototype\Brain-Tumor-Minor-Project\dataset\Brain Tumor MRI images\Tumor\pituitary (1).jpg,Brain Tumor MRI images/Tumor/pituitary (1).jpg,1,Tumor,MRI,140ec2a6ff274d6e7770d7e61f860f554a8f03f6328fea8aa8dc7bf0f56bed7e,1
C:\Users\dondo\OneDrive\Documents\ADBU CSE(AI & ML)\5th sem\Minor Project\Project Prototype\Brain-Tumor-Minor-Project\dataset\Brain Tumor MRI images\Tumor\pituitary (100).jpg,Brain Tumor MRI images/Tumor/pituitary (100).jpg,1,Tumor,MRI,a1e3f6468cd1f1154223d68df2aaa2dcb938ca4e5aab46d29954c740fc5c8cd5,2
C:\Users\dondo\OneDrive\Documents\ADBU CSE(AI & ML)\5th sem\Minor Project\Project Prototype\Brain-Tumor-Minor-Project\dataset\Brain Tumor MRI images\Tumor\pituitary (101).jpg,Brain Tumor MRI images/Tumor/pituitary (101).jpg,1,Tumor,MRI,8e1cde0a9d38b1622f47f1092135fda1a897081c1780659f93bd3bb755f92b53,1
C:\Users\dondo\OneDrive\Documents\ADBU CSE(AI & ML)\5th sem\Minor Project\Project Prototype\Brain-Tumor-Minor-Project\dataset\Brain Tumor MRI images\Tumor\pituitary (102).jpg,Brain Tumor MRI images/Tumor/pituitary (102).jpg,1,Tumor,MRI,155226024141d23cda73e6f81fdc874313809385a7864661ce8fa6fab597e854,1
C:\Users\dondo\OneDrive\Documents\ADBU CSE(AI & ML)\5th sem\Minor Project\Project Prototype\Brain-Tumor-Minor-Project\dataset\Brain Tumor MRI images\Tumor\pituitary (103).jpg,Brain Tumor MRI images/Tumor/pituitary (103).jpg,1,Tumor,MRI,02e17699550d8f7790e8e6f9a0dba5b510212488beafb916353abad15bdf4eb2,1
C:\Users\dondo\OneDrive\Documents\ADBU CSE(AI & ML)\5th sem\Minor Project\Project Prototype\Brain-Tumor-Minor-Project\dataset\Brain Tumor MRI images\Tumor\pituitary (104).jpg,Brain Tumor MRI images/Tumor/pituitary (104).jpg,1,Tumor,MRI,e92ca68b494f216094d787d23a1c1c6626bbfd6a5a8bb3515db8a2ee2a37c068,1
C:\Users\dondo\OneDrive\Documents\ADBU CSE(AI & ML)\5th sem\Minor Project\Project Prototype\Brain-Tumor-Minor-Project\dataset\Brain Tumor MRI images\Tumor\pituitary (105).jpg,Brain Tumor MRI images/Tumor/pituitary (105).jpg,1,Tumor,MRI,d27e298da8299184679159a0d01fc63afbb0b5605c204969ef8adf46417ea232,1
C:\Users\dondo\OneDrive\Documents\ADBU CSE(AI & ML)\5th sem\Minor Project\Project Prototype\Brain-Tumor-Minor-Project\dataset\Brain Tumor MRI images\Tumor\pituitary (106).jpg,Brain Tumor MRI images/Tumor/pituitary (106).jpg,1,Tumor,MRI,938d4351eb9e1d88e8d6809c7d06cb2e654230ba12070e89cf077adc19a013ef,1
C:\Users\dondo\OneDrive\Documents\ADBU CSE(AI & ML)\5th sem\Minor Project\Project Prototype\Brain-Tumor-Minor-Project\dataset\Brain Tumor MRI images\Tumor\pituitary (107).jpg,Brain Tumor MRI images/Tumor/pituitary (107).jpg,1,Tumor,MRI,bcbe42576046b5bc79715ab4d94a256597ec65807ec6ee7dd8181bf03650b415,1
C:\Users\dondo\OneDrive\Documents\ADBU CSE(AI & ML)\5th sem\Minor Project\Project Prototype\Brain-Tumor-Minor-Project\dataset\Brain Tumor MRI images\Tumor\pituitary (108).jpg,Brain Tumor MRI images/Tumor/pituitary (108).jpg,1,Tumor,MRI,cd1b792ba78e1e5bbfe08c0b09721782492d3dacfecb567ec0ad314d23a15d28,1
C:\Users\dondo\OneDrive\Documents\ADBU CSE(AI & ML)\5th sem\Minor Project\Project Prototype\Brain-Tumor-Minor-Project\dataset\Brain Tumor MRI images\Tumor\pituitary (109).jpg,Brain Tumor MRI images/Tumor/pituitary (109).jpg,1,Tumor,MRI,edbcdcf4bb12ed78775eb5ef17f7e3d2a9eb96dcb563415e40a820ad081aef3a,1
C:\Users\dondo\OneDrive\Documents\ADBU CSE(AI & ML)\5th sem\Minor Project\Project Prototype\Brain-Tumor-Minor-Project\dataset\Brain Tumor MRI images\Tumor\pituitary (110).jpg,Brain Tumor MRI images/Tumor/pituitary (110).jpg,1,Tumor,MRI,db873374e638a7e8ad3a7823a1e1bf6dc1c998f526cb480b3946b4e976c668be,1
C:\Users\dondo\OneDrive\Documents\ADBU CSE(AI & ML)\5th sem\Minor Project\Project Prototype\Brain-Tumor-Minor-Project\dataset\Brain Tumor MRI images\Tumor\pituitary (112).jpg,Brain Tumor MRI images/Tumor/pituitary (112).jpg,1,Tumor,MRI,ee09c8afeaee9572cdd241139858e4cae039a6b607155a7a48e80e6e9e81534f,1
C:\Users\dondo\OneDrive\Documents\ADBU CSE(AI & ML)\5th sem\Minor Project\Project Prototype\Brain-Tumor-Minor-Project\dataset\Brain Tumor MRI images\Tumor\pituitary (113).jpg,Brain Tumor MRI images/Tumor/pituitary (113).jpg,1,Tumor,MRI,86f9fdfffd2d1e0e3b59cbad2fb202e617abf9ad2f7c24943c71a9c233a95101,1
C:\Users\dondo\OneDrive\Documents\ADBU CSE(AI & ML)\5th sem\Minor Project\Project Prototype\Brain-Tumor-Minor-Project\dataset\Brain Tumor MRI images\Tumor\pituitary (115).jpg,Brain Tumor MRI images/Tumor/pituitary (115).jpg,1,Tumor,MRI,beea2aba8c4334b7a4da4d0bda9d51b26a02fdc441cfe3de9bacd9e2f9e4e85d,1
C:\Users\dondo\OneDrive\Documents\ADBU CSE(AI & ML)\5th sem\Minor Project\Project Prototype\Brain-Tumor-Minor-Project\dataset\Brain Tumor MRI images\Tumor\pituitary (116).jpg,Brain Tumor MRI images/Tumor/pituitary (116).jpg,1,Tumor,MRI,3ec3063c00d58bd4cccf9caddd87549f77e33208353284569a843b96af07fb15,1
C:\Users\dondo\OneDrive\Documents\ADBU CSE(AI & ML)\5th sem\Minor Project\Project Prototype\Brain-Tumor-Minor-Project\dataset\Brain Tumor MRI images\Tumor\pituitary (118).jpg,Brain Tumor MRI images/Tumor/pituitary (118).jpg,1,Tumor,MRI,12f44192f2b51b885c9eca03ee741a7d4e3c742c83fc5511e4895fb3851ed6b9,1
C:\Users\dondo\OneDrive\Documents\ADBU CSE(AI & ML)\5th sem\Minor Project\Project Prototype\Brain-Tumor-Minor-Project\dataset\Brain Tumor MRI images\Tumor\pituitary (12).jpg,Brain Tumor MRI images/Tumor/pituitary (12).jpg,1,Tumor,MRI,405207da54e04b7787fa6a5bcdafa0f5cba3e6e0e7860a16696e4029f14dc82f,1
C:\Users\dondo\OneDrive\Documents\ADBU CSE(AI & ML)\5th sem\Minor Project\Project Prototype\Brain-Tumor-Minor-Project\dataset\Brain Tumor MRI images\Tumor\pituitary (121).jpg,Brain Tumor MRI images/Tumor/pituitary (121).jpg,1,Tumor,MRI,49fdd0ac004bb462bef22412491a37fafed374a5139a9dcee043c0d10d7335c3,1
C:\Users\dondo\OneDrive\Documents\ADBU CSE(AI & ML)\5th sem\Minor Project\Project Prototype\Brain-Tumor-Minor-Project\dataset\Brain Tumor MRI images\Tumor\pituitary (123).jpg,Brain Tumor MRI images/Tumor/pituitary (123).jpg,1,Tumor,MRI,d27ee4580761d5ccf9bccebebcd2680ac5efe5cb5cb2aeb54777721c0769043a,1
C:\Users\dondo\OneDrive\Documents\ADBU CSE(AI & ML)\5th sem\Minor Project\Project Prototype\Brain-Tumor-Minor-Project\dataset\Brain Tumor MRI images\Tumor\pituitary (124).jpg,Brain Tumor MRI images/Tumor/pituitary (124).jpg,1,Tumor,MRI,2ae60916c3cdc1a3d934701a52e0a00f1dcbca74111e143edb737177eefd1649,1
C:\Users\dondo\OneDrive\Documents\ADBU CSE(AI & ML)\5th sem\Minor Project\Project Prototype\Brain-Tumor-Minor-Project\dataset\Brain Tumor MRI images\Tumor\pituitary (126).jpg,Brain Tumor MRI images/Tumor/pituitary (126).jpg,1,Tumor,MRI,7fd81b1cd78cd7344b692de1540df3bc760bd03f27202323f13877bee9dd140a,1
C:\Users\dondo\OneDrive\Documents\ADBU CSE(AI & ML)\5th sem\Minor Project\Project Prototype\Brain-Tumor-Minor-Project\dataset\Brain Tumor MRI images\Tumor\pituitary (127).jpg,Brain Tumor MRI images/Tumor/pituitary (127).jpg,1,Tumor,MRI,44fe9db4351def6ad0cd5e7046471e02a9da063ff4137ae4269f0bf48a8a4d27,1
C:\Users\dondo\OneDrive\Documents\ADBU CSE(AI & ML)\5th sem\Minor Project\Project Prototype\Brain-Tumor-Minor-Project\dataset\Brain Tumor MRI images\Tumor\pituitary (128).jpg,Brain Tumor MRI images/Tumor/pituitary (128).jpg,1,Tumor,MRI,f27fe5a560b86c8e735f4083353fa35a91a32506fe0be56729c88ad914de31ba,1
C:\Users\dondo\OneDrive\Documents\ADBU CSE(AI & ML)\5th sem\Minor Project\Project Prototype\Brain-Tumor-Minor-Project\dataset\Brain Tumor MRI images\Tumor\pituitary (129).jpg,Brain Tumor MRI images/Tumor/pituitary (129).jpg,1,Tumor,MRI,95e47d81fc895a69cf2ec4ff77314ef488bd7b1b99f7e87cd8ced7253a1facd7,1
C:\Users\dondo\OneDrive\Documents\ADBU CSE(AI & ML)\5th sem\Minor Project\Project Prototype\Brain-Tumor-Minor-Project\dataset\Brain Tumor MRI images\Tumor\pituitary (13).jpg,Brain Tumor MRI images/Tumor/pituitary (13).jpg,1,Tumor,MRI,9e65b5b6b48c7655c7b57971cde08b38a4de537adc4d9aa06c339565404c7786,1
C:\Users\dondo\OneDrive\Documents\ADBU CSE(AI & ML)\5th sem\Minor Project\Project Prototype\Brain-Tumor-Minor-Project\dataset\Brain Tumor MRI images\Tumor\pituitary (131).jpg,Brain Tumor MRI images/Tumor/pituitary (131).jpg,1,Tumor,MRI,b9ff43f0469c246263e12f72a99919ad0b7a1389674d2a2f2965f54a856a9a56,1
C:\Users\dondo\OneDrive\Documents\ADBU CSE(AI & ML)\5th sem\Minor Project\Project Prototype\Brain-Tumor-Minor-Project\dataset\Brain Tumor MRI images\Tumor\pituitary (132).jpg,Brain Tumor MRI images/Tumor/pituitary (132).jpg,1,Tumor,MRI,fc4f51dad8724ac4218482e55cc0727bd9efb15e9cea559526ac912bb60d71ec,1
C:\Users\dondo\OneDrive\Documents\ADBU CSE(AI & ML)\5th sem\Minor Project\Project Prototype\Brain-Tumor-Minor-Project\dataset\Brain Tumor MRI images\Tumor\pituitary (137).jpg,Brain Tumor MRI images/Tumor/pituitary (137).jpg,1,Tumor,MRI,3268362adf48393bc70940412360cf55f371188200d123055039c8de75667244,1
C:\Users\dondo\OneDrive\Documents\ADBU CSE(AI & ML)\5th sem\Minor Project\Project Prototype\Brain-Tumor-Minor-Project\dataset\Brain Tumor MRI images\Tumor\pituitary (138).jpg,Brain Tumor MRI images/Tumor/pituitary (138).jpg,1,Tumor,MRI,930d96433f1575b0cd974d32308816ffb1b9de03783da3dace1ed198a1990ff6,1
C:\Users\dondo\OneDrive\Documents\ADBU CSE(AI & ML)\5th sem\Minor Project\Project Prototype\Brain-Tumor-Minor-Project\dataset\Brain Tumor MRI images\Tumor\pituitary (139).jpg,Brain Tumor MRI images/Tumor/pituitary (139).jpg,1,Tumor,MRI,95fdd9285eb5c99927040fb84a8984a7c64d669db67a8ef9a272bcfa1c42049b,1
C:\Users\dondo\OneDrive\Documents\ADBU CSE(AI & ML)\5th sem\Minor Project\Project Prototype\Brain-Tumor-Minor-Project\dataset\Brain Tumor MRI images\Tumor\pituitary (140).jpg,Brain Tumor MRI images/Tumor/pituitary (140).jpg,1,Tumor,MRI,ee2f7c8790083be491d32bb713ef42829f825bcd8ced8e98c6a9cce7ee2e6667,1
C:\Users\dondo\OneDrive\Documents\ADBU CSE(AI & ML)\5th sem\Minor Project\Project Prototype\Brain-Tumor-Minor-Project\dataset\Brain Tumor MRI images\Tumor\pituitary (141).jpg,Brain Tumor MRI images/Tumor/pituitary (141).jpg,1,Tumor,MRI,c4ff252f2de5f163b855194f151b8496e37ad4db5172256c12c256494998e132,1
C:\Users\dondo\OneDrive\Documents\ADBU CSE(AI & ML)\5th sem\Minor Project\Project Prototype\Brain-Tumor-Minor-Project\dataset\Brain Tumor MRI images\Tumor\pituitary (142).jpg,Brain Tumor MRI images/Tumor/pituitary (142).jpg,1,Tumor,MRI,bfcd87219651d8af9dcfbfa7f9715ce0ee31732e0c9948ba7e76bd58c57cef8a,1
C:\Users\dondo\OneDrive\Documents\ADBU CSE(AI & ML)\5th sem\Minor Project\Project Prototype\Brain-Tumor-Minor-Project\dataset\Brain Tumor MRI images\Tumor\pituitary (144).jpg,Brain Tumor MRI images/Tumor/pituitary (144).jpg,1,Tumor,MRI,0abe0af245c8367e29ba134cf1bf3b4902a387893f7f449a0101822a1af05937,1
C:\Users\dondo\OneDrive\Documents\ADBU CSE(AI & ML)\5th sem\Minor Project\Project Prototype\Brain-Tumor-Minor-Project\dataset\Brain Tumor MRI images\Tumor\pituitary (148).jpg,Brain Tumor MRI images/Tumor/pituitary (148).jpg,1,Tumor,MRI,6877d024ca43d9772493b3fd40d33bed2f3659938904226df19e6d37fcf964a0,1
C:\Users\dondo\OneDrive\Documents\ADBU CSE(AI & ML)\5th sem\Minor Project\Project Prototype\Brain-Tumor-Minor-Project\dataset\Brain Tumor MRI images\Tumor\pituitary (15).jpg,Brain Tumor MRI images/Tumor/pituitary (15).jpg,1,Tumor,MRI,12c771fccfda86970cc4bc5742ba8ff00df3b915f93e950deb3993949f5c8f23,1
C:\Users\dondo\OneDrive\Documents\ADBU CSE(AI & ML)\5th sem\Minor Project\Project Prototype\Brain-Tumor-Minor-Project\dataset\Brain Tumor MRI images\Tumor\pituitary (150).jpg,Brain Tumor MRI images/Tumor/pituitary (150).jpg,1,Tumor,MRI,83a71c78854c3809258ef7dc5bf414b07137ee56d511420c03b9543e17c6ce89,1
C:\Users\dondo\OneDrive\Documents\ADBU CSE(AI & ML)\5th sem\Minor Project\Project Prototype\Brain-Tumor-Minor-Project\dataset\Brain Tumor MRI images\Tumor\pituitary (155).jpg,Brain Tumor MRI images/Tumor/pituitary (155).jpg,1,Tumor,MRI,59d331f64e500b7019635a25c08ae5ea66fa047ab5e45f8f9719fcd9ead042c2,1
C:\Users\dondo\OneDrive\Documents\ADBU CSE(AI & ML)\5th sem\Minor Project\Project Prototype\Brain-Tumor-Minor-Project\dataset\Brain Tumor MRI images\Tumor\pituitary (157).jpg,Brain Tumor MRI images/Tumor/pituitary (157).jpg,1,Tumor,MRI,db58317f14123f60ae84e93b884dbd45e9ca7b690512eb2d8f5c17133ff30b3b,1
C:\Users\dondo\OneDrive\Documents\ADBU CSE(AI & ML)\5th sem\Minor Project\Project Prototype\Brain-Tumor-Minor-Project\dataset\Brain Tumor MRI images\Tumor\pituitary (158).jpg,Brain Tumor MRI images/Tumor/pituitary (158).jpg,1,Tumor,MRI,543ed4e39f8ab169b605bcc4fb3167ce839edafdb8d476a4e2ccb9be1ac305a8,1
C:\Users\dondo\OneDrive\Documents\ADBU CSE(AI & ML)\5th sem\Minor Project\Project Prototype\Brain-Tumor-Minor-Project\dataset\Brain Tumor MRI images\Tumor\pituitary (16).jpg,Brain Tumor MRI images/Tumor/pituitary (16).jpg,1,Tumor,MRI,cb0fdd92a223e0a244f142c06ebb409593d0189c479fc2d4f555787071c4dc96,1
C:\Users\dondo\OneDrive\Documents\ADBU CSE(AI & ML)\5th sem\Minor Project\Project Prototype\Brain-Tumor-Minor-Project\dataset\Brain Tumor MRI images\Tumor\pituitary (161).jpg,Brain Tumor MRI images/Tumor/pituitary (161).jpg,1,Tumor,MRI,5738b314fb35a8a113bb4c286e32ce1d2bacc0c27694e20ffca7f634b94e8d23,1
C:\Users\dondo\OneDrive\Documents\ADBU CSE(AI & ML)\5th sem\Minor Project\Project Prototype\Brain-Tumor-Minor-Project\dataset\Brain Tumor MRI images\Tumor\pituitary (162).jpg,Brain Tumor MRI images/Tumor/pituitary (162).jpg,1,Tumor,MRI,2f78a7a86880a89ade7ad7a3bbe94b8dcb0094defbed49cf5176399ddc96661a,1
C:\Users\dondo\OneDrive\Documents\ADBU CSE(AI & ML)\5th sem\Minor Project\Project Prototype\Brain-Tumor-Minor-Project\dataset\Brain Tumor MRI images\Tumor\pituitary (163).jpg,Brain Tumor MRI images/Tumor/pituitary (163).jpg,1,Tumor,MRI,409cf814a6488a5eacf24265bffc2c20b1fc8ca7acb9c730c9fe7036134fcd2d,1
C:\Users\dondo\OneDrive\Documents\ADBU CSE(AI & ML)\5th sem\Minor Project\Project Prototype\Brain-Tumor-Minor-Project\dataset\Brain Tumor MRI images\Tumor\pituitary (168).jpg,Brain Tumor MRI images/Tumor/pituitary (168).jpg,1,Tumor,MRI,d4d7476da3c482562a5bdfa641aeab10276593cb90c0db41d7fd17b8a433339a,1
C:\Users\dondo\OneDrive\Documents\ADBU CSE(AI & ML)\5th sem\Minor Project\Project Prototype\Brain-Tumor-Minor-Project\dataset\Brain Tumor MRI images\Tumor\pituitary (169).jpg,Brain Tumor MRI images/Tumor/pituitary (169).jpg,1,Tumor,MRI,48edc165d79ef38cbbfd18ed82893f73d50d3958c88e751f52d491c2ff460368,1
C:\Users\dondo\OneDrive\Documents\ADBU CSE(AI & ML)\5th sem\Minor Project\Project Prototype\Brain-Tumor-Minor-Project\dataset\Brain Tumor MRI images\Tumor\pituitary (170).jpg,Brain Tumor MRI images/Tumor/pituitary (170).jpg,1,Tumor,MRI,3bd87711917d787738deca613a02e6ec539018659aab1559cee73256293699c7,1
C:\Users\dondo\OneDrive\Documents\ADBU CSE(AI & ML)\5th sem\Minor Project\Project Prototype\Brain-Tumor-Minor-Project\dataset\Brain Tumor MRI images\Tumor\pituitary (171).jpg,Brain Tumor MRI images/Tumor/pituitary (171).jpg,1,Tumor,MRI,38d112e1ec26db7beb2196baa882ce6bad3630b07772d2ca3f6decccef6e3eed,1
C:\Users\dondo\OneDrive\Documents\ADBU CSE(AI & ML)\5th sem\Minor Project\Project Prototype\Brain-Tumor-Minor-Project\dataset\Brain Tumor MRI images\Tumor\pituitary (176).jpg,Brain Tumor MRI images/Tumor/pituitary (176).jpg,1,Tumor,MRI,e0f2adc05caffdc822b04fb1a60a8d2d658ec79311455477cb6dadf50a5856db,1
C:\Users\dondo\OneDrive\Documents\ADBU CSE(AI & ML)\5th sem\Minor Project\Project Prototype\Brain-Tumor-Minor-Project\dataset\Brain Tumor MRI images\Tumor\pituitary (177).jpg,Brain Tumor MRI images/Tumor/pituitary (177).jpg,1,Tumor,MRI,8d9bf066bfc40f7c176f6a4d72e8c7276f560aa6149b15865a154e998e07c346,1
C:\Users\dondo\OneDrive\Documents\ADBU CSE(AI & ML)\5th sem\Minor Project\Project Prototype\Brain-Tumor-Minor-Project\dataset\Brain Tumor MRI images\Tumor\pituitary (179).jpg,Brain Tumor MRI images/Tumor/pituitary (179).jpg,1,Tumor,MRI,868c0b3ba69daf3ca88eadae53dda108c56495dccbf8aecb3941ab917d2e5629,1
C:\Users\dondo\OneDrive\Documents\ADBU CSE(AI & ML)\5th sem\Minor Project\Project Prototype\Brain-Tumor-Minor-Project\dataset\Brain Tumor MRI images\Tumor\pituitary (18).jpg,Brain Tumor MRI images/Tumor/pituitary (18).jpg,1,Tumor,MRI,e950940398a31585e59e84f2db0955b0a31a38da0b9276b2e2b9905d6396bf19,1
C:\Users\dondo\OneDrive\Documents\ADBU CSE(AI & ML)\5th sem\Minor Project\Project Prototype\Brain-Tumor-Minor-Project\dataset\Brain Tumor MRI images\Tumor\pituitary (181).jpg,Brain Tumor MRI images/Tumor/pituitary (181).jpg,1,Tumor,MRI,7d7d2bdc4bab233368f75d4b01e364e11ff125dc6aebf5c5961cee2e9924c6cf,1
C:\Users\dondo\OneDrive\Documents\ADBU CSE(AI & ML)\5th sem\Minor Project\Project Prototype\Brain-Tumor-Minor-Project\dataset\Brain Tumor MRI images\Tumor\pituitary (183).jpg,Brain Tumor MRI images/Tumor/pituitary (183).jpg,1,Tumor,MRI,bd606b294559f7dc4122b1ee391102f3f8d541f408c58761576727d0be2e0187,1
C:\Users\dondo\OneDrive\Documents\ADBU CSE(AI & ML)\5th sem\Minor Project\Project Prototype\Brain-Tumor-Minor-Project\dataset\Brain Tumor MRI images\Tumor\pituitary (184).jpg,Brain Tumor MRI images/Tumor/pituitary (184).jpg,1,Tumor,MRI,cdfd27e0c2a54bb9b65437f6c6a61b97c87b66a40c66d7d3fcfc64d490125585,1
C:\Users\dondo\OneDrive\Documents\ADBU CSE(AI & ML)\5th sem\Minor Project\Project Prototype\Brain-Tumor-Minor-Project\dataset\Brain Tumor MRI images\Tumor\pituitary (185).jpg,Brain Tumor MRI images/Tumor/pituitary (185).jpg,1,Tumor,MRI,8a8c0d523c62b4830ad07a9ebd75e63cf4186e293dd8d0fa49df7e61c06f9444,1
C:\Users\dondo\OneDrive\Documents\ADBU CSE(AI & ML)\5th sem\Minor Project\Project Prototype\Brain-Tumor-Minor-Project\dataset\Brain Tumor MRI images\Tumor\pituitary (187).jpg,Brain Tumor MRI images/Tumor/pituitary (187).jpg,1,Tumor,MRI,f901701d52d6c9eec5b376f62b8aea378c2924b2ad1eeddb21eccee099dc562f,1
C:\Users\dondo\OneDrive\Documents\ADBU CSE(AI & ML)\5th sem\Minor Project\Project Prototype\Brain-Tumor-Minor-Project\dataset\Brain Tumor MRI images\Tumor\pituitary (188).jpg,Brain Tumor MRI images/Tumor/pituitary (188).jpg,1,Tumor,MRI,36d7cf68677720cf4f1dc88a02cdcaea2a4b30c5a95a7a7927e382ae093c65a2,1
C:\Users\dondo\OneDrive\Documents\ADBU CSE(AI & ML)\5th sem\Minor Project\Project Prototype\Brain-Tumor-Minor-Project\dataset\Brain Tumor MRI images\Tumor\pituitary (189).jpg,Brain Tumor MRI images/Tumor/pituitary (189).jpg,1,Tumor,MRI,e8175c2a0591733bb8ebfdd12cbb45f3d7aa8099c39be4b857c671531362114e,1
C:\Users\dondo\OneDrive\Documents\ADBU CSE(AI & ML)\5th sem\Minor Project\Project Prototype\Brain-Tumor-Minor-Project\dataset\Brain Tumor MRI images\Tumor\pituitary (190).jpg,Brain Tumor MRI images/Tumor/pituitary (190).jpg,1,Tumor,MRI,21ec216b8b0b64430d91392034daa17883cd1036cb692e2c6807c164e29f9e8b,1
C:\Users\dondo\OneDrive\Documents\ADBU CSE(AI & ML)\5th sem\Minor Project\Project Prototype\Brain-Tumor-Minor-Project\dataset\Brain Tumor MRI images\Tumor\pituitary (191).jpg,Brain Tumor MRI images/Tumor/pituitary (191).jpg,1,Tumor,MRI,c480e0ab3fb09be1c140d7644dd536b251514db485f351787dff5aab4d4ec572,1
C:\Users\dondo\OneDrive\Documents\ADBU CSE(AI & ML)\5th sem\Minor Project\Project Prototype\Brain-Tumor-Minor-Project\dataset\Brain Tumor MRI images\Tumor\pituitary (193).jpg,Brain Tumor MRI images/Tumor/pituitary (193).jpg,1,Tumor,MRI,e7c4245ab288c34733f71617bc3ce41d0aad685d0254d2901bf50bf79489bbd8,1
C:\Users\dondo\OneDrive\Documents\ADBU CSE(AI & ML)\5th sem\Minor Project\Project Prototype\Brain-Tumor-Minor-Project\dataset\Brain Tumor MRI images\Tumor\pituitary (196).jpg,Brain Tumor MRI images/Tumor/pituitary (196).jpg,1,Tumor,MRI,0130d4528fb706072e038d71599120075e59317fc7f2325c88e3a0f21a4caca4,1
C:\Users\dondo\OneDrive\Documents\ADBU CSE(AI & ML)\5th sem\Minor Project\Project Prototype\Brain-Tumor-Minor-Project\dataset\Brain Tumor MRI images\Tumor\pituitary (199).jpg,Brain Tumor MRI images/Tumor/pituitary (199).jpg,1,Tumor,MRI,172fca3a0b680a8a36e98581e2a7b041535f362342b7585de3ae962a8bf5aaec,1
C:\Users\dondo\OneDrive\Documents\ADBU CSE(AI & ML)\5th sem\Minor Project\Project Prototype\Brain-Tumor-Minor-Project\dataset\Brain Tumor MRI images\Tumor\pituitary (2).jpg,Brain Tumor MRI images/Tumor/pituitary (2).jpg,1,Tumor,MRI,053963c0c378c309ecdcf430ebbc03f17cfb1dbfaf6dfb79ad3bbde5b72815c8,1
C:\Users\dondo\OneDrive\Documents\ADBU CSE(AI & ML)\5th sem\Minor Project\Project Prototype\Brain-Tumor-Minor-Project\dataset\Brain Tumor MRI images\Tumor\pituitary (203).jpg,Brain Tumor MRI images/Tumor/pituitary (203).jpg,1,Tumor,MRI,ee95dd9c256f48d8ff627b7519604fba26e2cd9fd81a9376849779455a75d514,1
C:\Users\dondo\OneDrive\Documents\ADBU CSE(AI & ML)\5th sem\Minor Project\Project Prototype\Brain-Tumor-Minor-Project\dataset\Brain Tumor MRI images\Tumor\pituitary (204).jpg,Brain Tumor MRI images/Tumor/pituitary (204).jpg,1,Tumor,MRI,a9536ea0b8b4ca9f1ef74ea36af7c8edda6f3d25afe2c457768d5d69f659810c,1
C:\Users\dondo\OneDrive\Documents\ADBU CSE(AI & ML)\5th sem\Minor Project\Project Prototype\Brain-Tumor-Minor-Project\dataset\Brain Tumor MRI images\Tumor\pituitary (206).jpg,Brain Tumor MRI images/Tumor/pituitary (206).jpg,1,Tumor,MRI,968cae2d19f94cf6535878df8703e1de74ade7f5d668b0271b74906e7b9f4992,1
C:\Users\dondo\OneDrive\Documents\ADBU CSE(AI & ML)\5th sem\Minor Project\Project Prototype\Brain-Tumor-Minor-Project\dataset\Brain Tumor MRI images\Tumor\pituitary (209).jpg,Brain Tumor MRI images/Tumor/pituitary (209).jpg,1,Tumor,MRI,42755b8fabf0ef34cd948046642b24f56151ed71f5d08f1f33360745d9e40ae7,1
C:\Users\dondo\OneDrive\Documents\ADBU CSE(AI & ML)\5th sem\Minor Project\Project Prototype\Brain-Tumor-Minor-Project\dataset\Brain Tumor MRI images\Tumor\pituitary (21).jpg,Brain Tumor MRI images/Tumor/pituitary (21).jpg,1,Tumor,MRI,c09bd23cb83e34c93d3a633c58225db9e917e7f887f5641db55eebf6ba30776b,1
C:\Users\dondo\OneDrive\Documents\ADBU CSE(AI & ML)\5th sem\Minor Project\Project Prototype\Brain-Tumor-Minor-Project\dataset\Brain Tumor MRI images\Tumor\pituitary (210).jpg,Brain Tumor MRI images/Tumor/pituitary (210).jpg,1,Tumor,MRI,ab48c98996f249c54993faad4e9ed26abd8c2076f537226a847d386810ce40ae,1
C:\Users\dondo\OneDrive\Documents\ADBU CSE(AI & ML)\5th sem\Minor Project\Project Prototype\Brain-Tumor-Minor-Project\dataset\Brain Tumor MRI images\Tumor\pituitary (211).jpg,Brain Tumor MRI images/Tumor/pituitary (211).jpg,1,Tumor,MRI,53bd6b82d34e95aebba9fe1f8fb38ab23ab928f9aa59caab1dcd03118ba34051,1
C:\Users\dondo\OneDrive\Documents\ADBU CSE(AI & ML)\5th sem\Minor Project\Project Prototype\Brain-Tumor-Minor-Project\dataset\Brain Tumor MRI images\Tumor\pituitary (212).jpg,Brain Tumor MRI images/Tumor/pituitary (212).jpg,1,Tumor,MRI,a38bf0f306d7f93361722f02343ef33260c2e71850ea1528d91f0af6e8133cc9,1
C:\Users\dondo\OneDrive\Documents\ADBU CSE(AI & ML)\5th sem\Minor Project\Project Prototype\Brain-Tumor-Minor-Project\dataset\Brain Tumor MRI images\Tumor\pituitary (213).jpg,Brain Tumor MRI images/Tumor/pituitary (213).jpg,1,Tumor,MRI,981aa7bd84747f582461cf5976dc185825712d7fb7ed086e5efbbe2ae9c44c9d,1
C:\Users\dondo\OneDrive\Documents\ADBU CSE(AI & ML)\5th sem\Minor Project\Project Prototype\Brain-Tumor-Minor-Project\dataset\Brain Tumor MRI images\Tumor\pituitary (217).jpg,Brain Tumor MRI images/Tumor/pituitary (217).jpg,1,Tumor,MRI,0b9db504395fd276536e9e3fc5955724029d7a4997e9e6c5a5a1071c3cba21af,1
C:\Users\dondo\OneDrive\Documents\ADBU CSE(AI & ML)\5th sem\Minor Project\Project Prototype\Brain-Tumor-Minor-Project\dataset\Brain Tumor MRI images\Tumor\pituitary (218).jpg,Brain Tumor MRI images/Tumor/pituitary (218).jpg,1,Tumor,MRI,a7a00fd4cf6b1f5d1a0baeae18f086922f9658d8d46acf76efb4df9f3ef2e474,1
C:\Users\dondo\OneDrive\Documents\ADBU CSE(AI & ML)\5th sem\Minor Project\Project Prototype\Brain-Tumor-Minor-Project\dataset\Brain Tumor MRI images\Tumor\pituitary (22).jpg,Brain Tumor MRI images/Tumor/pituitary (22).jpg,1,Tumor,MRI,23a0b0dfe7a8d21de5ad34b31d5fe0fceccaabe1c72cea8cabf3d5bd5944fbe4,1
C:\Users\dondo\OneDrive\Documents\ADBU CSE(AI & ML)\5th sem\Minor Project\Project Prototype\Brain-Tumor-Minor-Project\dataset\Brain Tumor MRI images\Tumor\pituitary (220).jpg,Brain Tumor MRI images/Tumor/pituitary (220).jpg,1,Tumor,MRI,1b8e8abf6d5d33a5a13611749b2498209858f9da96671ff5753dc2e963166a35,1
C:\Users\dondo\OneDrive\Documents\ADBU CSE(AI & ML)\5th sem\Minor Project\Project Prototype\Brain-Tumor-Minor-Project\dataset\Brain Tumor MRI images\Tumor\pituitary (222).jpg,Brain Tumor MRI images/Tumor/pituitary (222).jpg,1,Tumor,MRI,59448717701985d7fd72286dc152e9bccb54a2b3d375befb81907eeaf7e84931,1
C:\Users\dondo\OneDrive\Documents\ADBU CSE(AI & ML)\5th sem\Minor Project\Project Prototype\Brain-Tumor-Minor-Project\dataset\Brain Tumor MRI images\Tumor\pituitary (223).jpg,Brain Tumor MRI images/Tumor/pituitary (223).jpg,1,Tumor,MRI,65c1f063b36134453af8312806f6658a35c9e97b55556bc548885afad6660fdf,1
C:\Users\dondo\OneDrive\Documents\ADBU CSE(AI & ML)\5th sem\Minor Project\Project Prototype\Brain-Tumor-Minor-Project\dataset\Brain Tumor MRI images\Tumor\pituitary (224).jpg,Brain Tumor MRI images/Tumor/pituitary (224).jpg,1,Tumor,MRI,8bc290587d6f0a9b1dad40b15ab3975cd46ad45f974246663307df7204ad356e,1
C:\Users\dondo\OneDrive\Documents\ADBU CSE(AI & ML)\5th sem\Minor Project\Project Prototype\Brain-Tumor-Minor-Project\dataset\Brain Tumor MRI images\Tumor\pituitary (226).jpg,Brain Tumor MRI images/Tumor/pituitary (226).jpg,1,Tumor,MRI,efb30e0463f1fd459dbf8fbd69214fd69bf365f2b5797c8482f78b261e2f9571,1
C:\Users\dondo\OneDrive\Documents\ADBU CSE(AI & ML)\5th sem\Minor Project\Project Prototype\Brain-Tumor-Minor-Project\dataset\Brain Tumor MRI images\Tumor\pituitary (227).jpg,Brain Tumor MRI images/Tumor/pituitary (227).jpg,1,Tumor,MRI,42024d0a8139285a0abdc49acbc3f63370799f4c48b92f6ba5a3e13f596a843a,1
C:\Users\dondo\OneDrive\Documents\ADBU CSE(AI & ML)\5th sem\Minor Project\Project Prototype\Brain-Tumor-Minor-Project\dataset\Brain Tumor MRI images\Tumor\pituitary (228).jpg,Brain Tumor MRI images/Tumor/pituitary (228).jpg,1,Tumor,MRI,400f08f23a6aebe76f91a87a191139c8a468865c5b49e280c76a40e160f84d5c,1
C:\Users\dondo\OneDrive\Documents\ADBU CSE(AI & ML)\5th sem\Minor Project\Project Prototype\Brain-Tumor-Minor-Project\dataset\Brain Tumor MRI images\Tumor\pituitary (23).jpg,Brain Tumor MRI images/Tumor/pituitary (23).jpg,1,Tumor,MRI,fb27ebb5d8e0ea803da9b48e780aad393d0a37b82343b6e5e20903b2c0c543ab,1
C:\Users\dondo\OneDrive\Documents\ADBU CSE(AI & ML)\5th sem\Minor Project\Project Prototype\Brain-Tumor-Minor-Project\dataset\Brain Tumor MRI images\Tumor\pituitary (231).jpg,Brain Tumor MRI images/Tumor/pituitary (231).jpg,1,Tumor,MRI,bef7cea7957e8357d2b162576e22b6620fe2bbd40c7b6b9e7bc732559fe88726,1
C:\Users\dondo\OneDrive\Documents\ADBU CSE(AI & ML)\5th sem\Minor Project\Project Prototype\Brain-Tumor-Minor-Project\dataset\Brain Tumor MRI images\Tumor\pituitary (235).jpg,Brain Tumor MRI images/Tumor/pituitary (235).jpg,1,Tumor,MRI,40da8995da41c662027bbd188e6092eec21de3bbef20379887e1644b5d2d5aad,1
C:\Users\dondo\OneDrive\Documents\ADBU CSE(AI & ML)\5th sem\Minor Project\Project Prototype\Brain-Tumor-Minor-Project\dataset\Brain Tumor MRI images\Tumor\pituitary (236).jpg,Brain Tumor MRI images/Tumor/pituitary (236).jpg,1,Tumor,MRI,5a2515fa51e1908c6225695b396e71ba09a58bffbd9158d9421cbe18682a2a56,1
C:\Users\dondo\OneDrive\Documents\ADBU CSE(AI & ML)\5th sem\Minor Project\Project Prototype\Brain-Tumor-Minor-Project\dataset\Brain Tumor MRI images\Tumor\pituitary (237).jpg,Brain Tumor MRI images/Tumor/pituitary (237).jpg,1,Tumor,MRI,8b3a464db00368cb7ebcf3ef1e5b024c59896b826d7da0f018c7a677795499d3,1
C:\Users\dondo\OneDrive\Documents\ADBU CSE(AI & ML)\5th sem\Minor Project\Project Prototype\Brain-Tumor-Minor-Project\dataset\Brain Tumor MRI images\Tumor\pituitary (238).jpg,Brain Tumor MRI images/Tumor/pituitary (238).jpg,1,Tumor,MRI,7777aa0f3bf5fef17b59732ddfbb745008e13f3f9185d350edd0133f07f92d35,1
C:\Users\dondo\OneDrive\Documents\ADBU CSE(AI & ML)\5th sem\Minor Project\Project Prototype\Brain-Tumor-Minor-Project\dataset\Brain Tumor MRI images\Tumor\pituitary (239).jpg,Brain Tumor MRI images/Tumor/pituitary (239).jpg,1,Tumor,MRI,91e058282dba80b7cf3af32148a43b0f8641afc3355f822e46185238c75c5d25,1
C:\Users\dondo\OneDrive\Documents\ADBU CSE(AI & ML)\5th sem\Minor Project\Project Prototype\Brain-Tumor-Minor-Project\dataset\Brain Tumor MRI images\Tumor\pituitary (240).jpg,Brain Tumor MRI images/Tumor/pituitary (240).jpg,1,Tumor,MRI,8b952c019e295b7936deabda7d9e885e387e3d32aa89f919409a69359ab92825,1
C:\Users\dondo\OneDrive\Documents\ADBU CSE(AI & ML)\5th sem\Minor Project\Project Prototype\Brain-Tumor-Minor-Project\dataset\Brain Tumor MRI images\Tumor\pituitary (242).jpg,Brain Tumor MRI images/Tumor/pituitary (242).jpg,1,Tumor,MRI,bee7115f773cac7fbbde0aa4e2c3c450ff58bb00e3f8f02c2741d29a6594ccea,1
C:\Users\dondo\OneDrive\Documents\ADBU CSE(AI & ML)\5th sem\Minor Project\Project Prototype\Brain-Tumor-Minor-Project\dataset\Brain Tumor MRI images\Tumor\pituitary (243).jpg,Brain Tumor MRI images/Tumor/pituitary (243).jpg,1,Tumor,MRI,2ec1634d0a80b0e7a5ac303b87588855a0ee196644f71707d5bd845ad133fdb2,1
C:\Users\dondo\OneDrive\Documents\ADBU CSE(AI & ML)\5th sem\Minor Project\Project Prototype\Brain-Tumor-Minor-Project\dataset\Brain Tumor MRI images\Tumor\pituitary (244).jpg,Brain Tumor MRI images/Tumor/pituitary (244).jpg,1,Tumor,MRI,7884435698fdf05b17408e4f304b4876f0c288f0066fee5006ba69e62772afe4,1
C:\Users\dondo\OneDrive\Documents\ADBU CSE(AI & ML)\5th sem\Minor Project\Project Prototype\Brain-Tumor-Minor-Project\dataset\Brain Tumor MRI images\Tumor\pituitary (245).jpg,Brain Tumor MRI images/Tumor/pituitary (245).jpg,1,Tumor,MRI,47d251d2e4b6ffd55c34cb48dfc262b001bc702f51338496064a1b94d5134f9c,1
C:\Users\dondo\OneDrive\Documents\ADBU CSE(AI & ML)\5th sem\Minor Project\Project Prototype\Brain-Tumor-Minor-Project\dataset\Brain Tumor MRI images\Tumor\pituitary (246).jpg,Brain Tumor MRI images/Tumor/pituitary (246).jpg,1,Tumor,MRI,1d91da2d0a883e276ab806dd25a369a6d7149a310e4393b26f28ee59f6086f1c,1
C:\Users\dondo\OneDrive\Documents\ADBU CSE(AI & ML)\5th sem\Minor Project\Project Prototype\Brain-Tumor-Minor-Project\dataset\Brain Tumor MRI images\Tumor\pituitary (247).jpg,Brain Tumor MRI images/Tumor/pituitary (247).jpg,1,Tumor,MRI,4f75397c643a0b0c510bdaa1a52e16a6c411c2c9770171c276c2543016409950,1
C:\Users\dondo\OneDrive\Documents\ADBU CSE(AI & ML)\5th sem\Minor Project\Project Prototype\Brain-Tumor-Minor-Project\dataset\Brain Tumor MRI images\Tumor\pituitary (248).jpg,Brain Tumor MRI images/Tumor/pituitary (248).jpg,1,Tumor,MRI,6ab1a18307995e2634200ba56209fad82897aa251426b62365ecd3f42fc0f2b8,1
C:\Users\dondo\OneDrive\Documents\ADBU CSE(AI & ML)\5th sem\Minor Project\Project Prototype\Brain-Tumor-Minor-Project\dataset\Brain Tumor MRI images\Tumor\pituitary (249).jpg,Brain Tumor MRI images/Tumor/pituitary (249).jpg,1,Tumor,MRI,28d720acc9fab0c0a6d9d217000bbdb243a7063101eaa1b697fbf313c6e15049,1
C:\Users\dondo\OneDrive\Documents\ADBU CSE(AI & ML)\5th sem\Minor Project\Project Prototype\Brain-Tumor-Minor-Project\dataset\Brain Tumor MRI images\Tumor\pituitary (25).jpg,Brain Tumor MRI images/Tumor/pituitary (25).jpg,1,Tumor,MRI,332c8855938b13066100d5806607eda8ae1b33208923913c7273d86db717f351,1
C:\Users\dondo\OneDrive\Documents\ADBU CSE(AI & ML)\5th sem\Minor Project\Project Prototype\Brain-Tumor-Minor-Project\dataset\Brain Tumor MRI images\Tumor\pituitary (250).jpg,Brain Tumor MRI images/Tumor/pituitary (250).jpg,1,Tumor,MRI,090dbdea36887f78bf51565d2756a2bbd01061987d9d9cc73d60270497c6ece1,1
C:\Users\dondo\OneDrive\Documents\ADBU CSE(AI & ML)\5th sem\Minor Project\Project Prototype\Brain-Tumor-Minor-Project\dataset\Brain Tumor MRI images\Tumor\pituitary (252).jpg,Brain Tumor MRI images/Tumor/pituitary (252).jpg,1,Tumor,MRI,bdf58b7051c0b8cde3156a202efdaa40c527ffdc19b063f97c9b12d107ab7256,1
C:\Users\dondo\OneDrive\Documents\ADBU CSE(AI & ML)\5th sem\Minor Project\Project Prototype\Brain-Tumor-Minor-Project\dataset\Brain Tumor MRI images\Tumor\pituitary (253).jpg,Brain Tumor MRI images/Tumor/pituitary (253).jpg,1,Tumor,MRI,e7db61f874ef005be7eab609d549969a04a8c88ce308b9f5ad7a475ee0c60445,1
C:\Users\dondo\OneDrive\Documents\ADBU CSE(AI & ML)\5th sem\Minor Project\Project Prototype\Brain-Tumor-Minor-Project\dataset\Brain Tumor MRI images\Tumor\pituitary (254).jpg,Brain Tumor MRI images/Tumor/pituitary (254).jpg,1,Tumor,MRI,6db3464b78b0034d977fe5b27f335c71a7fae44f821587551e6cfd372e8d2254,1
C:\Users\dondo\OneDrive\Documents\ADBU CSE(AI & ML)\5th sem\Minor Project\Project Prototype\Brain-Tumor-Minor-Project\dataset\Brain Tumor MRI images\Tumor\pituitary (257).jpg,Brain Tumor MRI images/Tumor/pituitary (257).jpg,1,Tumor,MRI,92856114573b84c8d62ef28fec93f8f1ab3d24f5f58cf155a0e04c15a25810b9,1
C:\Users\dondo\OneDrive\Documents\ADBU CSE(AI & ML)\5th sem\Minor Project\Project Prototype\Brain-Tumor-Minor-Project\dataset\Brain Tumor MRI images\Tumor\pituitary (258).jpg,Brain Tumor MRI images/Tumor/pituitary (258).jpg,1,Tumor,MRI,a9013ca0be46ac72b8785690248e1f75cccb0df47e00d0deaac70edacb2ce1e8,1
C:\Users\dondo\OneDrive\Documents\ADBU CSE(AI & ML)\5th sem\Minor Project\Project Prototype\Brain-Tumor-Minor-Project\dataset\Brain Tumor MRI images\Tumor\pituitary (259).jpg,Brain Tumor MRI images/Tumor/pituitary (259).jpg,1,Tumor,MRI,b56cc95cc8be270e6e21bc62b6af82169adfdc8ed3d6a2c0b21c620ccadf24ee,1
C:\Users\dondo\OneDrive\Documents\ADBU CSE(AI & ML)\5th sem\Minor Project\Project Prototype\Brain-Tumor-Minor-Project\dataset\Brain Tumor MRI images\Tumor\pituitary (263).jpg,Brain Tumor MRI images/Tumor/pituitary (263).jpg,1,Tumor,MRI,fa60fc556b0b4066c9de58fad12f53fcf2150a3e396acafa5fb6470140a49081,1
C:\Users\dondo\OneDrive\Documents\ADBU CSE(AI & ML)\5th sem\Minor Project\Project Prototype\Brain-Tumor-Minor-Project\dataset\Brain Tumor MRI images\Tumor\pituitary (264).jpg,Brain Tumor MRI images/Tumor/pituitary (264).jpg,1,Tumor,MRI,fb5d7c1add727da96a2520d5424a65e8f7ea30fe186a7d343e38524f37b3ebc5,1
C:\Users\dondo\OneDrive\Documents\ADBU CSE(AI & ML)\5th sem\Minor Project\Project Prototype\Brain-Tumor-Minor-Project\dataset\Brain Tumor MRI images\Tumor\pituitary (266).jpg,Brain Tumor MRI images/Tumor/pituitary (266).jpg,1,Tumor,MRI,4961135ab48fcbdd41f0462f0a95fe1faa6d0f6d387f934850344ef42bda72e9,1
C:\Users\dondo\OneDrive\Documents\ADBU CSE(AI & ML)\5th sem\Minor Project\Project Prototype\Brain-Tumor-Minor-Project\dataset\Brain Tumor MRI images\Tumor\pituitary (268).jpg,Brain Tumor MRI images/Tumor/pituitary (268).jpg,1,Tumor,MRI,0931ff6f68d3d3594c4b428b853ed1361b61ff255a8ea6797b2888240c8be62f,1
C:\Users\dondo\OneDrive\Documents\ADBU CSE(AI & ML)\5th sem\Minor Project\Project Prototype\Brain-Tumor-Minor-Project\dataset\Brain Tumor MRI images\Tumor\pituitary (269).jpg,Brain Tumor MRI images/Tumor/pituitary (269).jpg,1,Tumor,MRI,cf836f44102c90b074430bc91d1bd3478f587403e2dc644af36280a76571e0b1,1
C:\Users\dondo\OneDrive\Documents\ADBU CSE(AI & ML)\5th sem\Minor Project\Project Prototype\Brain-Tumor-Minor-Project\dataset\Brain Tumor MRI images\Tumor\pituitary (27).jpg,Brain Tumor MRI images/Tumor/pituitary (27).jpg,1,Tumor,MRI,a215d4634abef12c0a37f36fc032efdf23921ee77c02ffb66cb7389fd38446fd,1
C:\Users\dondo\OneDrive\Documents\ADBU CSE(AI & ML)\5th sem\Minor Project\Project Prototype\Brain-Tumor-Minor-Project\dataset\Brain Tumor MRI images\Tumor\pituitary (270).jpg,Brain Tumor MRI images/Tumor/pituitary (270).jpg,1,Tumor,MRI,60350633a24dcc3ba042749075d474ec37b7b45ad7a252397f45185b151434be,1
C:\Users\dondo\OneDrive\Documents\ADBU CSE(AI & ML)\5th sem\Minor Project\Project Prototype\Brain-Tumor-Minor-Project\dataset\Brain Tumor MRI images\Tumor\pituitary (272).jpg,Brain Tumor MRI images/Tumor/pituitary (272).jpg,1,Tumor,MRI,489cd5935b44dc9bdabe0edcf3679175b032687dcb39d1dc630ca9d414982983,1
C:\Users\dondo\OneDrive\Documents\ADBU CSE(AI & ML)\5th sem\Minor Project\Project Prototype\Brain-Tumor-Minor-Project\dataset\Brain Tumor MRI images\Tumor\pituitary (273).jpg,Brain Tumor MRI images/Tumor/pituitary (273).jpg,1,Tumor,MRI,119a862b4dc18d842f2504bb1a44a23a058d07788a9b276df522ec6d18b49a7e,1
C:\Users\dondo\OneDrive\Documents\ADBU CSE(AI & ML)\5th sem\Minor Project\Project Prototype\Brain-Tumor-Minor-Project\dataset\Brain Tumor MRI images\Tumor\pituitary (274).jpg,Brain Tumor MRI images/Tumor/pituitary (274).jpg,1,Tumor,MRI,76c064820823ab3e9c0ed142fa4e246bd967868f538cbe33c3823923a40f4376,1
C:\Users\dondo\OneDrive\Documents\ADBU CSE(AI & ML)\5th sem\Minor Project\Project Prototype\Brain-Tumor-Minor-Project\dataset\Brain Tumor MRI images\Tumor\pituitary (275).jpg,Brain Tumor MRI images/Tumor/pituitary (275).jpg,1,Tumor,MRI,b307c1be32e7ac21c93cbb067690aee6be84d2c320bc46890c5c0d0692de3667,1
C:\Users\dondo\OneDrive\Documents\ADBU CSE(AI & ML)\5th sem\Minor Project\Project Prototype\Brain-Tumor-Minor-Project\dataset\Brain Tumor MRI images\Tumor\pituitary (276).jpg,Brain Tumor MRI images/Tumor/pituitary (276).jpg,1,Tumor,MRI,0176d268fe02fa0f54de316ad5d9a96b7206d08e768fb12b10424847b125fd26,1
C:\Users\dondo\OneDrive\Documents\ADBU CSE(AI & ML)\5th sem\Minor Project\Project Prototype\Brain-Tumor-Minor-Project\dataset\Brain Tumor MRI images\Tumor\pituitary (277).jpg,Brain Tumor MRI images/Tumor/pituitary (277).jpg,1,Tumor,MRI,98901083ef1a52bf0e4ed264981b5ceefaad6d543b9514b3596a497e4962019c,1
C:\Users\dondo\OneDrive\Documents\ADBU CSE(AI & ML)\5th sem\Minor Project\Project Prototype\Brain-Tumor-Minor-Project\dataset\Brain Tumor MRI images\Tumor\pituitary (278).jpg,Brain Tumor MRI images/Tumor/pituitary (278).jpg,1,Tumor,MRI,583ab039e3f2b7295cb56ca64cdc1403cedac683f884b7b18aa5d57d5e7fae7c,1
C:\Users\dondo\OneDrive\Documents\ADBU CSE(AI & ML)\5th sem\Minor Project\Project Prototype\Brain-Tumor-Minor-Project\dataset\Brain Tumor MRI images\Tumor\pituitary (28).jpg,Brain Tumor MRI images/Tumor/pituitary (28).jpg,1,Tumor,MRI,d277cbb474c37f20341147d425411b5ba5f5159265c7bcbb386f0da201c491f9,1
C:\Users\dondo\OneDrive\Documents\ADBU CSE(AI & ML)\5th sem\Minor Project\Project Prototype\Brain-Tumor-Minor-Project\dataset\Brain Tumor MRI images\Tumor\pituitary (280).jpg,Brain Tumor MRI images/Tumor/pituitary (280).jpg,1,Tumor,MRI,a53517176d69e4ef420ce0acecd9f202a97358078e7f42f32bdded48939bacee,1
C:\Users\dondo\OneDrive\Documents\ADBU CSE(AI & ML)\5th sem\Minor Project\Project Prototype\Brain-Tumor-Minor-Project\dataset\Brain Tumor MRI images\Tumor\pituitary (281).jpg,Brain Tumor MRI images/Tumor/pituitary (281).jpg,1,Tumor,MRI,8bee5c5e08148de3fa5715c39b9479ea9e612cdbd86a4868e1c0150492ea008e,1
C:\Users\dondo\OneDrive\Documents\ADBU CSE(AI & ML)\5th sem\Minor Project\Project Prototype\Brain-Tumor-Minor-Project\dataset\Brain Tumor MRI images\Tumor\pituitary (282).jpg,Brain Tumor MRI images/Tumor/pituitary (282).jpg,1,Tumor,MRI,2cc9121dabd99e4bb51d1dcb44d3460c6db3771a08c307366cefeb17411b96bc,2
C:\Users\dondo\OneDrive\Documents\ADBU CSE(AI & ML)\5th sem\Minor Project\Project Prototype\Brain-Tumor-Minor-Project\dataset\Brain Tumor MRI images\Tumor\pituitary (283).jpg,Brain Tumor MRI images/Tumor/pituitary (283).jpg,1,Tumor,MRI,6cd15389b18a94e0c38af037d4c859d96a3b76cc45c60c7273181a18abef488c,1
C:\Users\dondo\OneDrive\Documents\ADBU CSE(AI & ML)\5th sem\Minor Project\Project Prototype\Brain-Tumor-Minor-Project\dataset\Brain Tumor MRI images\Tumor\pituitary (284).jpg,Brain Tumor MRI images/Tumor/pituitary (284).jpg,1,Tumor,MRI,490230224ac5623daf869aa44eacbe3447e22b8e00b8fabc13ef48769f371bcc,1
C:\Users\dondo\OneDrive\Documents\ADBU CSE(AI & ML)\5th sem\Minor Project\Project Prototype\Brain-Tumor-Minor-Project\dataset\Brain Tumor MRI images\Tumor\pituitary (285).jpg,Brain Tumor MRI images/Tumor/pituitary (285).jpg,1,Tumor,MRI,3482288b027138248a21ec5168aa309ab44cda8fa1966860cb92283cf0f1432e,1
C:\Users\dondo\OneDrive\Documents\ADBU CSE(AI & ML)\5th sem\Minor Project\Project Prototype\Brain-Tumor-Minor-Project\dataset\Brain Tumor MRI images\Tumor\pituitary (286).jpg,Brain Tumor MRI images/Tumor/pituitary (286).jpg,1,Tumor,MRI,5315dcda6c4f886b7a8cdf253e4c85866d2729e19074d22b7386fba2b0b42ca1,1
C:\Users\dondo\OneDrive\Documents\ADBU CSE(AI & ML)\5th sem\Minor Project\Project Prototype\Brain-Tumor-Minor-Project\dataset\Brain Tumor MRI images\Tumor\pituitary (287).jpg,Brain Tumor MRI images/Tumor/pituitary (287).jpg,1,Tumor,MRI,f694724d4896df571c556e05526c5ee68612282ebb423f2a6a96b96239a5bafc,1
C:\Users\dondo\OneDrive\Documents\ADBU CSE(AI & ML)\5th sem\Minor Project\Project Prototype\Brain-Tumor-Minor-Project\dataset\Brain Tumor MRI images\Tumor\pituitary (288).jpg,Brain Tumor MRI images/Tumor/pituitary (288).jpg,1,Tumor,MRI,373073bb44c012a37be84394eb8918a76855460a48dc256a029385b7afe730d7,1
C:\Users\dondo\OneDrive\Documents\ADBU CSE(AI & ML)\5th sem\Minor Project\Project Prototype\Brain-Tumor-Minor-Project\dataset\Brain Tumor MRI images\Tumor\pituitary (289).jpg,Brain Tumor MRI images/Tumor/pituitary (289).jpg,1,Tumor,MRI,8a91288749d91d54a62fd83126672e72f60ada4962697e6358830a5a802bfcd1,1
C:\Users\dondo\OneDrive\Documents\ADBU CSE(AI & ML)\5th sem\Minor Project\Project Prototype\Brain-Tumor-Minor-Project\dataset\Brain Tumor MRI images\Tumor\pituitary (29).jpg,Brain Tumor MRI images/Tumor/pituitary (29).jpg,1,Tumor,MRI,b0ea8576860a143113e6d9b9fc3363ba8f4311d21d93442ad297157ae10000e1,1
C:\Users\dondo\OneDrive\Documents\ADBU CSE(AI & ML)\5th sem\Minor Project\Project Prototype\Brain-Tumor-Minor-Project\dataset\Brain Tumor MRI images\Tumor\pituitary (290).jpg,Brain Tumor MRI images/Tumor/pituitary (290).jpg,1,Tumor,MRI,157200f4c3280344ca07ee272300e3565133e8e0cd7f8ced84a3e3f75f264a43,1
C:\Users\dondo\OneDrive\Documents\ADBU CSE(AI & ML)\5th sem\Minor Project\Project Prototype\Brain-Tumor-Minor-Project\dataset\Brain Tumor MRI images\Tumor\pituitary (291).jpg,Brain Tumor MRI images/Tumor/pituitary (291).jpg,1,Tumor,MRI,3740bfb249481dde3c10f2304bf98d78f44636af79d0a806ec3594fb9c5203d6,1
C:\Users\dondo\OneDrive\Documents\ADBU CSE(AI & ML)\5th sem\Minor Project\Project Prototype\Brain-Tumor-Minor-Project\dataset\Brain Tumor MRI images\Tumor\pituitary (293).jpg,Brain Tumor MRI images/Tumor/pituitary (293).jpg,1,Tumor,MRI,1dd7ce80d2af0a123a6b0ae57683fea6f7a42b84eac5170eba1dde82a4fe7d32,1
C:\Users\dondo\OneDrive\Documents\ADBU CSE(AI & ML)\5th sem\Minor Project\Project Prototype\Brain-Tumor-Minor-Project\dataset\Brain Tumor MRI images\Tumor\pituitary (295).jpg,Brain Tumor MRI images/Tumor/pituitary (295).jpg,1,Tumor,MRI,e90cc7b2181560f40ae8dd6ac0380fb088f818a848022f7abd9bab7d7076219f,1
C:\Users\dondo\OneDrive\Documents\ADBU CSE(AI & ML)\5th sem\Minor Project\Project Prototype\Brain-Tumor-Minor-Project\dataset\Brain Tumor MRI images\Tumor\pituitary (296).jpg,Brain Tumor MRI images/Tumor/pituitary (296).jpg,1,Tumor,MRI,1af19cbabebcc581ea513b035a39fb6fc2df422561d885c5ea92b1065769f004,1
C:\Users\dondo\OneDrive\Documents\ADBU CSE(AI & ML)\5th sem\Minor Project\Project Prototype\Brain-Tumor-Minor-Project\dataset\Brain Tumor MRI images\Tumor\pituitary (297).jpg,Brain Tumor MRI images/Tumor/pituitary (297).jpg,1,Tumor,MRI,aa520a6cbaada05a0f8f554cbb5180e5eac6151c207ecb8d54822db392011a5f,1
C:\Users\dondo\OneDrive\Documents\ADBU CSE(AI & ML)\5th sem\Minor Project\Project Prototype\Brain-Tumor-Minor-Project\dataset\Brain Tumor MRI images\Tumor\pituitary (299).jpg,Brain Tumor MRI images/Tumor/pituitary (299).jpg,1,Tumor,MRI,146bb9a400d1a5557738492cd16d3c51f33807b1a6e4300410c1f82513a4d546,1
C:\Users\dondo\OneDrive\Documents\ADBU CSE(AI & ML)\5th sem\Minor Project\Project Prototype\Brain-Tumor-Minor-Project\dataset\Brain Tumor MRI images\Tumor\pituitary (30).jpg,Brain Tumor MRI images/Tumor/pituitary (30).jpg,1,Tumor,MRI,9a08c682d7704a5604861204a91a23b2d8a687b51ac70822db9870c32459d114,1
C:\Users\dondo\OneDrive\Documents\ADBU CSE(AI & ML)\5th sem\Minor Project\Project Prototype\Brain-Tumor-Minor-Project\dataset\Brain Tumor MRI images\Tumor\pituitary (302).jpg,Brain Tumor MRI images/Tumor/pituitary (302).jpg,1,Tumor,MRI,e8702ca2368cf9c7bd3c4cbffa75085af93b2668de4f7413bcf7175e7b3a6f86,1
C:\Users\dondo\OneDrive\Documents\ADBU CSE(AI & ML)\5th sem\Minor Project\Project Prototype\Brain-Tumor-Minor-Project\dataset\Brain Tumor MRI images\Tumor\pituitary (303).jpg,Brain Tumor MRI images/Tumor/pituitary (303).jpg,1,Tumor,MRI,6d4df52e4ba19df6e6134b8d96eb2bf9730f6688b91398e83de9118dc48c6961,1
C:\Users\dondo\OneDrive\Documents\ADBU CSE(AI & ML)\5th sem\Minor Project\Project Prototype\Brain-Tumor-Minor-Project\dataset\Brain Tumor MRI images\Tumor\pituitary (304).jpg,Brain Tumor MRI images/Tumor/pituitary (304).jpg,1,Tumor,MRI,9b6363913e9532889b17c42159ba619ddaa99047ef603b4f1d3812912a8f826b,1
C:\Users\dondo\OneDrive\Documents\ADBU CSE(AI & ML)\5th sem\Minor Project\Project Prototype\Brain-Tumor-Minor-Project\dataset\Brain Tumor MRI images\Tumor\pituitary (305).jpg,Brain Tumor MRI images/Tumor/pituitary (305).jpg,1,Tumor,MRI,1cbad59ac8d93029b8700cfc9457445057ef79950812173f7bdc6fcb98b65612,1
C:\Users\dondo\OneDrive\Documents\ADBU CSE(AI & ML)\5th sem\Minor Project\Project Prototype\Brain-Tumor-Minor-Project\dataset\Brain Tumor MRI images\Tumor\pituitary (307).jpg,Brain Tumor MRI images/Tumor/pituitary (307).jpg,1,Tumor,MRI,0b52ca23e007c09a542cc63b836588634955dd8284a95d3e66810a12a673d6ae,1
C:\Users\dondo\OneDrive\Documents\ADBU CSE(AI & ML)\5th sem\Minor Project\Project Prototype\Brain-Tumor-Minor-Project\dataset\Brain Tumor MRI images\Tumor\pituitary (308).jpg,Brain Tumor MRI images/Tumor/pituitary (308).jpg,1,Tumor,MRI,e328dc26c3b56ebc55fef915d77848719ffc4c66d63d70a10d73f972eed0f0d4,1
C:\Users\dondo\OneDrive\Documents\ADBU CSE(AI & ML)\5th sem\Minor Project\Project Prototype\Brain-Tumor-Minor-Project\dataset\Brain Tumor MRI images\Tumor\pituitary (309).jpg,Brain Tumor MRI images/Tumor/pituitary (309).jpg,1,Tumor,MRI,561cd819910eb069fa00c11d4abcd8631639a047b21db9af039031fd360931f0,1
C:\Users\dondo\OneDrive\Documents\ADBU CSE(AI & ML)\5th sem\Minor Project\Project Prototype\Brain-Tumor-Minor-Project\dataset\Brain Tumor MRI images\Tumor\pituitary (310).jpg,Brain Tumor MRI images/Tumor/pituitary (310).jpg,1,Tumor,MRI,64acee6874f6c31269236004fe16e1c9260a1cfa71576ce60c4d087544ea6e07,1
C:\Users\dondo\OneDrive\Documents\ADBU CSE(AI & ML)\5th sem\Minor Project\Project Prototype\Brain-Tumor-Minor-Project\dataset\Brain Tumor MRI images\Tumor\pituitary (311).jpg,Brain Tumor MRI images/Tumor/pituitary (311).jpg,1,Tumor,MRI,0c87a249cbf43d2f07b42d8ec5387141f87f7f2da6a771d68017460e18158403,1
C:\Users\dondo\OneDrive\Documents\ADBU CSE(AI & ML)\5th sem\Minor Project\Project Prototype\Brain-Tumor-Minor-Project\dataset\Brain Tumor MRI images\Tumor\pituitary (313).jpg,Brain Tumor MRI images/Tumor/pituitary (313).jpg,1,Tumor,MRI,ca5611a7007dc61eff4ed3b7817cc0f7ba4169adf5543189c402d206dd593575,1
C:\Users\dondo\OneDrive\Documents\ADBU CSE(AI & ML)\5th sem\Minor Project\Project Prototype\Brain-Tumor-Minor-Project\dataset\Brain Tumor MRI images\Tumor\pituitary (315).jpg,Brain Tumor MRI images/Tumor/pituitary (315).jpg,1,Tumor,MRI,f0da10a1a2c888e88048123bb262cf5dbe004ac26b0c7e67d9758bbb1310ac63,1
C:\Users\dondo\OneDrive\Documents\ADBU CSE(AI & ML)\5th sem\Minor Project\Project Prototype\Brain-Tumor-Minor-Project\dataset\Brain Tumor MRI images\Tumor\pituitary (316).jpg,Brain Tumor MRI images/Tumor/pituitary (316).jpg,1,Tumor,MRI,221961f4274a40a8a3581353b427d526b51150458ad875537aebd277ee48e803,1
C:\Users\dondo\OneDrive\Documents\ADBU CSE(AI & ML)\5th sem\Minor Project\Project Prototype\Brain-Tumor-Minor-Project\dataset\Brain Tumor MRI images\Tumor\pituitary (317).jpg,Brain Tumor MRI images/Tumor/pituitary (317).jpg,1,Tumor,MRI,40c115892f26fbfb500f2f7fc5399e8b1a56e2bfa0113d8dde6db79f1322eecf,1
C:\Users\dondo\OneDrive\Documents\ADBU CSE(AI & ML)\5th sem\Minor Project\Project Prototype\Brain-Tumor-Minor-Project\dataset\Brain Tumor MRI images\Tumor\pituitary (318).jpg,Brain Tumor MRI images/Tumor/pituitary (318).jpg,1,Tumor,MRI,efd83d93d28149ba0cc34050babaa4c313cf705a9533aa4f6948f73c51d34830,1
C:\Users\dondo\OneDrive\Documents\ADBU CSE(AI & ML)\5th sem\Minor Project\Project Prototype\Brain-Tumor-Minor-Project\dataset\Brain Tumor MRI images\Tumor\pituitary (319).jpg,Brain Tumor MRI images/Tumor/pituitary (319).jpg,1,Tumor,MRI,183c71b1c25b71972749702104182f6a08eac1728bb8f02ec13a9f6efdf5de0f,1
C:\Users\dondo\OneDrive\Documents\ADBU CSE(AI & ML)\5th sem\Minor Project\Project Prototype\Brain-Tumor-Minor-Project\dataset\Brain Tumor MRI images\Tumor\pituitary (32).jpg,Brain Tumor MRI images/Tumor/pituitary (32).jpg,1,Tumor,MRI,e2e8ed660e5f6b1b6e0eb019e19dbb993b90405940e9da258fa0b1db6e38bd34,1
C:\Users\dondo\OneDrive\Documents\ADBU CSE(AI & ML)\5th sem\Minor Project\Project Prototype\Brain-Tumor-Minor-Project\dataset\Brain Tumor MRI images\Tumor\pituitary (321).jpg,Brain Tumor MRI images/Tumor/pituitary (321).jpg,1,Tumor,MRI,3f74b96f7c393211622dc1f6c076abe288b5bab9f3eef22f63cca1fcb21351c6,1
C:\Users\dondo\OneDrive\Documents\ADBU CSE(AI & ML)\5th sem\Minor Project\Project Prototype\Brain-Tumor-Minor-Project\dataset\Brain Tumor MRI images\Tumor\pituitary (322).jpg,Brain Tumor MRI images/Tumor/pituitary (322).jpg,1,Tumor,MRI,eb29c2d55553722b523ee53f26a5bc2e3bb5fc566d74a95e3c0c6e92da5ae4cb,1
C:\Users\dondo\OneDrive\Documents\ADBU CSE(AI & ML)\5th sem\Minor Project\Project Prototype\Brain-Tumor-Minor-Project\dataset\Brain Tumor MRI images\Tumor\pituitary (324).jpg,Brain Tumor MRI images/Tumor/pituitary (324).jpg,1,Tumor,MRI,dfcb90d52db869d39c1e54b2ad37ca914b9f6255bb811f42963dff4269749d72,1
C:\Users\dondo\OneDrive\Documents\ADBU CSE(AI & ML)\5th sem\Minor Project\Project Prototype\Brain-Tumor-Minor-Project\dataset\Brain Tumor MRI images\Tumor\pituitary (327).jpg,Brain Tumor MRI images/Tumor/pituitary (327).jpg,1,Tumor,MRI,dd8b6430584b0bc646f5e4ad22e91db0fba5aaf9f8d9c5696c077d56e11286f8,1
C:\Users\dondo\OneDrive\Documents\ADBU CSE(AI & ML)\5th sem\Minor Project\Project Prototype\Brain-Tumor-Minor-Project\dataset\Brain Tumor MRI images\Tumor\pituitary (329).jpg,Brain Tumor MRI images/Tumor/pituitary (329).jpg,1,Tumor,MRI,73fe6ec0c7d61c71c3902b4d344f803f2afd4509d38e4bae9e5274d895397058,1
C:\Users\dondo\OneDrive\Documents\ADBU CSE(AI & ML)\5th sem\Minor Project\Project Prototype\Brain-Tumor-Minor-Project\dataset\Brain Tumor MRI images\Tumor\pituitary (33).jpg,Brain Tumor MRI images/Tumor/pituitary (33).jpg,1,Tumor,MRI,4bb533e2fc27c90f7253bdf85211fff3dd37ccdc002eb7b3ae75ebd7f6f1043a,1
C:\Users\dondo\OneDrive\Documents\ADBU CSE(AI & ML)\5th sem\Minor Project\Project Prototype\Brain-Tumor-Minor-Project\dataset\Brain Tumor MRI images\Tumor\pituitary (330).jpg,Brain Tumor MRI images/Tumor/pituitary (330).jpg,1,Tumor,MRI,8ce6c6ba8ac33f0df4558b553c70d9c22dbaf5a2eb610d60bbc525daa9cdf743,1
C:\Users\dondo\OneDrive\Documents\ADBU CSE(AI & ML)\5th sem\Minor Project\Project Prototype\Brain-Tumor-Minor-Project\dataset\Brain Tumor MRI images\Tumor\pituitary (332).jpg,Brain Tumor MRI images/Tumor/pituitary (332).jpg,1,Tumor,MRI,d1feaf9cfdf02ebd8add1ddc925179d0afa8c8acebfa40b61c83d6a49257dc91,1
C:\Users\dondo\OneDrive\Documents\ADBU CSE(AI & ML)\5th sem\Minor Project\Project Prototype\Brain-Tumor-Minor-Project\dataset\Brain Tumor MRI images\Tumor\pituitary (333).jpg,Brain Tumor MRI images/Tumor/pituitary (333).jpg,1,Tumor,MRI,9cfa2de9ccfb4cb608e46a200110608a7cb518cdd1f1b7e6b9e411281a4282b1,1
C:\Users\dondo\OneDrive\Documents\ADBU CSE(AI & ML)\5th sem\Minor Project\Project Prototype\Brain-Tumor-Minor-Project\dataset\Brain Tumor MRI images\Tumor\pituitary (334).jpg,Brain Tumor MRI images/Tumor/pituitary (334).jpg,1,Tumor,MRI,0c3d22b6a0002f98ddfae2c32e9244817f54f93a80a83fb3252ad17af8b06cee,1
C:\Users\dondo\OneDrive\Documents\ADBU CSE(AI & ML)\5th sem\Minor Project\Project Prototype\Brain-Tumor-Minor-Project\dataset\Brain Tumor MRI images\Tumor\pituitary (335).jpg,Brain Tumor MRI images/Tumor/pituitary (335).jpg,1,Tumor,MRI,f21c683caecf97952e674228437595238a321ebae7fdbf6c2146415cc4a1009d,1
C:\Users\dondo\OneDrive\Documents\ADBU CSE(AI & ML)\5th sem\Minor Project\Project Prototype\Brain-Tumor-Minor-Project\dataset\Brain Tumor MRI images\Tumor\pituitary (338).jpg,Brain Tumor MRI images/Tumor/pituitary (338).jpg,1,Tumor,MRI,3da137a7bd61607499d274233d9ee7ddccdbfce53886b1bb0b2e0a8a53f17756,1
C:\Users\dondo\OneDrive\Documents\ADBU CSE(AI & ML)\5th sem\Minor Project\Project Prototype\Brain-Tumor-Minor-Project\dataset\Brain Tumor MRI images\Tumor\pituitary (339).jpg,Brain Tumor MRI images/Tumor/pituitary (339).jpg,1,Tumor,MRI,f0cbfc7dfe89ce5df78d8815e93d695943c44e144d0084571f695df944ec3eec,1
C:\Users\dondo\OneDrive\Documents\ADBU CSE(AI & ML)\5th sem\Minor Project\Project Prototype\Brain-Tumor-Minor-Project\dataset\Brain Tumor MRI images\Tumor\pituitary (340).jpg,Brain Tumor MRI images/Tumor/pituitary (340).jpg,1,Tumor,MRI,912ceb61c5fe13a85939565cfe98d35de6e17be07c58dd2390b64c56d6faeea4,1
C:\Users\dondo\OneDrive\Documents\ADBU CSE(AI & ML)\5th sem\Minor Project\Project Prototype\Brain-Tumor-Minor-Project\dataset\Brain Tumor MRI images\Tumor\pituitary (341).jpg,Brain Tumor MRI images/Tumor/pituitary (341).jpg,1,Tumor,MRI,5248d40dfe498c363950734fb22cc8298cf7970c30fae21cce419e145cac5e17,1
C:\Users\dondo\OneDrive\Documents\ADBU CSE(AI & ML)\5th sem\Minor Project\Project Prototype\Brain-Tumor-Minor-Project\dataset\Brain Tumor MRI images\Tumor\pituitary (343).jpg,Brain Tumor MRI images/Tumor/pituitary (343).jpg,1,Tumor,MRI,efbc7d0661bd37dfdaee464d2210f790380f4ebacaf0c3b191fb08593974901a,1
C:\Users\dondo\OneDrive\Documents\ADBU CSE(AI & ML)\5th sem\Minor Project\Project Prototype\Brain-Tumor-Minor-Project\dataset\Brain Tumor MRI images\Tumor\pituitary (345).jpg,Brain Tumor MRI images/Tumor/pituitary (345).jpg,1,Tumor,MRI,344082236336718f74be1db948a35bfb23ed03da7ef20bd535a2ae99304bd022,1
C:\Users\dondo\OneDrive\Documents\ADBU CSE(AI & ML)\5th sem\Minor Project\Project Prototype\Brain-Tumor-Minor-Project\dataset\Brain Tumor MRI images\Tumor\pituitary (346).jpg,Brain Tumor MRI images/Tumor/pituitary (346).jpg,1,Tumor,MRI,6331b3ab9712c937207fa3144c944fc9540d921067851d3eee4e3787c6d26834,1
C:\Users\dondo\OneDrive\Documents\ADBU CSE(AI & ML)\5th sem\Minor Project\Project Prototype\Brain-Tumor-Minor-Project\dataset\Brain Tumor MRI images\Tumor\pituitary (347).jpg,Brain Tumor MRI images/Tumor/pituitary (347).jpg,1,Tumor,MRI,562e8fa7549d9de17bf78fa74cdd194726d00914a3f14d6507bb5d5d1a53b783,1
C:\Users\dondo\OneDrive\Documents\ADBU CSE(AI & ML)\5th sem\Minor Project\Project Prototype\Brain-Tumor-Minor-Project\dataset\Brain Tumor MRI images\Tumor\pituitary (348).jpg,Brain Tumor MRI images/Tumor/pituitary (348).jpg,1,Tumor,MRI,70407c09806e743a3c0d78a1e956f7a6c5300f4f45675d477aad9d32f8831e84,1
C:\Users\dondo\OneDrive\Documents\ADBU CSE(AI & ML)\5th sem\Minor Project\Project Prototype\Brain-Tumor-Minor-Project\dataset\Brain Tumor MRI images\Tumor\pituitary (350).jpg,Brain Tumor MRI images/Tumor/pituitary (350).jpg,1,Tumor,MRI,03e543d51e5a49c3f28d20ba7700b32a677cabeeabc63ad6c66904aaf98b8165,1
C:\Users\dondo\OneDrive\Documents\ADBU CSE(AI & ML)\5th sem\Minor Project\Project Prototype\Brain-Tumor-Minor-Project\dataset\Brain Tumor MRI images\Tumor\pituitary (351).jpg,Brain Tumor MRI images/Tumor/pituitary (351).jpg,1,Tumor,MRI,9ec6e6c17ec3fa0e084408e0ad88b108dab62db7aa3be882d1e2f942605250da,1
C:\Users\dondo\OneDrive\Documents\ADBU CSE(AI & ML)\5th sem\Minor Project\Project Prototype\Brain-Tumor-Minor-Project\dataset\Brain Tumor MRI images\Tumor\pituitary (354).jpg,Brain Tumor MRI images/Tumor/pituitary (354).jpg,1,Tumor,MRI,443e60e002979cd7e8597ab80f9862d6fb26b00920e573b7f4a0dd1c1f02ad02,1
C:\Users\dondo\OneDrive\Documents\ADBU CSE(AI & ML)\5th sem\Minor Project\Project Prototype\Brain-Tumor-Minor-Project\dataset\Brain Tumor MRI images\Tumor\pituitary (355).jpg,Brain Tumor MRI images/Tumor/pituitary (355).jpg,1,Tumor,MRI,fa0ec6931e6d3286eda031436d5eeacd032e084678d0f25cbdf740f34fc9c267,1
C:\Users\dondo\OneDrive\Documents\ADBU CSE(AI & ML)\5th sem\Minor Project\Project Prototype\Brain-Tumor-Minor-Project\dataset\Brain Tumor MRI images\Tumor\pituitary (356).jpg,Brain Tumor MRI images/Tumor/pituitary (356).jpg,1,Tumor,MRI,c741dc594e01fc65a66524e01b788a628174f646f13abf5b2d272ac09297fb7d,1
C:\Users\dondo\OneDrive\Documents\ADBU CSE(AI & ML)\5th sem\Minor Project\Project Prototype\Brain-Tumor-Minor-Project\dataset\Brain Tumor MRI images\Tumor\pituitary (358).jpg,Brain Tumor MRI images/Tumor/pituitary (358).jpg,1,Tumor,MRI,3361ced24fa23fd2a5688cc3fafb364a9531d0684d3ecd8780d852c3f2c9148b,1
C:\Users\dondo\OneDrive\Documents\ADBU CSE(AI & ML)\5th sem\Minor Project\Project Prototype\Brain-Tumor-Minor-Project\dataset\Brain Tumor MRI images\Tumor\pituitary (359).jpg,Brain Tumor MRI images/Tumor/pituitary (359).jpg,1,Tumor,MRI,13e4a3a9bf4a421f36dd5ad31f92ff815042767259e55e54b9cc729bccae5e44,1
C:\Users\dondo\OneDrive\Documents\ADBU CSE(AI & ML)\5th sem\Minor Project\Project Prototype\Brain-Tumor-Minor-Project\dataset\Brain Tumor MRI images\Tumor\pituitary (36).jpg,Brain Tumor MRI images/Tumor/pituitary (36).jpg,1,Tumor,MRI,558530e70bce271763b20afcd45ce82ae747830b1a0b3129064acd69d2e22495,1
C:\Users\dondo\OneDrive\Documents\ADBU CSE(AI & ML)\5th sem\Minor Project\Project Prototype\Brain-Tumor-Minor-Project\dataset\Brain Tumor MRI images\Tumor\pituitary (360).jpg,Brain Tumor MRI images/Tumor/pituitary (360).jpg,1,Tumor,MRI,9ae7b87510a916a1936ee59502967ecba1e10de923424df3df47276de1c3545b,1
C:\Users\dondo\OneDrive\Documents\ADBU CSE(AI & ML)\5th sem\Minor Project\Project Prototype\Brain-Tumor-Minor-Project\dataset\Brain Tumor MRI images\Tumor\pituitary (362).jpg,Brain Tumor MRI images/Tumor/pituitary (362).jpg,1,Tumor,MRI,c71d64561eeab60719d80b17b657f95f0cba8675cbde7d02e3010c00deff5131,1
C:\Users\dondo\OneDrive\Documents\ADBU CSE(AI & ML)\5th sem\Minor Project\Project Prototype\Brain-Tumor-Minor-Project\dataset\Brain Tumor MRI images\Tumor\pituitary (363).jpg,Brain Tumor MRI images/Tumor/pituitary (363).jpg,1,Tumor,MRI,b48e0fe914fbda02ff3d3acd7e3177d05e664de3cec79f93df1f69c195ddf620,1
C:\Users\dondo\OneDrive\Documents\ADBU CSE(AI & ML)\5th sem\Minor Project\Project Prototype\Brain-Tumor-Minor-Project\dataset\Brain Tumor MRI images\Tumor\pituitary (364).jpg,Brain Tumor MRI images/Tumor/pituitary (364).jpg,1,Tumor,MRI,5beda20a5a53c42bc83decd357a588929d8e84dc9d8c6775a85ce4b556304abf,1
C:\Users\dondo\OneDrive\Documents\ADBU CSE(AI & ML)\5th sem\Minor Project\Project Prototype\Brain-Tumor-Minor-Project\dataset\Brain Tumor MRI images\Tumor\pituitary (366).jpg,Brain Tumor MRI images/Tumor/pituitary (366).jpg,1,Tumor,MRI,7c8efab05ccffb86d80c3f98644070b9b374c61592be1e6392c0a78a324175d5,1
C:\Users\dondo\OneDrive\Documents\ADBU CSE(AI & ML)\5th sem\Minor Project\Project Prototype\Brain-Tumor-Minor-Project\dataset\Brain Tumor MRI images\Tumor\pituitary (367).jpg,Brain Tumor MRI images/Tumor/pituitary (367).jpg,1,Tumor,MRI,f2f927a2d7e801fbf57ba2b00e1fd3770f8849f1387612d27a530167038aeb49,1
C:\Users\dondo\OneDrive\Documents\ADBU CSE(AI & ML)\5th sem\Minor Project\Project Prototype\Brain-Tumor-Minor-Project\dataset\Brain Tumor MRI images\Tumor\pituitary (368).jpg,Brain Tumor MRI images/Tumor/pituitary (368).jpg,1,Tumor,MRI,fa7798de0f53043879a6928a12f6bb6f0f4d707d8ccedc2873ef456e5fea78f0,1
C:\Users\dondo\OneDrive\Documents\ADBU CSE(AI & ML)\5th sem\Minor Project\Project Prototype\Brain-Tumor-Minor-Project\dataset\Brain Tumor MRI images\Tumor\pituitary (37).jpg,Brain Tumor MRI images/Tumor/pituitary (37).jpg,1,Tumor,MRI,ec0aae966a77362cbdcdda9fa8266a39a9c4cbf2c3a6712e54eb45429545af92,1
C:\Users\dondo\OneDrive\Documents\ADBU CSE(AI & ML)\5th sem\Minor Project\Project Prototype\Brain-Tumor-Minor-Project\dataset\Brain Tumor MRI images\Tumor\pituitary (370).jpg,Brain Tumor MRI images/Tumor/pituitary (370).jpg,1,Tumor,MRI,ff2b037908d09b25ed42f463487ca7bbc47c53f7740d149f5994d259cd101ca2,1
C:\Users\dondo\OneDrive\Documents\ADBU CSE(AI & ML)\5th sem\Minor Project\Project Prototype\Brain-Tumor-Minor-Project\dataset\Brain Tumor MRI images\Tumor\pituitary (371).jpg,Brain Tumor MRI images/Tumor/pituitary (371).jpg,1,Tumor,MRI,1a336ffa1252d490487056c1b7dfff42e308d8fdf54fbbdc70be0de47bea0ccf,1
C:\Users\dondo\OneDrive\Documents\ADBU CSE(AI & ML)\5th sem\Minor Project\Project Prototype\Brain-Tumor-Minor-Project\dataset\Brain Tumor MRI images\Tumor\pituitary (372).jpg,Brain Tumor MRI images/Tumor/pituitary (372).jpg,1,Tumor,MRI,26a1d81e3c2043eb342cd529a4a113c35bfcb3b8177827a1da938dc0f514f5a8,1
C:\Users\dondo\OneDrive\Documents\ADBU CSE(AI & ML)\5th sem\Minor Project\Project Prototype\Brain-Tumor-Minor-Project\dataset\Brain Tumor MRI images\Tumor\pituitary (373).jpg,Brain Tumor MRI images/Tumor/pituitary (373).jpg,1,Tumor,MRI,7dfc808b0827842835859ea328f88b309a57e46cdd5fa1a8803322265a50e3ed,1
C:\Users\dondo\OneDrive\Documents\ADBU CSE(AI & ML)\5th sem\Minor Project\Project Prototype\Brain-Tumor-Minor-Project\dataset\Brain Tumor MRI images\Tumor\pituitary (374).jpg,Brain Tumor MRI images/Tumor/pituitary (374).jpg,1,Tumor,MRI,ffc2f1753ef13898684cdd52733ad089670add88bf88939ce3409f8b2f9da20d,1
C:\Users\dondo\OneDrive\Documents\ADBU CSE(AI & ML)\5th sem\Minor Project\Project Prototype\Brain-Tumor-Minor-Project\dataset\Brain Tumor MRI images\Tumor\pituitary (375).jpg,Brain Tumor MRI images/Tumor/pituitary (375).jpg,1,Tumor,MRI,567aa764d3fe492c1f9e0a8fe62bc68585f3e7025a86fd7277c896879c67bb41,1
C:\Users\dondo\OneDrive\Documents\ADBU CSE(AI & ML)\5th sem\Minor Project\Project Prototype\Brain-Tumor-Minor-Project\dataset\Brain Tumor MRI images\Tumor\pituitary (376).jpg,Brain Tumor MRI images/Tumor/pituitary (376).jpg,1,Tumor,MRI,13d5073c5201facc79154f1da8c8fe1c4c7b81e3526dab5fed1b367ececb8260,1
C:\Users\dondo\OneDrive\Documents\ADBU CSE(AI & ML)\5th sem\Minor Project\Project Prototype\Brain-Tumor-Minor-Project\dataset\Brain Tumor MRI images\Tumor\pituitary (377).jpg,Brain Tumor MRI images/Tumor/pituitary (377).jpg,1,Tumor,MRI,b06e9aca92bb8249ffb66fd5db7c4240949904a6310e8d4f7a02f8d3ce1785e2,1
C:\Users\dondo\OneDrive\Documents\ADBU CSE(AI & ML)\5th sem\Minor Project\Project Prototype\Brain-Tumor-Minor-Project\dataset\Brain Tumor MRI images\Tumor\pituitary (378).jpg,Brain Tumor MRI images/Tumor/pituitary (378).jpg,1,Tumor,MRI,75c8810a6083d1247ea86885e658f4ed2d643749c1de101bbf1ecea8d5d99bf3,1
C:\Users\dondo\OneDrive\Documents\ADBU CSE(AI & ML)\5th sem\Minor Project\Project Prototype\Brain-Tumor-Minor-Project\dataset\Brain Tumor MRI images\Tumor\pituitary (379).jpg,Brain Tumor MRI images/Tumor/pituitary (379).jpg,1,Tumor,MRI,eb61a9d3ca3a9d22df9d0a24cc4f2f66ae90e8fa1030dc59e0588c8298304fb0,1
C:\Users\dondo\OneDrive\Documents\ADBU CSE(AI & ML)\5th sem\Minor Project\Project Prototype\Brain-Tumor-Minor-Project\dataset\Brain Tumor MRI images\Tumor\pituitary (38).jpg,Brain Tumor MRI images/Tumor/pituitary (38).jpg,1,Tumor,MRI,7e78868225672f7bf20f1d8cacabee5f8399e707c5a9044a24425573bfaac01c,1
C:\Users\dondo\OneDrive\Documents\ADBU CSE(AI & ML)\5th sem\Minor Project\Project Prototype\Brain-Tumor-Minor-Project\dataset\Brain Tumor MRI images\Tumor\pituitary (380).jpg,Brain Tumor MRI images/Tumor/pituitary (380).jpg,1,Tumor,MRI,2053a51c539168864168cb3471dc7e35dee06de8a03b10b4b3e2f573d710aebe,1
C:\Users\dondo\OneDrive\Documents\ADBU CSE(AI & ML)\5th sem\Minor Project\Project Prototype\Brain-Tumor-Minor-Project\dataset\Brain Tumor MRI images\Tumor\pituitary (382).jpg,Brain Tumor MRI images/Tumor/pituitary (382).jpg,1,Tumor,MRI,55654e36ee5c4284f8e11fd91771068e6058345785b6389fa3fde71bcb608ec7,1
C:\Users\dondo\OneDrive\Documents\ADBU CSE(AI & ML)\5th sem\Minor Project\Project Prototype\Brain-Tumor-Minor-Project\dataset\Brain Tumor MRI images\Tumor\pituitary (384).jpg,Brain Tumor MRI images/Tumor/pituitary (384).jpg,1,Tumor,MRI,57469c3cfca51b279447442ed2cde44faad4e7cc3037e6ecca2bbff6ca4da2ac,1
C:\Users\dondo\OneDrive\Documents\ADBU CSE(AI & ML)\5th sem\Minor Project\Project Prototype\Brain-Tumor-Minor-Project\dataset\Brain Tumor MRI images\Tumor\pituitary (387).jpg,Brain Tumor MRI images/Tumor/pituitary (387).jpg,1,Tumor,MRI,7c85d7215d5bee0bcfed039d1a9731d288c5f5db174b389324c47ada63cc5fb5,1
C:\Users\dondo\OneDrive\Documents\ADBU CSE(AI & ML)\5th sem\Minor Project\Project Prototype\Brain-Tumor-Minor-Project\dataset\Brain Tumor MRI images\Tumor\pituitary (388).jpg,Brain Tumor MRI images/Tumor/pituitary (388).jpg,1,Tumor,MRI,5ff7392f090a3ee2f3fd8db59c83096d8e240b63510436bca027ac8964efba91,1
C:\Users\dondo\OneDrive\Documents\ADBU CSE(AI & ML)\5th sem\Minor Project\Project Prototype\Brain-Tumor-Minor-Project\dataset\Brain Tumor MRI images\Tumor\pituitary (39).jpg,Brain Tumor MRI images/Tumor/pituitary (39).jpg,1,Tumor,MRI,aef71a1d14aaeb8aa3fb5965259a4455c8780fe9924c767c0a962597c104c345,1
C:\Users\dondo\OneDrive\Documents\ADBU CSE(AI & ML)\5th sem\Minor Project\Project Prototype\Brain-Tumor-Minor-Project\dataset\Brain Tumor MRI images\Tumor\pituitary (393).jpg,Brain Tumor MRI images/Tumor/pituitary (393).jpg,1,Tumor,MRI,1213554e9b9f40009887aebd782d9d3f4c7afb04faba54bdf8a91a98f2d0e0cf,1
C:\Users\dondo\OneDrive\Documents\ADBU CSE(AI & ML)\5th sem\Minor Project\Project Prototype\Brain-Tumor-Minor-Project\dataset\Brain Tumor MRI images\Tumor\pituitary (397).jpg,Brain Tumor MRI images/Tumor/pituitary (397).jpg,1,Tumor,MRI,48e5690ebfcf338c487333517c4df74a7b89df85e451e729d548f8958253e3af,1
C:\Users\dondo\OneDrive\Documents\ADBU CSE(AI & ML)\5th sem\Minor Project\Project Prototype\Brain-Tumor-Minor-Project\dataset\Brain Tumor MRI images\Tumor\pituitary (398).jpg,Brain Tumor MRI images/Tumor/pituitary (398).jpg,1,Tumor,MRI,01eae97a8bf948d3b3a4390b13413279d6df56072fc9ec7e0ec4e53d172e494b,1
C:\Users\dondo\OneDrive\Documents\ADBU CSE(AI & ML)\5th sem\Minor Project\Project Prototype\Brain-Tumor-Minor-Project\dataset\Brain Tumor MRI images\Tumor\pituitary (402).jpg,Brain Tumor MRI images/Tumor/pituitary (402).jpg,1,Tumor,MRI,8353ebd5190a3a267d85f6fb6984553edf300d0d9d1397cae2aa4be0555dd6f7,1
C:\Users\dondo\OneDrive\Documents\ADBU CSE(AI & ML)\5th sem\Minor Project\Project Prototype\Brain-Tumor-Minor-Project\dataset\Brain Tumor MRI images\Tumor\pituitary (403).jpg,Brain Tumor MRI images/Tumor/pituitary (403).jpg,1,Tumor,MRI,eba3fe949e3d8509db7b45fea0800a9a99531d1f23bae0440fbec0edc3d15f6b,1
C:\Users\dondo\OneDrive\Documents\ADBU CSE(AI & ML)\5th sem\Minor Project\Project Prototype\Brain-Tumor-Minor-Project\dataset\Brain Tumor MRI images\Tumor\pituitary (404).jpg,Brain Tumor MRI images/Tumor/pituitary (404).jpg,1,Tumor,MRI,56a3818cb0b89d27627547fffa06a8b10afb29fa4a1b249347902d48ef1f66a5,1
C:\Users\dondo\OneDrive\Documents\ADBU CSE(AI & ML)\5th sem\Minor Project\Project Prototype\Brain-Tumor-Minor-Project\dataset\Brain Tumor MRI images\Tumor\pituitary (405).jpg,Brain Tumor MRI images/Tumor/pituitary (405).jpg,1,Tumor,MRI,2e649eadc0fc6edca0c82d2bf12fc92640fabfa35a3a363821fbacefdaa7f54d,1
C:\Users\dondo\OneDrive\Documents\ADBU CSE(AI & ML)\5th sem\Minor Project\Project Prototype\Brain-Tumor-Minor-Project\dataset\Brain Tumor MRI images\Tumor\pituitary (406).jpg,Brain Tumor MRI images/Tumor/pituitary (406).jpg,1,Tumor,MRI,4c194448fef70ab69ad7ed3cb0ba0eb2cdc03aae20b982cb4f357921f81d0ca3,1
C:\Users\dondo\OneDrive\Documents\ADBU CSE(AI & ML)\5th sem\Minor Project\Project Prototype\Brain-Tumor-Minor-Project\dataset\Brain Tumor MRI images\Tumor\pituitary (407).jpg,Brain Tumor MRI images/Tumor/pituitary (407).jpg,1,Tumor,MRI,50e5bca69c2b64c761fe613ca592e5b4039a8c66cf3b8c769038129e4f511b64,1
C:\Users\dondo\OneDrive\Documents\ADBU CSE(AI & ML)\5th sem\Minor Project\Project Prototype\Brain-Tumor-Minor-Project\dataset\Brain Tumor MRI images\Tumor\pituitary (408).jpg,Brain Tumor MRI images/Tumor/pituitary (408).jpg,1,Tumor,MRI,bf02070f77783dd7af1f14026c1c65968780b9f30ca1757a328d924c1f7d7b43,1
C:\Users\dondo\OneDrive\Documents\ADBU CSE(AI & ML)\5th sem\Minor Project\Project Prototype\Brain-Tumor-Minor-Project\dataset\Brain Tumor MRI images\Tumor\pituitary (409).jpg,Brain Tumor MRI images/Tumor/pituitary (409).jpg,1,Tumor,MRI,b22177e1dd457b523f315ba55d41a4eda1026c937e0913484b0a4bd85059d3ae,1
C:\Users\dondo\OneDrive\Documents\ADBU CSE(AI & ML)\5th sem\Minor Project\Project Prototype\Brain-Tumor-Minor-Project\dataset\Brain Tumor MRI images\Tumor\pituitary (41).jpg,Brain Tumor MRI images/Tumor/pituitary (41).jpg,1,Tumor,MRI,c62f653ab66f7a5e91f44fc269d8da559be96c089f41e211794e93b3474d3e05,1
C:\Users\dondo\OneDrive\Documents\ADBU CSE(AI & ML)\5th sem\Minor Project\Project Prototype\Brain-Tumor-Minor-Project\dataset\Brain Tumor MRI images\Tumor\pituitary (410).jpg,Brain Tumor MRI images/Tumor/pituitary (410).jpg,1,Tumor,MRI,b573f43bd73d54e8b9749d65161d771043d2ae6f9422ecdfb4ef3d9c719ca33b,1
C:\Users\dondo\OneDrive\Documents\ADBU CSE(AI & ML)\5th sem\Minor Project\Project Prototype\Brain-Tumor-Minor-Project\dataset\Brain Tumor MRI images\Tumor\pituitary (411).jpg,Brain Tumor MRI images/Tumor/pituitary (411).jpg,1,Tumor,MRI,e7c026fb0429df811d3487903a71593eaf5e989f18de6fd9d267a0d093371dc4,1
C:\Users\dondo\OneDrive\Documents\ADBU CSE(AI & ML)\5th sem\Minor Project\Project Prototype\Brain-Tumor-Minor-Project\dataset\Brain Tumor MRI images\Tumor\pituitary (412).jpg,Brain Tumor MRI images/Tumor/pituitary (412).jpg,1,Tumor,MRI,e5a86c7b16881adcc5befcfbbb8976f653da589e25ac3e362cbf7d38adaa02d3,1
C:\Users\dondo\OneDrive\Documents\ADBU CSE(AI & ML)\5th sem\Minor Project\Project Prototype\Brain-Tumor-Minor-Project\dataset\Brain Tumor MRI images\Tumor\pituitary (413).jpg,Brain Tumor MRI images/Tumor/pituitary (413).jpg,1,Tumor,MRI,584700642d0d0a6f89b3fbec65407a03bcff7435a7ef11227d50140113a41430,1
C:\Users\dondo\OneDrive\Documents\ADBU CSE(AI & ML)\5th sem\Minor Project\Project Prototype\Brain-Tumor-Minor-Project\dataset\Brain Tumor MRI images\Tumor\pituitary (414).jpg,Brain Tumor MRI images/Tumor/pituitary (414).jpg,1,Tumor,MRI,3d8f6dfc0a7d4ece3e2e3f225b6bf5003a3ea03b30b8cbb6a15d0b83847f6af9,1
C:\Users\dondo\OneDrive\Documents\ADBU CSE(AI & ML)\5th sem\Minor Project\Project Prototype\Brain-Tumor-Minor-Project\dataset\Brain Tumor MRI images\Tumor\pituitary (415).jpg,Brain Tumor MRI images/Tumor/pituitary (415).jpg,1,Tumor,MRI,43321c763634518b90fb5d35f5647e16189ea8cbbbebb8874f995c44f485348b,1
C:\Users\dondo\OneDrive\Documents\ADBU CSE(AI & ML)\5th sem\Minor Project\Project Prototype\Brain-Tumor-Minor-Project\dataset\Brain Tumor MRI images\Tumor\pituitary (416).jpg,Brain Tumor MRI images/Tumor/pituitary (416).jpg,1,Tumor,MRI,7c89f3d13cd777c66d4bf1e9a5b5fc88e54aaed7028969cd38f7d72a45f94c98,1
C:\Users\dondo\OneDrive\Documents\ADBU CSE(AI & ML)\5th sem\Minor Project\Project Prototype\Brain-Tumor-Minor-Project\dataset\Brain Tumor MRI images\Tumor\pituitary (418).jpg,Brain Tumor MRI images/Tumor/pituitary (418).jpg,1,Tumor,MRI,bb8efc4a1cf97c35dbaca6b4b0837105c79228bfac81632571eccdcc9e96f527,1
C:\Users\dondo\OneDrive\Documents\ADBU CSE(AI & ML)\5th sem\Minor Project\Project Prototype\Brain-Tumor-Minor-Project\dataset\Brain Tumor MRI images\Tumor\pituitary (419).jpg,Brain Tumor MRI images/Tumor/pituitary (419).jpg,1,Tumor,MRI,bd8f3c49fff55eb8b9ed6262a89195787058e32f52bc22cb385acc1fe1ce6c44,1
C:\Users\dondo\OneDrive\Documents\ADBU CSE(AI & ML)\5th sem\Minor Project\Project Prototype\Brain-Tumor-Minor-Project\dataset\Brain Tumor MRI images\Tumor\pituitary (42).jpg,Brain Tumor MRI images/Tumor/pituitary (42).jpg,1,Tumor,MRI,722de47a962d930e0827fec5d12221d89b8c7b4288023385e68dfa0f520a4146,1
C:\Users\dondo\OneDrive\Documents\ADBU CSE(AI & ML)\5th sem\Minor Project\Project Prototype\Brain-Tumor-Minor-Project\dataset\Brain Tumor MRI images\Tumor\pituitary (420).jpg,Brain Tumor MRI images/Tumor/pituitary (420).jpg,1,Tumor,MRI,d9a20c6917771e65451dc3adc66c76d3d17fb3e8a8b1f1cb83218a2d904ac41a,1
C:\Users\dondo\OneDrive\Documents\ADBU CSE(AI & ML)\5th sem\Minor Project\Project Prototype\Brain-Tumor-Minor-Project\dataset\Brain Tumor MRI images\Tumor\pituitary (421).jpg,Brain Tumor MRI images/Tumor/pituitary (421).jpg,1,Tumor,MRI,85353896f98276d1ebd9586203e53aed5e8b8a58937e3a28c3f60e8d4871b6f6,1
C:\Users\dondo\OneDrive\Documents\ADBU CSE(AI & ML)\5th sem\Minor Project\Project Prototype\Brain-Tumor-Minor-Project\dataset\Brain Tumor MRI images\Tumor\pituitary (422).jpg,Brain Tumor MRI images/Tumor/pituitary (422).jpg,1,Tumor,MRI,2fcf5e42d643aab43205b57d6c56119c90be79a549a52b54f28e3cc47626343c,1
C:\Users\dondo\OneDrive\Documents\ADBU CSE(AI & ML)\5th sem\Minor Project\Project Prototype\Brain-Tumor-Minor-Project\dataset\Brain Tumor MRI images\Tumor\pituitary (424).jpg,Brain Tumor MRI images/Tumor/pituitary (424).jpg,1,Tumor,MRI,fe2dd31a4287136ede2926528ab7652ab68fc6981b6928e2e021b3034b7af6ac,1
C:\Users\dondo\OneDrive\Documents\ADBU CSE(AI & ML)\5th sem\Minor Project\Project Prototype\Brain-Tumor-Minor-Project\dataset\Brain Tumor MRI images\Tumor\pituitary (425).jpg,Brain Tumor MRI images/Tumor/pituitary (425).jpg,1,Tumor,MRI,eef8e1f07f74c25f1196826dfc73a0217d761d6fcf99d279c53c39c1c6a98239,1
C:\Users\dondo\OneDrive\Documents\ADBU CSE(AI & ML)\5th sem\Minor Project\Project Prototype\Brain-Tumor-Minor-Project\dataset\Brain Tumor MRI images\Tumor\pituitary (426).jpg,Brain Tumor MRI images/Tumor/pituitary (426).jpg,1,Tumor,MRI,48ffe8fb7b4a11fc443438afae3e9d54fd8a516a0473129eebc46654c7fd43f6,1
C:\Users\dondo\OneDrive\Documents\ADBU CSE(AI & ML)\5th sem\Minor Project\Project Prototype\Brain-Tumor-Minor-Project\dataset\Brain Tumor MRI images\Tumor\pituitary (427).jpg,Brain Tumor MRI images/Tumor/pituitary (427).jpg,1,Tumor,MRI,838ac1d8eb59166b427a1084720905bbff51f0c103756e2849325fa1b67747b3,1
C:\Users\dondo\OneDrive\Documents\ADBU CSE(AI & ML)\5th sem\Minor Project\Project Prototype\Brain-Tumor-Minor-Project\dataset\Brain Tumor MRI images\Tumor\pituitary (428).jpg,Brain Tumor MRI images/Tumor/pituitary (428).jpg,1,Tumor,MRI,da113fe2f8fc4b6acd0929010fd7de104cd0fe8b4b5e296097785b05ed9604e5,1
C:\Users\dondo\OneDrive\Documents\ADBU CSE(AI & ML)\5th sem\Minor Project\Project Prototype\Brain-Tumor-Minor-Project\dataset\Brain Tumor MRI images\Tumor\pituitary (429).jpg,Brain Tumor MRI images/Tumor/pituitary (429).jpg,1,Tumor,MRI,5f603dd732611d59847958b5337291129a0023312017a3ed7ef3a414c5b7e3d6,1
C:\Users\dondo\OneDrive\Documents\ADBU CSE(AI & ML)\5th sem\Minor Project\Project Prototype\Brain-Tumor-Minor-Project\dataset\Brain Tumor MRI images\Tumor\pituitary (43).jpg,Brain Tumor MRI images/Tumor/pituitary (43).jpg,1,Tumor,MRI,e8cd0dcb4c1a25aefbdb4e51cb3e26621eec347dca338e7940433313c00ea19f,1
C:\Users\dondo\OneDrive\Documents\ADBU CSE(AI & ML)\5th sem\Minor Project\Project Prototype\Brain-Tumor-Minor-Project\dataset\Brain Tumor MRI images\Tumor\pituitary (430).jpg,Brain Tumor MRI images/Tumor/pituitary (430).jpg,1,Tumor,MRI,1e02a2b64e303ebf299ace0e87981067d2ac63feb44ec9ffd75f2067f887a066,1
C:\Users\dondo\OneDrive\Documents\ADBU CSE(AI & ML)\5th sem\Minor Project\Project Prototype\Brain-Tumor-Minor-Project\dataset\Brain Tumor MRI images\Tumor\pituitary (434).jpg,Brain Tumor MRI images/Tumor/pituitary (434).jpg,1,Tumor,MRI,1ef30638e6775e35a380f1b450c4082ed716856d4cbb9affe4f8732d1282a49c,1
C:\Users\dondo\OneDrive\Documents\ADBU CSE(AI & ML)\5th sem\Minor Project\Project Prototype\Brain-Tumor-Minor-Project\dataset\Brain Tumor MRI images\Tumor\pituitary (436).jpg,Brain Tumor MRI images/Tumor/pituitary (436).jpg,1,Tumor,MRI,d8b23b4c792e1611f6b4bb8cb839a467baacd29d87a329a6154efd3c715be9dc,1
C:\Users\dondo\OneDrive\Documents\ADBU CSE(AI & ML)\5th sem\Minor Project\Project Prototype\Brain-Tumor-Minor-Project\dataset\Brain Tumor MRI images\Tumor\pituitary (437).jpg,Brain Tumor MRI images/Tumor/pituitary (437).jpg,1,Tumor,MRI,de59ec821b8a580487fbd1edd9f1693b45bff521a543ca9389bbdddfed89d3d2,1
C:\Users\dondo\OneDrive\Documents\ADBU CSE(AI & ML)\5th sem\Minor Project\Project Prototype\Brain-Tumor-Minor-Project\dataset\Brain Tumor MRI images\Tumor\pituitary (438).jpg,Brain Tumor MRI images/Tumor/pituitary (438).jpg,1,Tumor,MRI,4f40444d8b754e6a236c4fbde79dadc712847df673522dcc81911514e846d912,1
C:\Users\dondo\OneDrive\Documents\ADBU CSE(AI & ML)\5th sem\Minor Project\Project Prototype\Brain-Tumor-Minor-Project\dataset\Brain Tumor MRI images\Tumor\pituitary (439).jpg,Brain Tumor MRI images/Tumor/pituitary (439).jpg,1,Tumor,MRI,61763fb86bb0aa80a82f98df62a0d3cc4a555b61945ec8a5ae4cbfa05a5b095c,1
C:\Users\dondo\OneDrive\Documents\ADBU CSE(AI & ML)\5th sem\Minor Project\Project Prototype\Brain-Tumor-Minor-Project\dataset\Brain Tumor MRI images\Tumor\pituitary (44).jpg,Brain Tumor MRI images/Tumor/pituitary (44).jpg,1,Tumor,MRI,04e39955a6e7630ce28446bcc14ad25629cc221983d159459732fe162c0d4f01,1
C:\Users\dondo\OneDrive\Documents\ADBU CSE(AI & ML)\5th sem\Minor Project\Project Prototype\Brain-Tumor-Minor-Project\dataset\Brain Tumor MRI images\Tumor\pituitary (440).jpg,Brain Tumor MRI images/Tumor/pituitary (440).jpg,1,Tumor,MRI,7a97c20a219f67b7ede763e8ef1e1c62cb2467c752411ffe313a8818b16aa894,1
C:\Users\dondo\OneDrive\Documents\ADBU CSE(AI & ML)\5th sem\Minor Project\Project Prototype\Brain-Tumor-Minor-Project\dataset\Brain Tumor MRI images\Tumor\pituitary (441).jpg,Brain Tumor MRI images/Tumor/pituitary (441).jpg,1,Tumor,MRI,8a381409772d5da65a54ce71ac07fb4cc288797ee7f2b7b2a5779c05f295dab3,1
C:\Users\dondo\OneDrive\Documents\ADBU CSE(AI & ML)\5th sem\Minor Project\Project Prototype\Brain-Tumor-Minor-Project\dataset\Brain Tumor MRI images\Tumor\pituitary (442).jpg,Brain Tumor MRI images/Tumor/pituitary (442).jpg,1,Tumor,MRI,63b86ed74325638e063ad6fadbe9b879b8bcf5b2c6e9519286de01b2f67bd7c9,1
C:\Users\dondo\OneDrive\Documents\ADBU CSE(AI & ML)\5th sem\Minor Project\Project Prototype\Brain-Tumor-Minor-Project\dataset\Brain Tumor MRI images\Tumor\pituitary (443).jpg,Brain Tumor MRI images/Tumor/pituitary (443).jpg,1,Tumor,MRI,71fd7bd36f1ffaf229dcd415c31f1f06bcbb7d916f08f4b830b7380ff1b5ac5c,1
C:\Users\dondo\OneDrive\Documents\ADBU CSE(AI & ML)\5th sem\Minor Project\Project Prototype\Brain-Tumor-Minor-Project\dataset\Brain Tumor MRI images\Tumor\pituitary (445).jpg,Brain Tumor MRI images/Tumor/pituitary (445).jpg,1,Tumor,MRI,8fcac466bc85a0ffd324f49d6f1a18bca3dfb99e131b92615c20563cbc0a0186,1
C:\Users\dondo\OneDrive\Documents\ADBU CSE(AI & ML)\5th sem\Minor Project\Project Prototype\Brain-Tumor-Minor-Project\dataset\Brain Tumor MRI images\Tumor\pituitary (446).jpg,Brain Tumor MRI images/Tumor/pituitary (446).jpg,1,Tumor,MRI,43d4ea384e1ac8cdbc704a0eca06f9fb00d30345b535aca0933b427610145ae5,1
C:\Users\dondo\OneDrive\Documents\ADBU CSE(AI & ML)\5th sem\Minor Project\Project Prototype\Brain-Tumor-Minor-Project\dataset\Brain Tumor MRI images\Tumor\pituitary (448).jpg,Brain Tumor MRI images/Tumor/pituitary (448).jpg,1,Tumor,MRI,b492846a3ccf1e108e04178272032faf1134baa29adaa7fdaebb4b69b1d0e2f8,1
C:\Users\dondo\OneDrive\Documents\ADBU CSE(AI & ML)\5th sem\Minor Project\Project Prototype\Brain-Tumor-Minor-Project\dataset\Brain Tumor MRI images\Tumor\pituitary (449).jpg,Brain Tumor MRI images/Tumor/pituitary (449).jpg,1,Tumor,MRI,7f59623fb153f8715257136de011c17a6bd14ae708d3c960493dba369b37ff50,1
C:\Users\dondo\OneDrive\Documents\ADBU CSE(AI & ML)\5th sem\Minor Project\Project Prototype\Brain-Tumor-Minor-Project\dataset\Brain Tumor MRI images\Tumor\pituitary (451).jpg,Brain Tumor MRI images/Tumor/pituitary (451).jpg,1,Tumor,MRI,991a39c08a20ed95b84c756ea7349555b59da273ea5c23b44f0d45a1e68b9014,1
C:\Users\dondo\OneDrive\Documents\ADBU CSE(AI & ML)\5th sem\Minor Project\Project Prototype\Brain-Tumor-Minor-Project\dataset\Brain Tumor MRI images\Tumor\pituitary (452).jpg,Brain Tumor MRI images/Tumor/pituitary (452).jpg,1,Tumor,MRI,a29abd5a5d4daeb3615b517239998dde33c32f8da98b3ad0ecea5aa181f41948,1
C:\Users\dondo\OneDrive\Documents\ADBU CSE(AI & ML)\5th sem\Minor Project\Project Prototype\Brain-Tumor-Minor-Project\dataset\Brain Tumor MRI images\Tumor\pituitary (453).jpg,Brain Tumor MRI images/Tumor/pituitary (453).jpg,1,Tumor,MRI,500db9a3a2601c7043b77a3c43514076ce305b45bbbc7dcca9b1076d163dbcd2,1
C:\Users\dondo\OneDrive\Documents\ADBU CSE(AI & ML)\5th sem\Minor Project\Project Prototype\Brain-Tumor-Minor-Project\dataset\Brain Tumor MRI images\Tumor\pituitary (454).jpg,Brain Tumor MRI images/Tumor/pituitary (454).jpg,1,Tumor,MRI,7b5680b78ea1d74b3ffdff7dcd7ed65fc044dcf2bee873d774c224142ddd5abc,1
C:\Users\dondo\OneDrive\Documents\ADBU CSE(AI & ML)\5th sem\Minor Project\Project Prototype\Brain-Tumor-Minor-Project\dataset\Brain Tumor MRI images\Tumor\pituitary (455).jpg,Brain Tumor MRI images/Tumor/pituitary (455).jpg,1,Tumor,MRI,3f8260c3e1686865e27c875c981655fa6d6de415c43d4e0eaae9083593b74e4b,1
C:\Users\dondo\OneDrive\Documents\ADBU CSE(AI & ML)\5th sem\Minor Project\Project Prototype\Brain-Tumor-Minor-Project\dataset\Brain Tumor MRI images\Tumor\pituitary (456).jpg,Brain Tumor MRI images/Tumor/pituitary (456).jpg,1,Tumor,MRI,dab39f11b5a62388425d716ed98e0de568eb6711cffc4196c9446c1e007ed587,1
C:\Users\dondo\OneDrive\Documents\ADBU CSE(AI & ML)\5th sem\Minor Project\Project Prototype\Brain-Tumor-Minor-Project\dataset\Brain Tumor MRI images\Tumor\pituitary (457).jpg,Brain Tumor MRI images/Tumor/pituitary (457).jpg,1,Tumor,MRI,5e72670c89fc7abf2cdc3d07545a1a40c883386cb3bf011b0e422b1b27f1b381,1
C:\Users\dondo\OneDrive\Documents\ADBU CSE(AI & ML)\5th sem\Minor Project\Project Prototype\Brain-Tumor-Minor-Project\dataset\Brain Tumor MRI images\Tumor\pituitary (46).jpg,Brain Tumor MRI images/Tumor/pituitary (46).jpg,1,Tumor,MRI,db88e43e60d2c51d4f29f834715c522cbfb14c2a721d5ebe3791ab62f294ea76,1
C:\Users\dondo\OneDrive\Documents\ADBU CSE(AI & ML)\5th sem\Minor Project\Project Prototype\Brain-Tumor-Minor-Project\dataset\Brain Tumor MRI images\Tumor\pituitary (460).jpg,Brain Tumor MRI images/Tumor/pituitary (460).jpg,1,Tumor,MRI,c8c9e8dbca21dc8cc869656213a506add93a03c4b331b1ce2cd5bfbaf04de727,1
C:\Users\dondo\OneDrive\Documents\ADBU CSE(AI & ML)\5th sem\Minor Project\Project Prototype\Brain-Tumor-Minor-Project\dataset\Brain Tumor MRI images\Tumor\pituitary (461).jpg,Brain Tumor MRI images/Tumor/pituitary (461).jpg,1,Tumor,MRI,59e48ce919494a737be0cb14812699dc6d386dcf11a4e66076a534c83f0f1305,1
C:\Users\dondo\OneDrive\Documents\ADBU CSE(AI & ML)\5th sem\Minor Project\Project Prototype\Brain-Tumor-Minor-Project\dataset\Brain Tumor MRI images\Tumor\pituitary (463).jpg,Brain Tumor MRI images/Tumor/pituitary (463).jpg,1,Tumor,MRI,4cbb016d44c1d334e4a67eb2b6c9134d3bdf238b471509e56a4ff00393f48b3e,1
C:\Users\dondo\OneDrive\Documents\ADBU CSE(AI & ML)\5th sem\Minor Project\Project Prototype\Brain-Tumor-Minor-Project\dataset\Brain Tumor MRI images\Tumor\pituitary (464).jpg,Brain Tumor MRI images/Tumor/pituitary (464).jpg,1,Tumor,MRI,fedc8562a791e03992d71ad79012c761828c143456f263e5e17d757ede0145bd,1
C:\Users\dondo\OneDrive\Documents\ADBU CSE(AI & ML)\5th sem\Minor Project\Project Prototype\Brain-Tumor-Minor-Project\dataset\Brain Tumor MRI images\Tumor\pituitary (465).jpg,Brain Tumor MRI images/Tumor/pituitary (465).jpg,1,Tumor,MRI,51d0bcae4ca7e83b8cfcd1313be221f68ad89e1b9e5d9257292c4797d73b4a04,1
C:\Users\dondo\OneDrive\Documents\ADBU CSE(AI & ML)\5th sem\Minor Project\Project Prototype\Brain-Tumor-Minor-Project\dataset\Brain Tumor MRI images\Tumor\pituitary (466).jpg,Brain Tumor MRI images/Tumor/pituitary (466).jpg,1,Tumor,MRI,5d9783d21c285baff2375ed03039e7da6e62402a3bf8e76b1cb166cc1677a40c,1
C:\Users\dondo\OneDrive\Documents\ADBU CSE(AI & ML)\5th sem\Minor Project\Project Prototype\Brain-Tumor-Minor-Project\dataset\Brain Tumor MRI images\Tumor\pituitary (468).jpg,Brain Tumor MRI images/Tumor/pituitary (468).jpg,1,Tumor,MRI,3074ea8baccfbce274fb8c5c5b0268d9fa0bbb241cf6b744efb2b821166eaa07,1
C:\Users\dondo\OneDrive\Documents\ADBU CSE(AI & ML)\5th sem\Minor Project\Project Prototype\Brain-Tumor-Minor-Project\dataset\Brain Tumor MRI images\Tumor\pituitary (469).jpg,Brain Tumor MRI images/Tumor/pituitary (469).jpg,1,Tumor,MRI,8e55a82d54c793af79f120fbdd2544ebdd75858cfcd6b35edbffe3916e2d8634,1
C:\Users\dondo\OneDrive\Documents\ADBU CSE(AI & ML)\5th sem\Minor Project\Project Prototype\Brain-Tumor-Minor-Project\dataset\Brain Tumor MRI images\Tumor\pituitary (47).jpg,Brain Tumor MRI images/Tumor/pituitary (47).jpg,1,Tumor,MRI,3bc850fc5a79b73dee73e4748a662f2febf602f7c3541cd5e090b76b3ef6a5f2,1
C:\Users\dondo\OneDrive\Documents\ADBU CSE(AI & ML)\5th sem\Minor Project\Project Prototype\Brain-Tumor-Minor-Project\dataset\Brain Tumor MRI images\Tumor\pituitary (470).jpg,Brain Tumor MRI images/Tumor/pituitary (470).jpg,1,Tumor,MRI,72415f5915035b02027ef1ebfddc17c19ea680a69e36f24f168149948c1a5480,1
C:\Users\dondo\OneDrive\Documents\ADBU CSE(AI & ML)\5th sem\Minor Project\Project Prototype\Brain-Tumor-Minor-Project\dataset\Brain Tumor MRI images\Tumor\pituitary (471).jpg,Brain Tumor MRI images/Tumor/pituitary (471).jpg,1,Tumor,MRI,cf656292932e76b29f6c03c8e29764e991a1a5e81b50a6e7161668a7b87fb9cb,1
C:\Users\dondo\OneDrive\Documents\ADBU CSE(AI & ML)\5th sem\Minor Project\Project Prototype\Brain-Tumor-Minor-Project\dataset\Brain Tumor MRI images\Tumor\pituitary (472).jpg,Brain Tumor MRI images/Tumor/pituitary (472).jpg,1,Tumor,MRI,ea5f449cff6d9ee15fcf224ce7fce09cc6c4c3914beeef4c0c535c8e34107ba0,1
C:\Users\dondo\OneDrive\Documents\ADBU CSE(AI & ML)\5th sem\Minor Project\Project Prototype\Brain-Tumor-Minor-Project\dataset\Brain Tumor MRI images\Tumor\pituitary (473).jpg,Brain Tumor MRI images/Tumor/pituitary (473).jpg,1,Tumor,MRI,7e9bd47898ad834448b7ab00c3eb97a6310c2caf38ab1118b4ccbad9b20ad90e,1
C:\Users\dondo\OneDrive\Documents\ADBU CSE(AI & ML)\5th sem\Minor Project\Project Prototype\Brain-Tumor-Minor-Project\dataset\Brain Tumor MRI images\Tumor\pituitary (475).jpg,Brain Tumor MRI images/Tumor/pituitary (475).jpg,1,Tumor,MRI,92c9aab4044fc1b0a47ce8f82487def7624fb7d3e3cac372a2d32957a83eebfe,1
C:\Users\dondo\OneDrive\Documents\ADBU CSE(AI & ML)\5th sem\Minor Project\Project Prototype\Brain-Tumor-Minor-Project\dataset\Brain Tumor MRI images\Tumor\pituitary (476).jpg,Brain Tumor MRI images/Tumor/pituitary (476).jpg,1,Tumor,MRI,5f6e583938dcab0977e369c1ad5141f82f09b537ce2044d059061134580af8f2,1
C:\Users\dondo\OneDrive\Documents\ADBU CSE(AI & ML)\5th sem\Minor Project\Project Prototype\Brain-Tumor-Minor-Project\dataset\Brain Tumor MRI images\Tumor\pituitary (479).jpg,Brain Tumor MRI images/Tumor/pituitary (479).jpg,1,Tumor,MRI,3901c1d9676971d592931f3c3221a5324d4f9514c37d56e82b8cab406477e731,1
C:\Users\dondo\OneDrive\Documents\ADBU CSE(AI & ML)\5th sem\Minor Project\Project Prototype\Brain-Tumor-Minor-Project\dataset\Brain Tumor MRI images\Tumor\pituitary (48).jpg,Brain Tumor MRI images/Tumor/pituitary (48).jpg,1,Tumor,MRI,8a395098fe334a79d2eab934c22d614321a2967d9eda573f47c45d44978fb167,1
C:\Users\dondo\OneDrive\Documents\ADBU CSE(AI & ML)\5th sem\Minor Project\Project Prototype\Brain-Tumor-Minor-Project\dataset\Brain Tumor MRI images\Tumor\pituitary (480).jpg,Brain Tumor MRI images/Tumor/pituitary (480).jpg,1,Tumor,MRI,899cb3e1b97e8b868ab0560187bdb381d010f90df5f453f78184ad7a29296607,1
C:\Users\dondo\OneDrive\Documents\ADBU CSE(AI & ML)\5th sem\Minor Project\Project Prototype\Brain-Tumor-Minor-Project\dataset\Brain Tumor MRI images\Tumor\pituitary (481).jpg,Brain Tumor MRI images/Tumor/pituitary (481).jpg,1,Tumor,MRI,05c893da4d1df73527ed1ebd21a901c63def6a6b11bfcc60dc31931c4eafed6e,1
C:\Users\dondo\OneDrive\Documents\ADBU CSE(AI & ML)\5th sem\Minor Project\Project Prototype\Brain-Tumor-Minor-Project\dataset\Brain Tumor MRI images\Tumor\pituitary (482).jpg,Brain Tumor MRI images/Tumor/pituitary (482).jpg,1,Tumor,MRI,f1f2224ecff4e8de0f8ea2035d46dc4cf91c1e28dd9afc03a7610e4168333621,1
C:\Users\dondo\OneDrive\Documents\ADBU CSE(AI & ML)\5th sem\Minor Project\Project Prototype\Brain-Tumor-Minor-Project\dataset\Brain Tumor MRI images\Tumor\pituitary (484).jpg,Brain Tumor MRI images/Tumor/pituitary (484).jpg,1,Tumor,MRI,85122adf384cb8f232fb1a0c2ca81dd938ebb5c2c252326958beeb2610345e73,1
C:\Users\dondo\OneDrive\Documents\ADBU CSE(AI & ML)\5th sem\Minor Project\Project Prototype\Brain-Tumor-Minor-Project\dataset\Brain Tumor MRI images\Tumor\pituitary (485).jpg,Brain Tumor MRI images/Tumor/pituitary (485).jpg,1,Tumor,MRI,d145f6006fd928ad45e6fe35f699b2a4d516768063821eadf3413bd5029eaec6,1
C:\Users\dondo\OneDrive\Documents\ADBU CSE(AI & ML)\5th sem\Minor Project\Project Prototype\Brain-Tumor-Minor-Project\dataset\Brain Tumor MRI images\Tumor\pituitary (487).jpg,Brain Tumor MRI images/Tumor/pituitary (487).jpg,1,Tumor,MRI,de1e68881daf36a12588fd3eb8219feae46fddaf53893de53c4306ba054237e3,1
C:\Users\dondo\OneDrive\Documents\ADBU CSE(AI & ML)\5th sem\Minor Project\Project Prototype\Brain-Tumor-Minor-Project\dataset\Brain Tumor MRI images\Tumor\pituitary (488).jpg,Brain Tumor MRI images/Tumor/pituitary (488).jpg,1,Tumor,MRI,f7464a9fdee384c65b05aff173923aae8237fdbd5e6863f46766f0c9792ee151,1
C:\Users\dondo\OneDrive\Documents\ADBU CSE(AI & ML)\5th sem\Minor Project\Project Prototype\Brain-Tumor-Minor-Project\dataset\Brain Tumor MRI images\Tumor\pituitary (489).jpg,Brain Tumor MRI images/Tumor/pituitary (489).jpg,1,Tumor,MRI,ee6d9fa5cd440abed984bd8f772da62c0cd737d047537d22f2e21a3dea5d3bfc,1
C:\Users\dondo\OneDrive\Documents\ADBU CSE(AI & ML)\5th sem\Minor Project\Project Prototype\Brain-Tumor-Minor-Project\dataset\Brain Tumor MRI images\Tumor\pituitary (49).jpg,Brain Tumor MRI images/Tumor/pituitary (49).jpg,1,Tumor,MRI,e35ac02050ca3c053978404ed51d434963d9dc71e513a6293a67331bb15f1933,1
C:\Users\dondo\OneDrive\Documents\ADBU CSE(AI & ML)\5th sem\Minor Project\Project Prototype\Brain-Tumor-Minor-Project\dataset\Brain Tumor MRI images\Tumor\pituitary (490).jpg,Brain Tumor MRI images/Tumor/pituitary (490).jpg,1,Tumor,MRI,d855063931b835a8df8503622e314d468be4233842dc5c7f1855410b7c279d52,1
C:\Users\dondo\OneDrive\Documents\ADBU CSE(AI & ML)\5th sem\Minor Project\Project Prototype\Brain-Tumor-Minor-Project\dataset\Brain Tumor MRI images\Tumor\pituitary (491).jpg,Brain Tumor MRI images/Tumor/pituitary (491).jpg,1,Tumor,MRI,7a7dca1f32431e1620e56a9ad13f98dc8f9e70c20bb7ca8606252c08abc73a59,1
C:\Users\dondo\OneDrive\Documents\ADBU CSE(AI & ML)\5th sem\Minor Project\Project Prototype\Brain-Tumor-Minor-Project\dataset\Brain Tumor MRI images\Tumor\pituitary (492).jpg,Brain Tumor MRI images/Tumor/pituitary (492).jpg,1,Tumor,MRI,8853abafc9c4f1254935b310778065f1c6f0dcb2c7a7b0e4bbe15b99ae499d2a,1
C:\Users\dondo\OneDrive\Documents\ADBU CSE(AI & ML)\5th sem\Minor Project\Project Prototype\Brain-Tumor-Minor-Project\dataset\Brain Tumor MRI images\Tumor\pituitary (494).jpg,Brain Tumor MRI images/Tumor/pituitary (494).jpg,1,Tumor,MRI,74a84c1e2f92531f3b8845ea04ea053168e970f16a3ea0779ee57100695ddfb5,1
C:\Users\dondo\OneDrive\Documents\ADBU CSE(AI & ML)\5th sem\Minor Project\Project Prototype\Brain-Tumor-Minor-Project\dataset\Brain Tumor MRI images\Tumor\pituitary (495).jpg,Brain Tumor MRI images/Tumor/pituitary (495).jpg,1,Tumor,MRI,641c15dc93d6d6fdfada92796a0c5c180f57762342433245d47b3d50d6dc3407,1
C:\Users\dondo\OneDrive\Documents\ADBU CSE(AI & ML)\5th sem\Minor Project\Project Prototype\Brain-Tumor-Minor-Project\dataset\Brain Tumor MRI images\Tumor\pituitary (497).jpg,Brain Tumor MRI images/Tumor/pituitary (497).jpg,1,Tumor,MRI,3a8e5b94c6b8008fbc526f7df033636ad409310ab17a19c3905fda76ba451839,1
C:\Users\dondo\OneDrive\Documents\ADBU CSE(AI & ML)\5th sem\Minor Project\Project Prototype\Brain-Tumor-Minor-Project\dataset\Brain Tumor MRI images\Tumor\pituitary (498).jpg,Brain Tumor MRI images/Tumor/pituitary (498).jpg,1,Tumor,MRI,4f3228aa77c379c485256c5cc9f59595e896617f78f6ddde072b0ea0da23d945,1
C:\Users\dondo\OneDrive\Documents\ADBU CSE(AI & ML)\5th sem\Minor Project\Project Prototype\Brain-Tumor-Minor-Project\dataset\Brain Tumor MRI images\Tumor\pituitary (499).jpg,Brain Tumor MRI images/Tumor/pituitary (499).jpg,1,Tumor,MRI,e213ba2f0b16c8dd8c5ea73fc7daa3a9c7af449c005c731ffef3f25aeba4a154,1
C:\Users\dondo\OneDrive\Documents\ADBU CSE(AI & ML)\5th sem\Minor Project\Project Prototype\Brain-Tumor-Minor-Project\dataset\Brain Tumor MRI images\Tumor\pituitary (5).jpg,Brain Tumor MRI images/Tumor/pituitary (5).jpg,1,Tumor,MRI,e376af2be592bef7a07b5cd9f9a1439a0ecd1a8fbe73a78010e3693aa5235c2f,1
C:\Users\dondo\OneDrive\Documents\ADBU CSE(AI & ML)\5th sem\Minor Project\Project Prototype\Brain-Tumor-Minor-Project\dataset\Brain Tumor MRI images\Tumor\pituitary (500).jpg,Brain Tumor MRI images/Tumor/pituitary (500).jpg,1,Tumor,MRI,44cc2474aac268298cac74ad76c4e2f0f5a97419368cae89cd10c378f3890733,1
C:\Users\dondo\OneDrive\Documents\ADBU CSE(AI & ML)\5th sem\Minor Project\Project Prototype\Brain-Tumor-Minor-Project\dataset\Brain Tumor MRI images\Tumor\pituitary (502).jpg,Brain Tumor MRI images/Tumor/pituitary (502).jpg,1,Tumor,MRI,025126df59fa338380bdf77c62923acf1918c756672397e5eb377bd49a31ab38,1
C:\Users\dondo\OneDrive\Documents\ADBU CSE(AI & ML)\5th sem\Minor Project\Project Prototype\Brain-Tumor-Minor-Project\dataset\Brain Tumor MRI images\Tumor\pituitary (503).jpg,Brain Tumor MRI images/Tumor/pituitary (503).jpg,1,Tumor,MRI,b2c3656cc5c2e5eb0f6de2290b3ff58ca19bee8a547f60bbe89d4ba6bfd388c4,1
C:\Users\dondo\OneDrive\Documents\ADBU CSE(AI & ML)\5th sem\Minor Project\Project Prototype\Brain-Tumor-Minor-Project\dataset\Brain Tumor MRI images\Tumor\pituitary (504).jpg,Brain Tumor MRI images/Tumor/pituitary (504).jpg,1,Tumor,MRI,90332cfcb57d96ba27bb951ccbf03f00110ae16d7566fd889c659ec2a18ef403,1
C:\Users\dondo\OneDrive\Documents\ADBU CSE(AI & ML)\5th sem\Minor Project\Project Prototype\Brain-Tumor-Minor-Project\dataset\Brain Tumor MRI images\Tumor\pituitary (505).jpg,Brain Tumor MRI images/Tumor/pituitary (505).jpg,1,Tumor,MRI,97606bd43f9bc62bd449ee7a11f73b00407373e3c0140c289eb828b6a7de5ac8,1
C:\Users\dondo\OneDrive\Documents\ADBU CSE(AI & ML)\5th sem\Minor Project\Project Prototype\Brain-Tumor-Minor-Project\dataset\Brain Tumor MRI images\Tumor\pituitary (508).jpg,Brain Tumor MRI images/Tumor/pituitary (508).jpg,1,Tumor,MRI,91aa8f7e5abcf371119c60e24deb8321e08bd82ba29c83438ab69179ddbc9b8f,1
C:\Users\dondo\OneDrive\Documents\ADBU CSE(AI & ML)\5th sem\Minor Project\Project Prototype\Brain-Tumor-Minor-Project\dataset\Brain Tumor MRI images\Tumor\pituitary (509).jpg,Brain Tumor MRI images/Tumor/pituitary (509).jpg,1,Tumor,MRI,bec37d3745b8e7a1146fad7344e735e0346d7c58db7dfe0004588ca133829731,1
C:\Users\dondo\OneDrive\Documents\ADBU CSE(AI & ML)\5th sem\Minor Project\Project Prototype\Brain-Tumor-Minor-Project\dataset\Brain Tumor MRI images\Tumor\pituitary (511).jpg,Brain Tumor MRI images/Tumor/pituitary (511).jpg,1,Tumor,MRI,b969ef6728391b244a30fa1dcec5984ae635e4aaf10a570f17fe99e4db3ca50d,1
C:\Users\dondo\OneDrive\Documents\ADBU CSE(AI & ML)\5th sem\Minor Project\Project Prototype\Brain-Tumor-Minor-Project\dataset\Brain Tumor MRI images\Tumor\pituitary (512).jpg,Brain Tumor MRI images/Tumor/pituitary (512).jpg,1,Tumor,MRI,24d190caf50082e7054ed190a88c1035f21b280988bc818ab1ae607ce7c196a3,1
C:\Users\dondo\OneDrive\Documents\ADBU CSE(AI & ML)\5th sem\Minor Project\Project Prototype\Brain-Tumor-Minor-Project\dataset\Brain Tumor MRI images\Tumor\pituitary (513).jpg,Brain Tumor MRI images/Tumor/pituitary (513).jpg,1,Tumor,MRI,916d19b167b1482ab7258ffa46b0a270ebf915cd2bf886351f5d148f0ea9e235,1
C:\Users\dondo\OneDrive\Documents\ADBU CSE(AI & ML)\5th sem\Minor Project\Project Prototype\Brain-Tumor-Minor-Project\dataset\Brain Tumor MRI images\Tumor\pituitary (516).jpg,Brain Tumor MRI images/Tumor/pituitary (516).jpg,1,Tumor,MRI,636375aae1b5bbcc31a2cf65857e7ffaf98bcbd6544010491eb56d4da4b2ecf9,1
C:\Users\dondo\OneDrive\Documents\ADBU CSE(AI & ML)\5th sem\Minor Project\Project Prototype\Brain-Tumor-Minor-Project\dataset\Brain Tumor MRI images\Tumor\pituitary (519).jpg,Brain Tumor MRI images/Tumor/pituitary (519).jpg,1,Tumor,MRI,ac5cc6b88706a6ddbfba50146a1c6d17d79efcb992d0f448458a98947757fabd,1
C:\Users\dondo\OneDrive\Documents\ADBU CSE(AI & ML)\5th sem\Minor Project\Project Prototype\Brain-Tumor-Minor-Project\dataset\Brain Tumor MRI images\Tumor\pituitary (520).jpg,Brain Tumor MRI images/Tumor/pituitary (520).jpg,1,Tumor,MRI,8aa08081c3fa8bf9b8e45e4925c9082f0aebc9ffacb289516a7b549bdff0e73d,1
C:\Users\dondo\OneDrive\Documents\ADBU CSE(AI & ML)\5th sem\Minor Project\Project Prototype\Brain-Tumor-Minor-Project\dataset\Brain Tumor MRI images\Tumor\pituitary (521).jpg,Brain Tumor MRI images/Tumor/pituitary (521).jpg,1,Tumor,MRI,d08868caac9e9f6fa8e7aecf717f1fc24ab1802e68b21cd81cc22543ab5866ac,1
C:\Users\dondo\OneDrive\Documents\ADBU CSE(AI & ML)\5th sem\Minor Project\Project Prototype\Brain-Tumor-Minor-Project\dataset\Brain Tumor MRI images\Tumor\pituitary (522).jpg,Brain Tumor MRI images/Tumor/pituitary (522).jpg,1,Tumor,MRI,df7056791525903f83b39676523de14d3527e391da5345c68ce63e77f35f1cff,1
C:\Users\dondo\OneDrive\Documents\ADBU CSE(AI & ML)\5th sem\Minor Project\Project Prototype\Brain-Tumor-Minor-Project\dataset\Brain Tumor MRI images\Tumor\pituitary (526).jpg,Brain Tumor MRI images/Tumor/pituitary (526).jpg,1,Tumor,MRI,3e3c40432317ad36e0ab7341875589a52ae1361cbd866a40c75fa39506139d29,1
C:\Users\dondo\OneDrive\Documents\ADBU CSE(AI & ML)\5th sem\Minor Project\Project Prototype\Brain-Tumor-Minor-Project\dataset\Brain Tumor MRI images\Tumor\pituitary (527).jpg,Brain Tumor MRI images/Tumor/pituitary (527).jpg,1,Tumor,MRI,91c067d56c22e2150f64c122e55a69e1a3a0fa354c9bebdb240373f46636a3d0,1
C:\Users\dondo\OneDrive\Documents\ADBU CSE(AI & ML)\5th sem\Minor Project\Project Prototype\Brain-Tumor-Minor-Project\dataset\Brain Tumor MRI images\Tumor\pituitary (528).jpg,Brain Tumor MRI images/Tumor/pituitary (528).jpg,1,Tumor,MRI,8b1604bae6fb2f3fe6951823fdec3e5bd6ea6788b7fae46d9c3df24b6cfa5cff,1
C:\Users\dondo\OneDrive\Documents\ADBU CSE(AI & ML)\5th sem\Minor Project\Project Prototype\Brain-Tumor-Minor-Project\dataset\Brain Tumor MRI images\Tumor\pituitary (529).jpg,Brain Tumor MRI images/Tumor/pituitary (529).jpg,1,Tumor,MRI,6218d34d50646b6646bc91f9915bd1654c2d01e43a88dbbb5212197d76eb6697,1
C:\Users\dondo\OneDrive\Documents\ADBU CSE(AI & ML)\5th sem\Minor Project\Project Prototype\Brain-Tumor-Minor-Project\dataset\Brain Tumor MRI images\Tumor\pituitary (53).jpg,Brain Tumor MRI images/Tumor/pituitary (53).jpg,1,Tumor,MRI,3d34c882239e84017acb9644b7119b2283ef3f6f6d430d103c1b536d2557f32e,1
C:\Users\dondo\OneDrive\Documents\ADBU CSE(AI & ML)\5th sem\Minor Project\Project Prototype\Brain-Tumor-Minor-Project\dataset\Brain Tumor MRI images\Tumor\pituitary (530).jpg,Brain Tumor MRI images/Tumor/pituitary (530).jpg,1,Tumor,MRI,8063d551a0bf685ae9e89c1c7306ef546b1ab349c3a51a55e02fffa338c23ac4,1
C:\Users\dondo\OneDrive\Documents\ADBU CSE(AI & ML)\5th sem\Minor Project\Project Prototype\Brain-Tumor-Minor-Project\dataset\Brain Tumor MRI images\Tumor\pituitary (531).jpg,Brain Tumor MRI images/Tumor/pituitary (531).jpg,1,Tumor,MRI,2fc3fb4c5fc0e888305c002708528ce9866b0899bc40dca06dcc9b5b10e5ab90,1
C:\Users\dondo\OneDrive\Documents\ADBU CSE(AI & ML)\5th sem\Minor Project\Project Prototype\Brain-Tumor-Minor-Project\dataset\Brain Tumor MRI images\Tumor\pituitary (532).jpg,Brain Tumor MRI images/Tumor/pituitary (532).jpg,1,Tumor,MRI,dfb45d7351d1929fdeefba26474032de0ab865ee2b938891baac4edda70a93c4,1
C:\Users\dondo\OneDrive\Documents\ADBU CSE(AI & ML)\5th sem\Minor Project\Project Prototype\Brain-Tumor-Minor-Project\dataset\Brain Tumor MRI images\Tumor\pituitary (533).jpg,Brain Tumor MRI images/Tumor/pituitary (533).jpg,1,Tumor,MRI,2d9dd2adea6dbffc0de2a33f6ad090e0f9158b7b9d51af086479882ec6ecc5ec,1
C:\Users\dondo\OneDrive\Documents\ADBU CSE(AI & ML)\5th sem\Minor Project\Project Prototype\Brain-Tumor-Minor-Project\dataset\Brain Tumor MRI images\Tumor\pituitary (534).jpg,Brain Tumor MRI images/Tumor/pituitary (534).jpg,1,Tumor,MRI,273311ef1c32563bf6a051cc5deca5a4a3acac80cc64031344bf1467ca437727,1
C:\Users\dondo\OneDrive\Documents\ADBU CSE(AI & ML)\5th sem\Minor Project\Project Prototype\Brain-Tumor-Minor-Project\dataset\Brain Tumor MRI images\Tumor\pituitary (535).jpg,Brain Tumor MRI images/Tumor/pituitary (535).jpg,1,Tumor,MRI,a321cef58a23ac0a058af9d8f87a535e28581dc1ef90098d0810c799cafaad18,1
C:\Users\dondo\OneDrive\Documents\ADBU CSE(AI & ML)\5th sem\Minor Project\Project Prototype\Brain-Tumor-Minor-Project\dataset\Brain Tumor MRI images\Tumor\pituitary (536).jpg,Brain Tumor MRI images/Tumor/pituitary (536).jpg,1,Tumor,MRI,c95c268c50e4db64e8294633231f2c4adf4ccb7ffa37787fc82835b9a8247a3a,1
C:\Users\dondo\OneDrive\Documents\ADBU CSE(AI & ML)\5th sem\Minor Project\Project Prototype\Brain-Tumor-Minor-Project\dataset\Brain Tumor MRI images\Tumor\pituitary (537).jpg,Brain Tumor MRI images/Tumor/pituitary (537).jpg,1,Tumor,MRI,3a5fb72788ec2ea57956302b2c5f5a113909a096ec6d76f8d5daa3a866a954db,1
C:\Users\dondo\OneDrive\Documents\ADBU CSE(AI & ML)\5th sem\Minor Project\Project Prototype\Brain-Tumor-Minor-Project\dataset\Brain Tumor MRI images\Tumor\pituitary (538).jpg,Brain Tumor MRI images/Tumor/pituitary (538).jpg,1,Tumor,MRI,0d2fc56dd9ccccf5fe7b4614cf2d497861e5325953cc959d5b424388570cc16b,1
C:\Users\dondo\OneDrive\Documents\ADBU CSE(AI & ML)\5th sem\Minor Project\Project Prototype\Brain-Tumor-Minor-Project\dataset\Brain Tumor MRI images\Tumor\pituitary (539).jpg,Brain Tumor MRI images/Tumor/pituitary (539).jpg,1,Tumor,MRI,723ef70fedd978654c2bf777b64790b2a8fbe3efe034714fe16dff9401082216,1
C:\Users\dondo\OneDrive\Documents\ADBU CSE(AI & ML)\5th sem\Minor Project\Project Prototype\Brain-Tumor-Minor-Project\dataset\Brain Tumor MRI images\Tumor\pituitary (54).jpg,Brain Tumor MRI images/Tumor/pituitary (54).jpg,1,Tumor,MRI,99545d31ca89d8ce5640c9e7bcc2f34c6530690431ca550afbeebedf0d2611fa,1
C:\Users\dondo\OneDrive\Documents\ADBU CSE(AI & ML)\5th sem\Minor Project\Project Prototype\Brain-Tumor-Minor-Project\dataset\Brain Tumor MRI images\Tumor\pituitary (541).jpg,Brain Tumor MRI images/Tumor/pituitary (541).jpg,1,Tumor,MRI,d14d518896ef285885c9db1e230ab22e4fbc1e42a6bcea9ce07d3069df095e18,1
C:\Users\dondo\OneDrive\Documents\ADBU CSE(AI & ML)\5th sem\Minor Project\Project Prototype\Brain-Tumor-Minor-Project\dataset\Brain Tumor MRI images\Tumor\pituitary (543).jpg,Brain Tumor MRI images/Tumor/pituitary (543).jpg,1,Tumor,MRI,55b0b80c1548f77d2fb8f3ef8ef5b5e0e4dc3575d4eed60da20cbdbe0385e58a,1
C:\Users\dondo\OneDrive\Documents\ADBU CSE(AI & ML)\5th sem\Minor Project\Project Prototype\Brain-Tumor-Minor-Project\dataset\Brain Tumor MRI images\Tumor\pituitary (544).jpg,Brain Tumor MRI images/Tumor/pituitary (544).jpg,1,Tumor,MRI,5d8451ef104cef316de3ee70625827a997ccfbbfa34d82b8b48d21f2be778903,1
C:\Users\dondo\OneDrive\Documents\ADBU CSE(AI & ML)\5th sem\Minor Project\Project Prototype\Brain-Tumor-Minor-Project\dataset\Brain Tumor MRI images\Tumor\pituitary (545).jpg,Brain Tumor MRI images/Tumor/pituitary (545).jpg,1,Tumor,MRI,f450c465dcf3149bf12a373401d489a31d3b97995c9c4db30abdafdd099b0d5f,1
C:\Users\dondo\OneDrive\Documents\ADBU CSE(AI & ML)\5th sem\Minor Project\Project Prototype\Brain-Tumor-Minor-Project\dataset\Brain Tumor MRI images\Tumor\pituitary (546).jpg,Brain Tumor MRI images/Tumor/pituitary (546).jpg,1,Tumor,MRI,b106f2db9ced69d5076d22f0de5c609b8f27d946098423ed70859dde10d2a3fd,1
C:\Users\dondo\OneDrive\Documents\ADBU CSE(AI & ML)\5th sem\Minor Project\Project Prototype\Brain-Tumor-Minor-Project\dataset\Brain Tumor MRI images\Tumor\pituitary (549).jpg,Brain Tumor MRI images/Tumor/pituitary (549).jpg,1,Tumor,MRI,0906ec170deccc3ec4f26c2f475d2f661aa70fd72652d205ffc0deeb24fe66bf,1
C:\Users\dondo\OneDrive\Documents\ADBU CSE(AI & ML)\5th sem\Minor Project\Project Prototype\Brain-Tumor-Minor-Project\dataset\Brain Tumor MRI images\Tumor\pituitary (55).jpg,Brain Tumor MRI images/Tumor/pituitary (55).jpg,1,Tumor,MRI,64e184c174c363bfcf869173c9a6c6d490f8bb7e56024d8c89bbd0aa22c300a6,1
C:\Users\dondo\OneDrive\Documents\ADBU CSE(AI & ML)\5th sem\Minor Project\Project Prototype\Brain-Tumor-Minor-Project\dataset\Brain Tumor MRI images\Tumor\pituitary (550).jpg,Brain Tumor MRI images/Tumor/pituitary (550).jpg,1,Tumor,MRI,99ab6d0bbd6cabae787146e6d6298315162242b963e68eb1bd8d0ea586b15711,1
C:\Users\dondo\OneDrive\Documents\ADBU CSE(AI & ML)\5th sem\Minor Project\Project Prototype\Brain-Tumor-Minor-Project\dataset\Brain Tumor MRI images\Tumor\pituitary (551).jpg,Brain Tumor MRI images/Tumor/pituitary (551).jpg,1,Tumor,MRI,389c03b353d8537440e8bf54618533e4df1b9390f8864dc8fb32b19dca825f30,1
C:\Users\dondo\OneDrive\Documents\ADBU CSE(AI & ML)\5th sem\Minor Project\Project Prototype\Brain-Tumor-Minor-Project\dataset\Brain Tumor MRI images\Tumor\pituitary (552).jpg,Brain Tumor MRI images/Tumor/pituitary (552).jpg,1,Tumor,MRI,093f77741ecb4f74ad7a10600f47725cbcbecff7f2e5890e39c998ccaad4b232,1
C:\Users\dondo\OneDrive\Documents\ADBU CSE(AI & ML)\5th sem\Minor Project\Project Prototype\Brain-Tumor-Minor-Project\dataset\Brain Tumor MRI images\Tumor\pituitary (553).jpg,Brain Tumor MRI images/Tumor/pituitary (553).jpg,1,Tumor,MRI,0e59c34d882912c0a4f0f6b7742fb4b32b0c7f7d7a7b338a8dae4baabe168b60,1
C:\Users\dondo\OneDrive\Documents\ADBU CSE(AI & ML)\5th sem\Minor Project\Project Prototype\Brain-Tumor-Minor-Project\dataset\Brain Tumor MRI images\Tumor\pituitary (554).jpg,Brain Tumor MRI images/Tumor/pituitary (554).jpg,1,Tumor,MRI,1a7f6e37cdb319622e2a7013dc4a50e580d7d9d69b2aa4fd59c2b90aef0c4605,1
C:\Users\dondo\OneDrive\Documents\ADBU CSE(AI & ML)\5th sem\Minor Project\Project Prototype\Brain-Tumor-Minor-Project\dataset\Brain Tumor MRI images\Tumor\pituitary (555).jpg,Brain Tumor MRI images/Tumor/pituitary (555).jpg,1,Tumor,MRI,35c84a5cdc712a6803bac2f2d477c3ee404ce9c621bede9d72df9a95844f1c76,1
C:\Users\dondo\OneDrive\Documents\ADBU CSE(AI & ML)\5th sem\Minor Project\Project Prototype\Brain-Tumor-Minor-Project\dataset\Brain Tumor MRI images\Tumor\pituitary (557).jpg,Brain Tumor MRI images/Tumor/pituitary (557).jpg,1,Tumor,MRI,59ba430fbfb09257a8e479cc7b150e345b453fd854bbf7f12a481dfb623724ca,1
C:\Users\dondo\OneDrive\Documents\ADBU CSE(AI & ML)\5th sem\Minor Project\Project Prototype\Brain-Tumor-Minor-Project\dataset\Brain Tumor MRI images\Tumor\pituitary (56).jpg,Brain Tumor MRI images/Tumor/pituitary (56).jpg,1,Tumor,MRI,a1ceef7462cfdd8a32f41bdc3e35f812b4f30c9f7aa6edce6bf7fe6ff985ed67,1
C:\Users\dondo\OneDrive\Documents\ADBU CSE(AI & ML)\5th sem\Minor Project\Project Prototype\Brain-Tumor-Minor-Project\dataset\Brain Tumor MRI images\Tumor\pituitary (560).jpg,Brain Tumor MRI images/Tumor/pituitary (560).jpg,1,Tumor,MRI,51a3cb4b4334fe214963a99ca2ee112865afa855336a8efd4e31554256e43bee,1
C:\Users\dondo\OneDrive\Documents\ADBU CSE(AI & ML)\5th sem\Minor Project\Project Prototype\Brain-Tumor-Minor-Project\dataset\Brain Tumor MRI images\Tumor\pituitary (562).jpg,Brain Tumor MRI images/Tumor/pituitary (562).jpg,1,Tumor,MRI,32f9ea510181b40329fdd5ef08a0f28b65f681a1d0c4d62529bbc417be503a68,1
C:\Users\dondo\OneDrive\Documents\ADBU CSE(AI & ML)\5th sem\Minor Project\Project Prototype\Brain-Tumor-Minor-Project\dataset\Brain Tumor MRI images\Tumor\pituitary (564).jpg,Brain Tumor MRI images/Tumor/pituitary (564).jpg,1,Tumor,MRI,4f07ee3023f458f74ff5f5c10ca57526bb6e14455e7ffcef7408f3d7b606a3a1,1
C:\Users\dondo\OneDrive\Documents\ADBU CSE(AI & ML)\5th sem\Minor Project\Project Prototype\Brain-Tumor-Minor-Project\dataset\Brain Tumor MRI images\Tumor\pituitary (566).jpg,Brain Tumor MRI images/Tumor/pituitary (566).jpg,1,Tumor,MRI,e41fa23acb8c5c292e4026385ed887a6157c3eb7b97ef8f736a432cd90ec41b2,1
C:\Users\dondo\OneDrive\Documents\ADBU CSE(AI & ML)\5th sem\Minor Project\Project Prototype\Brain-Tumor-Minor-Project\dataset\Brain Tumor MRI images\Tumor\pituitary (567).jpg,Brain Tumor MRI images/Tumor/pituitary (567).jpg,1,Tumor,MRI,f43f10e0800b67b0899698a5fc0fc16f5cab85b5aa0d2dcbfce04561e61a58b4,1
C:\Users\dondo\OneDrive\Documents\ADBU CSE(AI & ML)\5th sem\Minor Project\Project Prototype\Brain-Tumor-Minor-Project\dataset\Brain Tumor MRI images\Tumor\pituitary (568).jpg,Brain Tumor MRI images/Tumor/pituitary (568).jpg,1,Tumor,MRI,047ad2d2e9c1b43ed1352a8c5e4a9172b0cc9d050e1a8c09157bb23ec12dff1b,1
C:\Users\dondo\OneDrive\Documents\ADBU CSE(AI & ML)\5th sem\Minor Project\Project Prototype\Brain-Tumor-Minor-Project\dataset\Brain Tumor MRI images\Tumor\pituitary (571).jpg,Brain Tumor MRI images/Tumor/pituitary (571).jpg,1,Tumor,MRI,cc3b35053668daf2b3de8b7097b9ebe5027715d9582d0d6ab532650e93610c18,1
C:\Users\dondo\OneDrive\Documents\ADBU CSE(AI & ML)\5th sem\Minor Project\Project Prototype\Brain-Tumor-Minor-Project\dataset\Brain Tumor MRI images\Tumor\pituitary (572).jpg,Brain Tumor MRI images/Tumor/pituitary (572).jpg,1,Tumor,MRI,cf4354a6765438b457430920ef2dcfc148617d05dec3cd00fff9833b075a8c37,1
C:\Users\dondo\OneDrive\Documents\ADBU CSE(AI & ML)\5th sem\Minor Project\Project Prototype\Brain-Tumor-Minor-Project\dataset\Brain Tumor MRI images\Tumor\pituitary (573).jpg,Brain Tumor MRI images/Tumor/pituitary (573).jpg,1,Tumor,MRI,81d06335e5c4b4223a74c2dfba629c0a2bd9be328ea13df00ffc36555ba0c4f6,1
C:\Users\dondo\OneDrive\Documents\ADBU CSE(AI & ML)\5th sem\Minor Project\Project Prototype\Brain-Tumor-Minor-Project\dataset\Brain Tumor MRI images\Tumor\pituitary (576).jpg,Brain Tumor MRI images/Tumor/pituitary (576).jpg,1,Tumor,MRI,7885e08de45117698d66cbbf04cdcc22d2b32902e039c76a38609d84b736298b,1
C:\Users\dondo\OneDrive\Documents\ADBU CSE(AI & ML)\5th sem\Minor Project\Project Prototype\Brain-Tumor-Minor-Project\dataset\Brain Tumor MRI images\Tumor\pituitary (577).jpg,Brain Tumor MRI images/Tumor/pituitary (577).jpg,1,Tumor,MRI,27e06e3a33193618c4d751cba7671b3656f2eeffa332e4505d34d7c0c6f08a4c,1
C:\Users\dondo\OneDrive\Documents\ADBU CSE(AI & ML)\5th sem\Minor Project\Project Prototype\Brain-Tumor-Minor-Project\dataset\Brain Tumor MRI images\Tumor\pituitary (578).jpg,Brain Tumor MRI images/Tumor/pituitary (578).jpg,1,Tumor,MRI,41cca58df9e32bffc24fccce7007601430c93ef1297806bb8b4a78452aace07f,1
C:\Users\dondo\OneDrive\Documents\ADBU CSE(AI & ML)\5th sem\Minor Project\Project Prototype\Brain-Tumor-Minor-Project\dataset\Brain Tumor MRI images\Tumor\pituitary (58).jpg,Brain Tumor MRI images/Tumor/pituitary (58).jpg,1,Tumor,MRI,15339c9799df64f5414b2eea5364c892230183f73187fb3735dfecbb21084a1a,1
C:\Users\dondo\OneDrive\Documents\ADBU CSE(AI & ML)\5th sem\Minor Project\Project Prototype\Brain-Tumor-Minor-Project\dataset\Brain Tumor MRI images\Tumor\pituitary (580).jpg,Brain Tumor MRI images/Tumor/pituitary (580).jpg,1,Tumor,MRI,dddfb906ab439841946cf5f0ed84ab0367e8e71114645da488d8bf6cefc80a95,1
C:\Users\dondo\OneDrive\Documents\ADBU CSE(AI & ML)\5th sem\Minor Project\Project Prototype\Brain-Tumor-Minor-Project\dataset\Brain Tumor MRI images\Tumor\pituitary (582).jpg,Brain Tumor MRI images/Tumor/pituitary (582).jpg,1,Tumor,MRI,80e967a50fd7801c07b088a0c8876534223237215f9502602dc5cd1605ba7942,1
C:\Users\dondo\OneDrive\Documents\ADBU CSE(AI & ML)\5th sem\Minor Project\Project Prototype\Brain-Tumor-Minor-Project\dataset\Brain Tumor MRI images\Tumor\pituitary (583).jpg,Brain Tumor MRI images/Tumor/pituitary (583).jpg,1,Tumor,MRI,31711179085be37a1fbb1c1c1ea7f1d4ad8798216cf10d48fff9d206b35fcab3,1
C:\Users\dondo\OneDrive\Documents\ADBU CSE(AI & ML)\5th sem\Minor Project\Project Prototype\Brain-Tumor-Minor-Project\dataset\Brain Tumor MRI images\Tumor\pituitary (584).jpg,Brain Tumor MRI images/Tumor/pituitary (584).jpg,1,Tumor,MRI,8c40998c30b5efb5e7853c1297d5681080a3c4b5cf323558eb1887179a737017,1
C:\Users\dondo\OneDrive\Documents\ADBU CSE(AI & ML)\5th sem\Minor Project\Project Prototype\Brain-Tumor-Minor-Project\dataset\Brain Tumor MRI images\Tumor\pituitary (586).jpg,Brain Tumor MRI images/Tumor/pituitary (586).jpg,1,Tumor,MRI,15271e40b385391c3192638588d1ef5346d8dc63dd7fa0781fefc4129687debd,1
C:\Users\dondo\OneDrive\Documents\ADBU CSE(AI & ML)\5th sem\Minor Project\Project Prototype\Brain-Tumor-Minor-Project\dataset\Brain Tumor MRI images\Tumor\pituitary (587).jpg,Brain Tumor MRI images/Tumor/pituitary (587).jpg,1,Tumor,MRI,f2ef2635296b8b5ed80ce9d957ee64da3c01180658986beeae8f2c00c42a3f94,1
C:\Users\dondo\OneDrive\Documents\ADBU CSE(AI & ML)\5th sem\Minor Project\Project Prototype\Brain-Tumor-Minor-Project\dataset\Brain Tumor MRI images\Tumor\pituitary (588).jpg,Brain Tumor MRI images/Tumor/pituitary (588).jpg,1,Tumor,MRI,a72b6d11cce70d08271e51aa2ce8a721614658b741f460a3dc1b941fbd76a89b,1
C:\Users\dondo\OneDrive\Documents\ADBU CSE(AI & ML)\5th sem\Minor Project\Project Prototype\Brain-Tumor-Minor-Project\dataset\Brain Tumor MRI images\Tumor\pituitary (589).jpg,Brain Tumor MRI images/Tumor/pituitary (589).jpg,1,Tumor,MRI,49d5880121a0a243f101ca56b96b788dcfce681574f9af82a485dc31ca3a9f40,1
C:\Users\dondo\OneDrive\Documents\ADBU CSE(AI & ML)\5th sem\Minor Project\Project Prototype\Brain-Tumor-Minor-Project\dataset\Brain Tumor MRI images\Tumor\pituitary (590).jpg,Brain Tumor MRI images/Tumor/pituitary (590).jpg,1,Tumor,MRI,6de9c74e6414daaca4165d19eb042a4ba0992ec35da1eb44eebebba48afd77e4,1
C:\Users\dondo\OneDrive\Documents\ADBU CSE(AI & ML)\5th sem\Minor Project\Project Prototype\Brain-Tumor-Minor-Project\dataset\Brain Tumor MRI images\Tumor\pituitary (591).jpg,Brain Tumor MRI images/Tumor/pituitary (591).jpg,1,Tumor,MRI,3aa494488e84007be507dd7f93a580258efd60f9f58a5d51ca84b3ba058f30be,1
C:\Users\dondo\OneDrive\Documents\ADBU CSE(AI & ML)\5th sem\Minor Project\Project Prototype\Brain-Tumor-Minor-Project\dataset\Brain Tumor MRI images\Tumor\pituitary (592).jpg,Brain Tumor MRI images/Tumor/pituitary (592).jpg,1,Tumor,MRI,264f03d43320ce76df7fa22c2446a3925e50c4a104192e397f67247dd0a678be,1
C:\Users\dondo\OneDrive\Documents\ADBU CSE(AI & ML)\5th sem\Minor Project\Project Prototype\Brain-Tumor-Minor-Project\dataset\Brain Tumor MRI images\Tumor\pituitary (594).jpg,Brain Tumor MRI images/Tumor/pituitary (594).jpg,1,Tumor,MRI,aa2e67e3457f7dfd3a3a255332c9203a2c1306309ceaa68aba324f50417d4414,1
C:\Users\dondo\OneDrive\Documents\ADBU CSE(AI & ML)\5th sem\Minor Project\Project Prototype\Brain-Tumor-Minor-Project\dataset\Brain Tumor MRI images\Tumor\pituitary (595).jpg,Brain Tumor MRI images/Tumor/pituitary (595).jpg,1,Tumor,MRI,ceb3742eb908a24e1afa378c6c999073970387368bb683a4b5667cf8e58b9f6f,1
C:\Users\dondo\OneDrive\Documents\ADBU CSE(AI & ML)\5th sem\Minor Project\Project Prototype\Brain-Tumor-Minor-Project\dataset\Brain Tumor MRI images\Tumor\pituitary (597).jpg,Brain Tumor MRI images/Tumor/pituitary (597).jpg,1,Tumor,MRI,402a4c4abedf372c14ff946743373d8ef542cc0da154606ae29a32e4d18d1322,1
C:\Users\dondo\OneDrive\Documents\ADBU CSE(AI & ML)\5th sem\Minor Project\Project Prototype\Brain-Tumor-Minor-Project\dataset\Brain Tumor MRI images\Tumor\pituitary (599).jpg,Brain Tumor MRI images/Tumor/pituitary (599).jpg,1,Tumor,MRI,f3f58ada9fbaa73ab3108ae6d5ddbefea884f5dfc5a720589b35e948cfa09547,1
C:\Users\dondo\OneDrive\Documents\ADBU CSE(AI & ML)\5th sem\Minor Project\Project Prototype\Brain-Tumor-Minor-Project\dataset\Brain Tumor MRI images\Tumor\pituitary (6).jpg,Brain Tumor MRI images/Tumor/pituitary (6).jpg,1,Tumor,MRI,bc09aebaad37fa23aff69ab5632a39588d5b94ccf6854f59b27dae1dbf472bce,1
C:\Users\dondo\OneDrive\Documents\ADBU CSE(AI & ML)\5th sem\Minor Project\Project Prototype\Brain-Tumor-Minor-Project\dataset\Brain Tumor MRI images\Tumor\pituitary (600).jpg,Brain Tumor MRI images/Tumor/pituitary (600).jpg,1,Tumor,MRI,a1a89d98dbcfced535856d7a056302d76bcda0b05d33d57b9f3a80df08ad849f,1
C:\Users\dondo\OneDrive\Documents\ADBU CSE(AI & ML)\5th sem\Minor Project\Project Prototype\Brain-Tumor-Minor-Project\dataset\Brain Tumor MRI images\Tumor\pituitary (602).jpg,Brain Tumor MRI images/Tumor/pituitary (602).jpg,1,Tumor,MRI,debf29c9e763eca10b83eef920340af67bd2d795b94f18a9e8a1493c05a9b3c9,1
C:\Users\dondo\OneDrive\Documents\ADBU CSE(AI & ML)\5th sem\Minor Project\Project Prototype\Brain-Tumor-Minor-Project\dataset\Brain Tumor MRI images\Tumor\pituitary (604).jpg,Brain Tumor MRI images/Tumor/pituitary (604).jpg,1,Tumor,MRI,fc2a8de899bffe1138b3c72770da60ab4367a8a6c1cfe46fb4a9737a19f0285f,1
C:\Users\dondo\OneDrive\Documents\ADBU CSE(AI & ML)\5th sem\Minor Project\Project Prototype\Brain-Tumor-Minor-Project\dataset\Brain Tumor MRI images\Tumor\pituitary (605).jpg,Brain Tumor MRI images/Tumor/pituitary (605).jpg,1,Tumor,MRI,21cefa2d0aacc1abe04a56eaadc84f06fd393d5ca75e3e149cedcad17438cb9f,1
C:\Users\dondo\OneDrive\Documents\ADBU CSE(AI & ML)\5th sem\Minor Project\Project Prototype\Brain-Tumor-Minor-Project\dataset\Brain Tumor MRI images\Tumor\pituitary (606).jpg,Brain Tumor MRI images/Tumor/pituitary (606).jpg,1,Tumor,MRI,ab9f72e4d923b0c1401bc2c5f0109e9c13ca2cd2217e12481b22200297d06bb1,1
C:\Users\dondo\OneDrive\Documents\ADBU CSE(AI & ML)\5th sem\Minor Project\Project Prototype\Brain-Tumor-Minor-Project\dataset\Brain Tumor MRI images\Tumor\pituitary (608).jpg,Brain Tumor MRI images/Tumor/pituitary (608).jpg,1,Tumor,MRI,edab1771803bb7e89106409016a8b95659ddc2e898481d825bb8b8e0e2e2bdc1,1
C:\Users\dondo\OneDrive\Documents\ADBU CSE(AI & ML)\5th sem\Minor Project\Project Prototype\Brain-Tumor-Minor-Project\dataset\Brain Tumor MRI images\Tumor\pituitary (609).jpg,Brain Tumor MRI images/Tumor/pituitary (609).jpg,1,Tumor,MRI,e9444cec07cb9a660bb1d6315e5fa3b07bb96dd2fc4427e0f3b9973d30a96e52,1
C:\Users\dondo\OneDrive\Documents\ADBU CSE(AI & ML)\5th sem\Minor Project\Project Prototype\Brain-Tumor-Minor-Project\dataset\Brain Tumor MRI images\Tumor\pituitary (61).jpg,Brain Tumor MRI images/Tumor/pituitary (61).jpg,1,Tumor,MRI,84cefcee6c744dbed2f38e44ac0bbc903f92fe3c265c9b86b9dfa5b59580e7dd,1
C:\Users\dondo\OneDrive\Documents\ADBU CSE(AI & ML)\5th sem\Minor Project\Project Prototype\Brain-Tumor-Minor-Project\dataset\Brain Tumor MRI images\Tumor\pituitary (610).jpg,Brain Tumor MRI images/Tumor/pituitary (610).jpg,1,Tumor,MRI,01595a209fb4e9db7a0c3050569bf1a7cd0edc39510c81362a943a6babd5dd14,1
C:\Users\dondo\OneDrive\Documents\ADBU CSE(AI & ML)\5th sem\Minor Project\Project Prototype\Brain-Tumor-Minor-Project\dataset\Brain Tumor MRI images\Tumor\pituitary (611).jpg,Brain Tumor MRI images/Tumor/pituitary (611).jpg,1,Tumor,MRI,89edc5c2647d2f64dc41028f62ecc64360e59cab1c695cb89a9bf2ae28653f87,1
C:\Users\dondo\OneDrive\Documents\ADBU CSE(AI & ML)\5th sem\Minor Project\Project Prototype\Brain-Tumor-Minor-Project\dataset\Brain Tumor MRI images\Tumor\pituitary (612).jpg,Brain Tumor MRI images/Tumor/pituitary (612).jpg,1,Tumor,MRI,fb9e024adfbd31c56c997693ee6cdc4f53fe2d75f5268ed70d615d23b5dfd9c9,1
C:\Users\dondo\OneDrive\Documents\ADBU CSE(AI & ML)\5th sem\Minor Project\Project Prototype\Brain-Tumor-Minor-Project\dataset\Brain Tumor MRI images\Tumor\pituitary (613).jpg,Brain Tumor MRI images/Tumor/pituitary (613).jpg,1,Tumor,MRI,c2d9bcc19141565f742035a99acdddd935520dc57cdf6dfaac149dbc762ea3a2,1
C:\Users\dondo\OneDrive\Documents\ADBU CSE(AI & ML)\5th sem\Minor Project\Project Prototype\Brain-Tumor-Minor-Project\dataset\Brain Tumor MRI images\Tumor\pituitary (614).jpg,Brain Tumor MRI images/Tumor/pituitary (614).jpg,1,Tumor,MRI,f20ed3275dcd809fcdbde54c92e67b34a18fca570c4ef454bd1b79a50fd6a9c6,1
C:\Users\dondo\OneDrive\Documents\ADBU CSE(AI & ML)\5th sem\Minor Project\Project Prototype\Brain-Tumor-Minor-Project\dataset\Brain Tumor MRI images\Tumor\pituitary (615).jpg,Brain Tumor MRI images/Tumor/pituitary (615).jpg,1,Tumor,MRI,dd0f20990bf2a7266c60e4b400d86c57a3e795d1e9ef8e968424b05ea5d57bee,1
C:\Users\dondo\OneDrive\Documents\ADBU CSE(AI & ML)\5th sem\Minor Project\Project Prototype\Brain-Tumor-Minor-Project\dataset\Brain Tumor MRI images\Tumor\pituitary (616).jpg,Brain Tumor MRI images/Tumor/pituitary (616).jpg,1,Tumor,MRI,53cd84338619b3b9ecca3666f0815d682b8b2b5f56e628da4da8fbdd5f8dc00f,1
C:\Users\dondo\OneDrive\Documents\ADBU CSE(AI & ML)\5th sem\Minor Project\Project Prototype\Brain-Tumor-Minor-Project\dataset\Brain Tumor MRI images\Tumor\pituitary (619).jpg,Brain Tumor MRI images/Tumor/pituitary (619).jpg,1,Tumor,MRI,b55dd69230dd09166a2acb5a6eddb8c1adb0911c97412e58291de620bdc77357,1
C:\Users\dondo\OneDrive\Documents\ADBU CSE(AI & ML)\5th sem\Minor Project\Project Prototype\Brain-Tumor-Minor-Project\dataset\Brain Tumor MRI images\Tumor\pituitary (62).jpg,Brain Tumor MRI images/Tumor/pituitary (62).jpg,1,Tumor,MRI,3083a424fa7db5ec2bf537e90ac181398d39936102e7a0d6b1bf45a5447ca9e8,1
C:\Users\dondo\OneDrive\Documents\ADBU CSE(AI & ML)\5th sem\Minor Project\Project Prototype\Brain-Tumor-Minor-Project\dataset\Brain Tumor MRI images\Tumor\pituitary (620).jpg,Brain Tumor MRI images/Tumor/pituitary (620).jpg,1,Tumor,MRI,95f5737af472a00a90a73be4b4e0a96fabf0647ae0a8cabc37fa20eb04655a2d,1
C:\Users\dondo\OneDrive\Documents\ADBU CSE(AI & ML)\5th sem\Minor Project\Project Prototype\Brain-Tumor-Minor-Project\dataset\Brain Tumor MRI images\Tumor\pituitary (622).jpg,Brain Tumor MRI images/Tumor/pituitary (622).jpg,1,Tumor,MRI,c3434bd8b393432998e96005f964b20291d9c40fe7274599e3605f6fd16839c3,1
C:\Users\dondo\OneDrive\Documents\ADBU CSE(AI & ML)\5th sem\Minor Project\Project Prototype\Brain-Tumor-Minor-Project\dataset\Brain Tumor MRI images\Tumor\pituitary (625).jpg,Brain Tumor MRI images/Tumor/pituitary (625).jpg,1,Tumor,MRI,aee2877486174155f2a513b3c02a7ca678a91d429554106b3f737ffd371b2897,1
C:\Users\dondo\OneDrive\Documents\ADBU CSE(AI & ML)\5th sem\Minor Project\Project Prototype\Brain-Tumor-Minor-Project\dataset\Brain Tumor MRI images\Tumor\pituitary (627).jpg,Brain Tumor MRI images/Tumor/pituitary (627).jpg,1,Tumor,MRI,7bfd5fdbbf477d41a86ed4140f5f1eefbe2b587ba05c0718e5575fff789fcdc8,1
C:\Users\dondo\OneDrive\Documents\ADBU CSE(AI & ML)\5th sem\Minor Project\Project Prototype\Brain-Tumor-Minor-Project\dataset\Brain Tumor MRI images\Tumor\pituitary (628).jpg,Brain Tumor MRI images/Tumor/pituitary (628).jpg,1,Tumor,MRI,a26593e0831229cfa7bf522b52fababc86c1f15ab1b665009c59b34554fdeece,1
C:\Users\dondo\OneDrive\Documents\ADBU CSE(AI & ML)\5th sem\Minor Project\Project Prototype\Brain-Tumor-Minor-Project\dataset\Brain Tumor MRI images\Tumor\pituitary (629).jpg,Brain Tumor MRI images/Tumor/pituitary (629).jpg,1,Tumor,MRI,e06f41f7bc7d026c00ffa70415161a4d0610fceb793d38060a22355f7b81f664,1
C:\Users\dondo\OneDrive\Documents\ADBU CSE(AI & ML)\5th sem\Minor Project\Project Prototype\Brain-Tumor-Minor-Project\dataset\Brain Tumor MRI images\Tumor\pituitary (68).jpg,Brain Tumor MRI images/Tumor/pituitary (68).jpg,1,Tumor,MRI,e847c1ee784472fe4d5c97f98c4dbae40826f260b2e37dd754faae84d0589a29,1
C:\Users\dondo\OneDrive\Documents\ADBU CSE(AI & ML)\5th sem\Minor Project\Project Prototype\Brain-Tumor-Minor-Project\dataset\Brain Tumor MRI images\Tumor\pituitary (7).jpg,Brain Tumor MRI images/Tumor/pituitary (7).jpg,1,Tumor,MRI,9bf04b0d8d525da14a97ef31e441b31f09a8630812aaa970e53fcfbd5c5bbb16,1
C:\Users\dondo\OneDrive\Documents\ADBU CSE(AI & ML)\5th sem\Minor Project\Project Prototype\Brain-Tumor-Minor-Project\dataset\Brain Tumor MRI images\Tumor\pituitary (70).jpg,Brain Tumor MRI images/Tumor/pituitary (70).jpg,1,Tumor,MRI,52a9b74ee5c80f7ebbfcd2fe840f459a5b39d9dfdf707f0417272c37b54fec39,1
C:\Users\dondo\OneDrive\Documents\ADBU CSE(AI & ML)\5th sem\Minor Project\Project Prototype\Brain-Tumor-Minor-Project\dataset\Brain Tumor MRI images\Tumor\pituitary (71).jpg,Brain Tumor MRI images/Tumor/pituitary (71).jpg,1,Tumor,MRI,ab755ba759669bb5777eadbce675dd516d8b2f7b995b1d28ec54bff289ecdaad,1
C:\Users\dondo\OneDrive\Documents\ADBU CSE(AI & ML)\5th sem\Minor Project\Project Prototype\Brain-Tumor-Minor-Project\dataset\Brain Tumor MRI images\Tumor\pituitary (73).jpg,Brain Tumor MRI images/Tumor/pituitary (73).jpg,1,Tumor,MRI,d4f9d65c5129e4d893b8879aaf7c62b21a8a341a3e0e01423afa3c427f4e64d9,1
C:\Users\dondo\OneDrive\Documents\ADBU CSE(AI & ML)\5th sem\Minor Project\Project Prototype\Brain-Tumor-Minor-Project\dataset\Brain Tumor MRI images\Tumor\pituitary (74).jpg,Brain Tumor MRI images/Tumor/pituitary (74).jpg,1,Tumor,MRI,c355337cdb217983adaed618b55d117f63e5cbf13a64e8e29651834f5060dbbe,1
C:\Users\dondo\OneDrive\Documents\ADBU CSE(AI & ML)\5th sem\Minor Project\Project Prototype\Brain-Tumor-Minor-Project\dataset\Brain Tumor MRI images\Tumor\pituitary (75).jpg,Brain Tumor MRI images/Tumor/pituitary (75).jpg,1,Tumor,MRI,23a45b4f6e43556b053b8b1d560e15f1dafa13a6518fee848b638d3d50d9e90c,1
C:\Users\dondo\OneDrive\Documents\ADBU CSE(AI & ML)\5th sem\Minor Project\Project Prototype\Brain-Tumor-Minor-Project\dataset\Brain Tumor MRI images\Tumor\pituitary (76).jpg,Brain Tumor MRI images/Tumor/pituitary (76).jpg,1,Tumor,MRI,ad6533cb495d4985f3c00738ed5b4135fe881a932be268d36602a535134a9543,1
C:\Users\dondo\OneDrive\Documents\ADBU CSE(AI & ML)\5th sem\Minor Project\Project Prototype\Brain-Tumor-Minor-Project\dataset\Brain Tumor MRI images\Tumor\pituitary (77).jpg,Brain Tumor MRI images/Tumor/pituitary (77).jpg,1,Tumor,MRI,effca6e3deb405ec329196187fde53c7c5b5ecc455c1a229cd2f05f520ae9b18,1
C:\Users\dondo\OneDrive\Documents\ADBU CSE(AI & ML)\5th sem\Minor Project\Project Prototype\Brain-Tumor-Minor-Project\dataset\Brain Tumor MRI images\Tumor\pituitary (78).jpg,Brain Tumor MRI images/Tumor/pituitary (78).jpg,1,Tumor,MRI,a5de33cd9c9d59f63dcbc74efc67571a2b2f3b490ae450b6a88dc0ead59e11ba,1
C:\Users\dondo\OneDrive\Documents\ADBU CSE(AI & ML)\5th sem\Minor Project\Project Prototype\Brain-Tumor-Minor-Project\dataset\Brain Tumor MRI images\Tumor\pituitary (79).jpg,Brain Tumor MRI images/Tumor/pituitary (79).jpg,1,Tumor,MRI,41e77caeecdf151e1f7d29c1e3c67903f5a393fdd62fda4cd7f2b7693c552302,1
C:\Users\dondo\OneDrive\Documents\ADBU CSE(AI & ML)\5th sem\Minor Project\Project Prototype\Brain-Tumor-Minor-Project\dataset\Brain Tumor MRI images\Tumor\pituitary (81).jpg,Brain Tumor MRI images/Tumor/pituitary (81).jpg,1,Tumor,MRI,79eb4ffd19eaf88afaa2a65634cc3905b61c4322b6e4368f2a91c71bb4f13575,1
C:\Users\dondo\OneDrive\Documents\ADBU CSE(AI & ML)\5th sem\Minor Project\Project Prototype\Brain-Tumor-Minor-Project\dataset\Brain Tumor MRI images\Tumor\pituitary (82).jpg,Brain Tumor MRI images/Tumor/pituitary (82).jpg,1,Tumor,MRI,cc6f8aec205bb99b1aff7b8b380e74253890296a3e1540c942902242f05f6fe4,1
C:\Users\dondo\OneDrive\Documents\ADBU CSE(AI & ML)\5th sem\Minor Project\Project Prototype\Brain-Tumor-Minor-Project\dataset\Brain Tumor MRI images\Tumor\pituitary (84).jpg,Brain Tumor MRI images/Tumor/pituitary (84).jpg,1,Tumor,MRI,4536e066b2f61c1d3271f07d446ff79b30fffeb02df4200842418b47c17e88e1,1
C:\Users\dondo\OneDrive\Documents\ADBU CSE(AI & ML)\5th sem\Minor Project\Project Prototype\Brain-Tumor-Minor-Project\dataset\Brain Tumor MRI images\Tumor\pituitary (86).jpg,Brain Tumor MRI images/Tumor/pituitary (86).jpg,1,Tumor,MRI,cbf0fdbf50dcc13134d7c3caf5a3527b72ad3d9b99297dbdf47136d0bfd737eb,1
C:\Users\dondo\OneDrive\Documents\ADBU CSE(AI & ML)\5th sem\Minor Project\Project Prototype\Brain-Tumor-Minor-Project\dataset\Brain Tumor MRI images\Tumor\pituitary (87).jpg,Brain Tumor MRI images/Tumor/pituitary (87).jpg,1,Tumor,MRI,6787477efc1519e4d150e8ccd34692aaad8ccb41157ec5e14b4ab1001212a71d,1
C:\Users\dondo\OneDrive\Documents\ADBU CSE(AI & ML)\5th sem\Minor Project\Project Prototype\Brain-Tumor-Minor-Project\dataset\Brain Tumor MRI images\Tumor\pituitary (88).jpg,Brain Tumor MRI images/Tumor/pituitary (88).jpg,1,Tumor,MRI,2c8898e1cb65a409088be7a0bda01e7a7ff65bc1041b93ed7ac25a49658bf170,1
C:\Users\dondo\OneDrive\Documents\ADBU CSE(AI & ML)\5th sem\Minor Project\Project Prototype\Brain-Tumor-Minor-Project\dataset\Brain Tumor MRI images\Tumor\pituitary (9).jpg,Brain Tumor MRI images/Tumor/pituitary (9).jpg,1,Tumor,MRI,f54525d0e01c69b29729c68b726c374cc3231269e20b13bc92b6132e18241eb5,1
C:\Users\dondo\OneDrive\Documents\ADBU CSE(AI & ML)\5th sem\Minor Project\Project Prototype\Brain-Tumor-Minor-Project\dataset\Brain Tumor MRI images\Tumor\pituitary (93).jpg,Brain Tumor MRI images/Tumor/pituitary (93).jpg,1,Tumor,MRI,7a8b74aef155d05e2066f6cbf954f479251e1aebd1bdabc455d59fec05482bdd,1
C:\Users\dondo\OneDrive\Documents\ADBU CSE(AI & ML)\5th sem\Minor Project\Project Prototype\Brain-Tumor-Minor-Project\dataset\Brain Tumor MRI images\Tumor\pituitary (96).jpg,Brain Tumor MRI images/Tumor/pituitary (96).jpg,1,Tumor,MRI,fccbcf436788d6fc58b5f54c6b4b51a21db5e6b12f5941f678da570221000b2f,1
C:\Users\dondo\OneDrive\Documents\ADBU CSE(AI & ML)\5th sem\Minor Project\Project Prototype\Brain-Tumor-Minor-Project\dataset\Brain Tumor MRI images\Tumor\pituitary (97).jpg,Brain Tumor MRI images/Tumor/pituitary (97).jpg,1,Tumor,MRI,2319f81e258fb8f9d6e5a151ce4f9368a7d1c854ddfb094fbaee0220396e3b37,1
C:\Users\dondo\OneDrive\Documents\ADBU CSE(AI & ML)\5th sem\Minor Project\Project Prototype\Brain-Tumor-Minor-Project\dataset\Brain Tumor MRI images\Tumor\pituitary (98).jpg,Brain Tumor MRI images/Tumor/pituitary (98).jpg,1,Tumor,MRI,35b990ab623285eee63e86bb85f2c1973960bf97ed9a7ab91d2033e89d358802,1
C:\Users\dondo\OneDrive\Documents\ADBU CSE(AI & ML)\5th sem\Minor Project\Project Prototype\Brain-Tumor-Minor-Project\dataset\Brain Tumor MRI images\Tumor\tumor (10).jpeg,Brain Tumor MRI images/Tumor/tumor (10).jpeg,1,Tumor,MRI,ab0e70267c772d237ede4870b7fd66e19e79ea66925826e7136da966e816db17,1
C:\Users\dondo\OneDrive\Documents\ADBU CSE(AI & ML)\5th sem\Minor Project\Project Prototype\Brain-Tumor-Minor-Project\dataset\Brain Tumor MRI images\Tumor\tumor (101).jpg,Brain Tumor MRI images/Tumor/tumor (101).jpg,1,Tumor,MRI,1409cb14100d4352b49a7f1e805fa005a8a952afdc9497fbbea66d67a2f5be45,1
C:\Users\dondo\OneDrive\Documents\ADBU CSE(AI & ML)\5th sem\Minor Project\Project Prototype\Brain-Tumor-Minor-Project\dataset\Brain Tumor MRI images\Tumor\tumor (102).jpg,Brain Tumor MRI images/Tumor/tumor (102).jpg,1,Tumor,MRI,c1371cb4c85214082d5b9220b1538b3e7eff0051e085cb325ab4c05149517d36,1
C:\Users\dondo\OneDrive\Documents\ADBU CSE(AI & ML)\5th sem\Minor Project\Project Prototype\Brain-Tumor-Minor-Project\dataset\Brain Tumor MRI images\Tumor\tumor (105).jpg,Brain Tumor MRI images/Tumor/tumor (105).jpg,1,Tumor,MRI,dfdba4167ea227451bb772aaa38896f599a1c3e7796d577db5ca347c037515f5,1
C:\Users\dondo\OneDrive\Documents\ADBU CSE(AI & ML)\5th sem\Minor Project\Project Prototype\Brain-Tumor-Minor-Project\dataset\Brain Tumor MRI images\Tumor\tumor (106).jpg,Brain Tumor MRI images/Tumor/tumor (106).jpg,1,Tumor,MRI,b8a42737f41cb71d02cc8f6ea840c15f91ec938639d089be773149eb7cd878a6,1
C:\Users\dondo\OneDrive\Documents\ADBU CSE(AI & ML)\5th sem\Minor Project\Project Prototype\Brain-Tumor-Minor-Project\dataset\Brain Tumor MRI images\Tumor\tumor (107).jpg,Brain Tumor MRI images/Tumor/tumor (107).jpg,1,Tumor,MRI,2b8e8a4692e924d20e9ea9b8647ddfa8d436b5e8a37c21b17ad2b218d10b4749,1
C:\Users\dondo\OneDrive\Documents\ADBU CSE(AI & ML)\5th sem\Minor Project\Project Prototype\Brain-Tumor-Minor-Project\dataset\Brain Tumor MRI images\Tumor\tumor (11).jpg,Brain Tumor MRI images/Tumor/tumor (11).jpg,1,Tumor,MRI,864398819f9e9f3ad845bdf99f931a7cbb1fe1aec5ffb1ff9071142b70d67010,1
C:\Users\dondo\OneDrive\Documents\ADBU CSE(AI & ML)\5th sem\Minor Project\Project Prototype\Brain-Tumor-Minor-Project\dataset\Brain Tumor MRI images\Tumor\tumor (110).jpg,Brain Tumor MRI images/Tumor/tumor (110).jpg,1,Tumor,MRI,42f3fe6596e8bed9d7726b2d2ee66763b83698707d8b7ae1d811d385d3b50148,1
C:\Users\dondo\OneDrive\Documents\ADBU CSE(AI & ML)\5th sem\Minor Project\Project Prototype\Brain-Tumor-Minor-Project\dataset\Brain Tumor MRI images\Tumor\tumor (111).jpg,Brain Tumor MRI images/Tumor/tumor (111).jpg,1,Tumor,MRI,54b7260f61700a2df4e28edb56447fb7ab5bf6d30521076aca81e73e85f4fa38,1
C:\Users\dondo\OneDrive\Documents\ADBU CSE(AI & ML)\5th sem\Minor Project\Project Prototype\Brain-Tumor-Minor-Project\dataset\Brain Tumor MRI images\Tumor\tumor (112).jpg,Brain Tumor MRI images/Tumor/tumor (112).jpg,1,Tumor,MRI,6a73e6f4251e3cd88d5af71216fbddf9e8b44037ede1eb7ae70d3a9c42fba9b9,1
C:\Users\dondo\OneDrive\Documents\ADBU CSE(AI & ML)\5th sem\Minor Project\Project Prototype\Brain-Tumor-Minor-Project\dataset\Brain Tumor MRI images\Tumor\tumor (114).jpg,Brain Tumor MRI images/Tumor/tumor (114).jpg,1,Tumor,MRI,dd7991d8371b0d96016916a77ae44be7fe75e946a3696e6bc07de4a74fe3e434,1
C:\Users\dondo\OneDrive\Documents\ADBU CSE(AI & ML)\5th sem\Minor Project\Project Prototype\Brain-Tumor-Minor-Project\dataset\Brain Tumor MRI images\Tumor\tumor (115).jpg,Brain Tumor MRI images/Tumor/tumor (115).jpg,1,Tumor,MRI,ea3bd80a786c4d44d3ed6c16fdcfd829fa7045d0227c623dc3ee1ef86f7adb39,1
C:\Users\dondo\OneDrive\Documents\ADBU CSE(AI & ML)\5th sem\Minor Project\Project Prototype\Brain-Tumor-Minor-Project\dataset\Brain Tumor MRI images\Tumor\tumor (116).jpg,Brain Tumor MRI images/Tumor/tumor (116).jpg,1,Tumor,MRI,065838e8c921af9cd741387fc62a1caf696e46c11fe15ac6ef95982cc9b74dee,1
C:\Users\dondo\OneDrive\Documents\ADBU CSE(AI & ML)\5th sem\Minor Project\Project Prototype\Brain-Tumor-Minor-Project\dataset\Brain Tumor MRI images\Tumor\tumor (117).jpg,Brain Tumor MRI images/Tumor/tumor (117).jpg,1,Tumor,MRI,12968769799ec6e49fb52abfc72dfcbaedd888e8579e814235f1329383608d8d,1
C:\Users\dondo\OneDrive\Documents\ADBU CSE(AI & ML)\5th sem\Minor Project\Project Prototype\Brain-Tumor-Minor-Project\dataset\Brain Tumor MRI images\Tumor\tumor (119).jpg,Brain Tumor MRI images/Tumor/tumor (119).jpg,1,Tumor,MRI,9dcd34c5328623dc7c0f06cbb7598017efbb3b6b59d3a70c099343922290de99,1
C:\Users\dondo\OneDrive\Documents\ADBU CSE(AI & ML)\5th sem\Minor Project\Project Prototype\Brain-Tumor-Minor-Project\dataset\Brain Tumor MRI images\Tumor\tumor (121).jpg,Brain Tumor MRI images/Tumor/tumor (121).jpg,1,Tumor,MRI,49938c1a7f37ea232898c06615f57fef3e9a8a464c93a20206394a1aa2360e46,1
C:\Users\dondo\OneDrive\Documents\ADBU CSE(AI & ML)\5th sem\Minor Project\Project Prototype\Brain-Tumor-Minor-Project\dataset\Brain Tumor MRI images\Tumor\tumor (122).jpg,Brain Tumor MRI images/Tumor/tumor (122).jpg,1,Tumor,MRI,deb3cf8255416bd3f24f48f7159965f9e48b5b346e5b22a41b11f8a7f22edec7,1
C:\Users\dondo\OneDrive\Documents\ADBU CSE(AI & ML)\5th sem\Minor Project\Project Prototype\Brain-Tumor-Minor-Project\dataset\Brain Tumor MRI images\Tumor\tumor (123).jpg,Brain Tumor MRI images/Tumor/tumor (123).jpg,1,Tumor,MRI,86847c6a4729a4b19bf1b3f58905c68812c6f75ea680c0ccb1621b94e165d16f,2
C:\Users\dondo\OneDrive\Documents\ADBU CSE(AI & ML)\5th sem\Minor Project\Project Prototype\Brain-Tumor-Minor-Project\dataset\Brain Tumor MRI images\Tumor\tumor (125).jpg,Brain Tumor MRI images/Tumor/tumor (125).jpg,1,Tumor,MRI,cdc4d724a668388abc3657213ea91c3e8d849b2c7e155dc4676ca38a4396b618,1
C:\Users\dondo\OneDrive\Documents\ADBU CSE(AI & ML)\5th sem\Minor Project\Project Prototype\Brain-Tumor-Minor-Project\dataset\Brain Tumor MRI images\Tumor\tumor (128).jpg,Brain Tumor MRI images/Tumor/tumor (128).jpg,1,Tumor,MRI,5ed1667becd2b8f8dee86f367cc33d7f56d13547730e3cdf9f93d09752de5b00,1
C:\Users\dondo\OneDrive\Documents\ADBU CSE(AI & ML)\5th sem\Minor Project\Project Prototype\Brain-Tumor-Minor-Project\dataset\Brain Tumor MRI images\Tumor\tumor (129).jpg,Brain Tumor MRI images/Tumor/tumor (129).jpg,1,Tumor,MRI,6e4a32b7a73554a9a26b0e594f63d76920f7caeea52be19c323f8ad755d17f8b,1
C:\Users\dondo\OneDrive\Documents\ADBU CSE(AI & ML)\5th sem\Minor Project\Project Prototype\Brain-Tumor-Minor-Project\dataset\Brain Tumor MRI images\Tumor\tumor (13).jpeg,Brain Tumor MRI images/Tumor/tumor (13).jpeg,1,Tumor,MRI,d54401ac05ee7bd12686448a12d936ac83512996db1c7254cea4fd3745af4dab,1
C:\Users\dondo\OneDrive\Documents\ADBU CSE(AI & ML)\5th sem\Minor Project\Project Prototype\Brain-Tumor-Minor-Project\dataset\Brain Tumor MRI images\Tumor\tumor (130).jpg,Brain Tumor MRI images/Tumor/tumor (130).jpg,1,Tumor,MRI,b981ea69aea30d8a852c1eed9f64a190a101c6f2b9b1d26b16d0864251d5ecb9,1
C:\Users\dondo\OneDrive\Documents\ADBU CSE(AI & ML)\5th sem\Minor Project\Project Prototype\Brain-Tumor-Minor-Project\dataset\Brain Tumor MRI images\Tumor\tumor (131).jpg,Brain Tumor MRI images/Tumor/tumor (131).jpg,1,Tumor,MRI,1940c7f8e7f72ab5b9e674953238fcb4b63ccf6d3d320661e57511070655b5aa,1
C:\Users\dondo\OneDrive\Documents\ADBU CSE(AI & ML)\5th sem\Minor Project\Project Prototype\Brain-Tumor-Minor-Project\dataset\Brain Tumor MRI images\Tumor\tumor (132).jpg,Brain Tumor MRI images/Tumor/tumor (132).jpg,1,Tumor,MRI,066502884d443971d71836da239f41751eefdbb164af957947ad82fa6f584944,1
C:\Users\dondo\OneDrive\Documents\ADBU CSE(AI & ML)\5th sem\Minor Project\Project Prototype\Brain-Tumor-Minor-Project\dataset\Brain Tumor MRI images\Tumor\tumor (134).jpg,Brain Tumor MRI images/Tumor/tumor (134).jpg,1,Tumor,MRI,3d27a95ad70b6a8bc6e25391c4f49e9ad81d978d778edb87063122c9df9b33b0,1
C:\Users\dondo\OneDrive\Documents\ADBU CSE(AI & ML)\5th sem\Minor Project\Project Prototype\Brain-Tumor-Minor-Project\dataset\Brain Tumor MRI images\Tumor\tumor (136).jpg,Brain Tumor MRI images/Tumor/tumor (136).jpg,1,Tumor,MRI,862b1e94cca563591845710664be57fa2ce1bc18f317233d285f5b396c6cd27c,1
C:\Users\dondo\OneDrive\Documents\ADBU CSE(AI & ML)\5th sem\Minor Project\Project Prototype\Brain-Tumor-Minor-Project\dataset\Brain Tumor MRI images\Tumor\tumor (137).jpg,Brain Tumor MRI images/Tumor/tumor (137).jpg,1,Tumor,MRI,14a873e8998c4a88896fd7be1155eeaf656b88209c8e9fcf7db731de3478484c,1
C:\Users\dondo\OneDrive\Documents\ADBU CSE(AI & ML)\5th sem\Minor Project\Project Prototype\Brain-Tumor-Minor-Project\dataset\Brain Tumor MRI images\Tumor\tumor (138).jpg,Brain Tumor MRI images/Tumor/tumor (138).jpg,1,Tumor,MRI,a147b1910d63258713da833522f6e321bed28401314d5248fbab73df9a46bcac,1
C:\Users\dondo\OneDrive\Documents\ADBU CSE(AI & ML)\5th sem\Minor Project\Project Prototype\Brain-Tumor-Minor-Project\dataset\Brain Tumor MRI images\Tumor\tumor (139).jpg,Brain Tumor MRI images/Tumor/tumor (139).jpg,1,Tumor,MRI,6369ffc236fd7a7538ff1eda464f639e228b957b843d08bd4dea34b204828258,1
C:\Users\dondo\OneDrive\Documents\ADBU CSE(AI & ML)\5th sem\Minor Project\Project Prototype\Brain-Tumor-Minor-Project\dataset\Brain Tumor MRI images\Tumor\tumor (14).jpg,Brain Tumor MRI images/Tumor/tumor (14).jpg,1,Tumor,MRI,45c00b6a81446ba8d494743e9500b0af3a7b48d57fbea71a9d8236936156841e,1
C:\Users\dondo\OneDrive\Documents\ADBU CSE(AI & ML)\5th sem\Minor Project\Project Prototype\Brain-Tumor-Minor-Project\dataset\Brain Tumor MRI images\Tumor\tumor (140).jpg,Brain Tumor MRI images/Tumor/tumor (140).jpg,1,Tumor,MRI,6c8c2a11f01b532a75a01f052e3f536e10bcdca633e77ef3001d8ed852e83ee7,1
C:\Users\dondo\OneDrive\Documents\ADBU CSE(AI & ML)\5th sem\Minor Project\Project Prototype\Brain-Tumor-Minor-Project\dataset\Brain Tumor MRI images\Tumor\tumor (141).jpg,Brain Tumor MRI images/Tumor/tumor (141).jpg,1,Tumor,MRI,8854fba4d018533127553c10ffebacf8d730192cb6f07d957ea5d3fb48421eea,1
C:\Users\dondo\OneDrive\Documents\ADBU CSE(AI & ML)\5th sem\Minor Project\Project Prototype\Brain-Tumor-Minor-Project\dataset\Brain Tumor MRI images\Tumor\tumor (144).jpg,Brain Tumor MRI images/Tumor/tumor (144).jpg,1,Tumor,MRI,75da6e920cf8e1f62065f9aed23c61b109e042bfbb459c665ff7ecd68a108723,1
C:\Users\dondo\OneDrive\Documents\ADBU CSE(AI & ML)\5th sem\Minor Project\Project Prototype\Brain-Tumor-Minor-Project\dataset\Brain Tumor MRI images\Tumor\tumor (146).jpg,Brain Tumor MRI images/Tumor/tumor (146).jpg,1,Tumor,MRI,2afac6596bc88b3cabae7c0b66e51b100d44f40dfd270ae724d7dd2298597e2b,1
C:\Users\dondo\OneDrive\Documents\ADBU CSE(AI & ML)\5th sem\Minor Project\Project Prototype\Brain-Tumor-Minor-Project\dataset\Brain Tumor MRI images\Tumor\tumor (147).jpg,Brain Tumor MRI images/Tumor/tumor (147).jpg,1,Tumor,MRI,53446ebefbb558643e11fe7ecf3059737e2814172797c680e50463dd03656fdf,1
C:\Users\dondo\OneDrive\Documents\ADBU CSE(AI & ML)\5th sem\Minor Project\Project Prototype\Brain-Tumor-Minor-Project\dataset\Brain Tumor MRI images\Tumor\tumor (148).jpg,Brain Tumor MRI images/Tumor/tumor (148).jpg,1,Tumor,MRI,c1a08f474188d182e6243e1a4655f9731307c63399e7ada68048c588dfb990ed,1
C:\Users\dondo\OneDrive\Documents\ADBU CSE(AI & ML)\5th sem\Minor Project\Project Prototype\Brain-Tumor-Minor-Project\dataset\Brain Tumor MRI images\Tumor\tumor (15).jpeg,Brain Tumor MRI images/Tumor/tumor (15).jpeg,1,Tumor,MRI,99b1deacc549e7c039545db2da63e777089dc387a9d48718763b648310c48ed2,1
C:\Users\dondo\OneDrive\Documents\ADBU CSE(AI & ML)\5th sem\Minor Project\Project Prototype\Brain-Tumor-Minor-Project\dataset\Brain Tumor MRI images\Tumor\tumor (15).jpg,Brain Tumor MRI images/Tumor/tumor (15).jpg,1,Tumor,MRI,78485935c5c6e98f099086a48e010017653a40bc8bc56806abbc5e390fdc35f6,1
C:\Users\dondo\OneDrive\Documents\ADBU CSE(AI & ML)\5th sem\Minor Project\Project Prototype\Brain-Tumor-Minor-Project\dataset\Brain Tumor MRI images\Tumor\tumor (151).jpg,Brain Tumor MRI images/Tumor/tumor (151).jpg,1,Tumor,MRI,2ff387b9c84bad104f2f095f9832781f634931e584e02a1afab513037079eea5,2
C:\Users\dondo\OneDrive\Documents\ADBU CSE(AI & ML)\5th sem\Minor Project\Project Prototype\Brain-Tumor-Minor-Project\dataset\Brain Tumor MRI images\Tumor\tumor (153).jpg,Brain Tumor MRI images/Tumor/tumor (153).jpg,1,Tumor,MRI,8872585c004347ea73fad063e407998e62786cc8d7a0938ad85792f19a55eb0a,1
C:\Users\dondo\OneDrive\Documents\ADBU CSE(AI & ML)\5th sem\Minor Project\Project Prototype\Brain-Tumor-Minor-Project\dataset\Brain Tumor MRI images\Tumor\tumor (154).jpg,Brain Tumor MRI images/Tumor/tumor (154).jpg,1,Tumor,MRI,cf13d1ba3994cea11a9c3ff8df2934c324f15b393c6aadc20235c2eaa784ac9a,1
C:\Users\dondo\OneDrive\Documents\ADBU CSE(AI & ML)\5th sem\Minor Project\Project Prototype\Brain-Tumor-Minor-Project\dataset\Brain Tumor MRI images\Tumor\tumor (155).jpg,Brain Tumor MRI images/Tumor/tumor (155).jpg,1,Tumor,MRI,8aaadd0f631a11d4e11796b9afc422aea41548c3b9607b338377f3002747101e,1
C:\Users\dondo\OneDrive\Documents\ADBU CSE(AI & ML)\5th sem\Minor Project\Project Prototype\Brain-Tumor-Minor-Project\dataset\Brain Tumor MRI images\Tumor\tumor (159).jpg,Brain Tumor MRI images/Tumor/tumor (159).jpg,1,Tumor,MRI,189c6dfd75947dadad4abd3daff45ce9d5b1909c9eea812d796eca85896f39e2,1
C:\Users\dondo\OneDrive\Documents\ADBU CSE(AI & ML)\5th sem\Minor Project\Project Prototype\Brain-Tumor-Minor-Project\dataset\Brain Tumor MRI images\Tumor\tumor (16).jpeg,Brain Tumor MRI images/Tumor/tumor (16).jpeg,1,Tumor,MRI,831ef1d815de68ac13d0403d80bca5834ab8565c13e844ef818dc830303d45e3,1
C:\Users\dondo\OneDrive\Documents\ADBU CSE(AI & ML)\5th sem\Minor Project\Project Prototype\Brain-Tumor-Minor-Project\dataset\Brain Tumor MRI images\Tumor\tumor (16).jpg,Brain Tumor MRI images/Tumor/tumor (16).jpg,1,Tumor,MRI,3bca4b74c9faa5249a634b57c6cf539c19d5ac205c753cb76388e0fd209da8b7,1
C:\Users\dondo\OneDrive\Documents\ADBU CSE(AI & ML)\5th sem\Minor Project\Project Prototype\Brain-Tumor-Minor-Project\dataset\Brain Tumor MRI images\Tumor\tumor (161).jpg,Brain Tumor MRI images/Tumor/tumor (161).jpg,1,Tumor,MRI,776c01ae38336a0f10e1f54fc77e2f307a60c904daaf11713015db72378c54f8,1
C:\Users\dondo\OneDrive\Documents\ADBU CSE(AI & ML)\5th sem\Minor Project\Project Prototype\Brain-Tumor-Minor-Project\dataset\Brain Tumor MRI images\Tumor\tumor (163).jpg,Brain Tumor MRI images/Tumor/tumor (163).jpg,1,Tumor,MRI,8d463bf588c1bc9e685df1729434a541f187054456fe244024966078fe1aef61,2
C:\Users\dondo\OneDrive\Documents\ADBU CSE(AI & ML)\5th sem\Minor Project\Project Prototype\Brain-Tumor-Minor-Project\dataset\Brain Tumor MRI images\Tumor\tumor (164).jpg,Brain Tumor MRI images/Tumor/tumor (164).jpg,1,Tumor,MRI,67783a1aeb696e36c1be2bc1af3c0a02d3f61d32248b5bfa2840b22a72b8484e,1
C:\Users\dondo\OneDrive\Documents\ADBU CSE(AI & ML)\5th sem\Minor Project\Project Prototype\Brain-Tumor-Minor-Project\dataset\Brain Tumor MRI images\Tumor\tumor (166).jpg,Brain Tumor MRI images/Tumor/tumor (166).jpg,1,Tumor,MRI,19f85781d3642a0c0a9d3831265070195500ff2f41feb84cf72bb87b12060e7e,1
C:\Users\dondo\OneDrive\Documents\ADBU CSE(AI & ML)\5th sem\Minor Project\Project Prototype\Brain-Tumor-Minor-Project\dataset\Brain Tumor MRI images\Tumor\tumor (168).jpg,Brain Tumor MRI images/Tumor/tumor (168).jpg,1,Tumor,MRI,bb624454b04721a0bfe7e06c9bd2288c233f848603d9ae719ba2b052f530634a,1
C:\Users\dondo\OneDrive\Documents\ADBU CSE(AI & ML)\5th sem\Minor Project\Project Prototype\Brain-Tumor-Minor-Project\dataset\Brain Tumor MRI images\Tumor\tumor (17).jpg,Brain Tumor MRI images/Tumor/tumor (17).jpg,1,Tumor,MRI,dafbb79782253065115c6c3b6fc88466f49ed416dc6b413e08f47fab3ea13811,1
C:\Users\dondo\OneDrive\Documents\ADBU CSE(AI & ML)\5th sem\Minor Project\Project Prototype\Brain-Tumor-Minor-Project\dataset\Brain Tumor MRI images\Tumor\tumor (170).jpg,Brain Tumor MRI images/Tumor/tumor (170).jpg,1,Tumor,MRI,c1ead199291d6738ea07e23b93d486aaf5f661f1c7df92f24f4c00f8b20bfb0e,1
C:\Users\dondo\OneDrive\Documents\ADBU CSE(AI & ML)\5th sem\Minor Project\Project Prototype\Brain-Tumor-Minor-Project\dataset\Brain Tumor MRI images\Tumor\tumor (171).jpg,Brain Tumor MRI images/Tumor/tumor (171).jpg,1,Tumor,MRI,287e57e51279330fe35b02999f3e99c4a8d71a2982384edeb6dc21e65e69c853,1
C:\Users\dondo\OneDrive\Documents\ADBU CSE(AI & ML)\5th sem\Minor Project\Project Prototype\Brain-Tumor-Minor-Project\dataset\Brain Tumor MRI images\Tumor\tumor (172).jpg,Brain Tumor MRI images/Tumor/tumor (172).jpg,1,Tumor,MRI,75de2e313a9570e899b592d69c150554c350699b058d3410e2eea78c6db8dc9a,1
C:\Users\dondo\OneDrive\Documents\ADBU CSE(AI & ML)\5th sem\Minor Project\Project Prototype\Brain-Tumor-Minor-Project\dataset\Brain Tumor MRI images\Tumor\tumor (173).jpg,Brain Tumor MRI images/Tumor/tumor (173).jpg,1,Tumor,MRI,efbb74c524ab95fae4c5ff626880c4a7f23d066111ff682ae04c32b5c422af13,1
C:\Users\dondo\OneDrive\Documents\ADBU CSE(AI & ML)\5th sem\Minor Project\Project Prototype\Brain-Tumor-Minor-Project\dataset\Brain Tumor MRI images\Tumor\tumor (177).jpg,Brain Tumor MRI images/Tumor/tumor (177).jpg,1,Tumor,MRI,5bf68ff9f2e5036539b29f1b87ef5df6f1314ab89ae7fe6d180efaec6394bd5e,1
C:\Users\dondo\OneDrive\Documents\ADBU CSE(AI & ML)\5th sem\Minor Project\Project Prototype\Brain-Tumor-Minor-Project\dataset\Brain Tumor MRI images\Tumor\tumor (179).jpg,Brain Tumor MRI images/Tumor/tumor (179).jpg,1,Tumor,MRI,aee7025a0efb6ee7c1dbabdfae17a79288e745b66ba19e840368bdd0464bf68c,1
C:\Users\dondo\OneDrive\Documents\ADBU CSE(AI & ML)\5th sem\Minor Project\Project Prototype\Brain-Tumor-Minor-Project\dataset\Brain Tumor MRI images\Tumor\tumor (180).jpg,Brain Tumor MRI images/Tumor/tumor (180).jpg,1,Tumor,MRI,d06b09c04650f0074f8cd5371622dc27ed76824286e8ebd37b73fc04aab74673,1
C:\Users\dondo\OneDrive\Documents\ADBU CSE(AI & ML)\5th sem\Minor Project\Project Prototype\Brain-Tumor-Minor-Project\dataset\Brain Tumor MRI images\Tumor\tumor (181).jpg,Brain Tumor MRI images/Tumor/tumor (181).jpg,1,Tumor,MRI,0b938fbd0afa3b337f4252fe83033d4143eb825a558a744ba4f1a28c841a163f,1
C:\Users\dondo\OneDrive\Documents\ADBU CSE(AI & ML)\5th sem\Minor Project\Project Prototype\Brain-Tumor-Minor-Project\dataset\Brain Tumor MRI images\Tumor\tumor (182).jpg,Brain Tumor MRI images/Tumor/tumor (182).jpg,1,Tumor,MRI,b2a35871156e8f7f1ee5f0e52537b219776da7a6f396d72aafa2926b15988e07,1
C:\Users\dondo\OneDrive\Documents\ADBU CSE(AI & ML)\5th sem\Minor Project\Project Prototype\Brain-Tumor-Minor-Project\dataset\Brain Tumor MRI images\Tumor\tumor (183).jpg,Brain Tumor MRI images/Tumor/tumor (183).jpg,1,Tumor,MRI,00ffe6c52417c8ad662ac6abaf491d5f9fb316ca937a2c9c301e4040444a6f88,1
C:\Users\dondo\OneDrive\Documents\ADBU CSE(AI & ML)\5th sem\Minor Project\Project Prototype\Brain-Tumor-Minor-Project\dataset\Brain Tumor MRI images\Tumor\tumor (184).jpg,Brain Tumor MRI images/Tumor/tumor (184).jpg,1,Tumor,MRI,bfc52b0f12c54eff4c44bead693753418c4f58796960ce2dfd489c91d69dc1b7,1
C:\Users\dondo\OneDrive\Documents\ADBU CSE(AI & ML)\5th sem\Minor Project\Project Prototype\Brain-Tumor-Minor-Project\dataset\Brain Tumor MRI images\Tumor\tumor (185).jpg,Brain Tumor MRI images/Tumor/tumor (185).jpg,1,Tumor,MRI,7981fe6671ead6f11efbe7d3196005f4d7d4f57e1e35378785f1ce9d7694fa76,1
C:\Users\dondo\OneDrive\Documents\ADBU CSE(AI & ML)\5th sem\Minor Project\Project Prototype\Brain-Tumor-Minor-Project\dataset\Brain Tumor MRI images\Tumor\tumor (187).jpg,Brain Tumor MRI images/Tumor/tumor (187).jpg,1,Tumor,MRI,c8335a993fe0a426aa2ead3d978d93992d2bfacf06c382a69dc9a38d27fb6ad7,1
C:\Users\dondo\OneDrive\Documents\ADBU CSE(AI & ML)\5th sem\Minor Project\Project Prototype\Brain-Tumor-Minor-Project\dataset\Brain Tumor MRI images\Tumor\tumor (188).jpg,Brain Tumor MRI images/Tumor/tumor (188).jpg,1,Tumor,MRI,af151584098e2c3cb01044633b943bb807d212e1cbfdbd7f8228eca9403ab0eb,1
C:\Users\dondo\OneDrive\Documents\ADBU CSE(AI & ML)\5th sem\Minor Project\Project Prototype\Brain-Tumor-Minor-Project\dataset\Brain Tumor MRI images\Tumor\tumor (189).jpg,Brain Tumor MRI images/Tumor/tumor (189).jpg,1,Tumor,MRI,f83e76f8c8ba2712898e21578ace61f72bbc2262397e63b270c1cac1fd24a6ae,1
C:\Users\dondo\OneDrive\Documents\ADBU CSE(AI & ML)\5th sem\Minor Project\Project Prototype\Brain-Tumor-Minor-Project\dataset\Brain Tumor MRI images\Tumor\tumor (19).jpg,Brain Tumor MRI images/Tumor/tumor (19).jpg,1,Tumor,MRI,f663c2778dd65d92cb43ba9f18df495abcfebadae1f04837bf90aff35abad423,1
C:\Users\dondo\OneDrive\Documents\ADBU CSE(AI & ML)\5th sem\Minor Project\Project Prototype\Brain-Tumor-Minor-Project\dataset\Brain Tumor MRI images\Tumor\tumor (190).jpg,Brain Tumor MRI images/Tumor/tumor (190).jpg,1,Tumor,MRI,1c6e5bf8ee777b448d900fb5dcf19314646028630cd67b8b53000c79b6a4bac7,1
C:\Users\dondo\OneDrive\Documents\ADBU CSE(AI & ML)\5th sem\Minor Project\Project Prototype\Brain-Tumor-Minor-Project\dataset\Brain Tumor MRI images\Tumor\tumor (191).jpg,Brain Tumor MRI images/Tumor/tumor (191).jpg,1,Tumor,MRI,ee056ea84b12ae02456394e50aef48f787cb6f5d00fc150d14b0e9a33e90931c,1
C:\Users\dondo\OneDrive\Documents\ADBU CSE(AI & ML)\5th sem\Minor Project\Project Prototype\Brain-Tumor-Minor-Project\dataset\Brain Tumor MRI images\Tumor\tumor (192).jpg,Brain Tumor MRI images/Tumor/tumor (192).jpg,1,Tumor,MRI,416dc563748dc76cf17601f3b858875b1a3dc06adbe606c5ff0e6407e76fc2ed,1
C:\Users\dondo\OneDrive\Documents\ADBU CSE(AI & ML)\5th sem\Minor Project\Project Prototype\Brain-Tumor-Minor-Project\dataset\Brain Tumor MRI images\Tumor\tumor (193).jpg,Brain Tumor MRI images/Tumor/tumor (193).jpg,1,Tumor,MRI,5a43736d70f77aeb61662874a2e5d7142950120466a3f55a6cf0c0b47b18d660,1
C:\Users\dondo\OneDrive\Documents\ADBU CSE(AI & ML)\5th sem\Minor Project\Project Prototype\Brain-Tumor-Minor-Project\dataset\Brain Tumor MRI images\Tumor\tumor (194).jpg,Brain Tumor MRI images/Tumor/tumor (194).jpg,1,Tumor,MRI,5c330186616e6469328b24282be4af2fc988e7824bbb7e1183159594287e0e2d,1
C:\Users\dondo\OneDrive\Documents\ADBU CSE(AI & ML)\5th sem\Minor Project\Project Prototype\Brain-Tumor-Minor-Project\dataset\Brain Tumor MRI images\Tumor\tumor (195).jpg,Brain Tumor MRI images/Tumor/tumor (195).jpg,1,Tumor,MRI,2b216354ebb4d2ebdbd3dc93540fccf2dec3af6979e48bae525636b27f30567d,1
C:\Users\dondo\OneDrive\Documents\ADBU CSE(AI & ML)\5th sem\Minor Project\Project Prototype\Brain-Tumor-Minor-Project\dataset\Brain Tumor MRI images\Tumor\tumor (197).jpg,Brain Tumor MRI images/Tumor/tumor (197).jpg,1,Tumor,MRI,902dbb1abd305d88c813c3ad5b5ae21d01b31eb81137a7001dca245f76528e7b,1
C:\Users\dondo\OneDrive\Documents\ADBU CSE(AI & ML)\5th sem\Minor Project\Project Prototype\Brain-Tumor-Minor-Project\dataset\Brain Tumor MRI images\Tumor\tumor (198).jpg,Brain Tumor MRI images/Tumor/tumor (198).jpg,1,Tumor,MRI,b538852d6ce26948a1ed4f542808ef708752d3309b6580bfe364550cd0f443b2,1
C:\Users\dondo\OneDrive\Documents\ADBU CSE(AI & ML)\5th sem\Minor Project\Project Prototype\Brain-Tumor-Minor-Project\dataset\Brain Tumor MRI images\Tumor\tumor (2).jpeg,Brain Tumor MRI images/Tumor/tumor (2).jpeg,1,Tumor,MRI,7c99d42751f63da4de218de0d0fa901858a1f585ed3f7dba44cb5c85464c517c,1
C:\Users\dondo\OneDrive\Documents\ADBU CSE(AI & ML)\5th sem\Minor Project\Project Prototype\Brain-Tumor-Minor-Project\dataset\Brain Tumor MRI images\Tumor\tumor (2).jpg,Brain Tumor MRI images/Tumor/tumor (2).jpg,1,Tumor,MRI,4d75ac12e0b1653b6b1466c644ebff95a22d955a500faee553dc6827d3355535,1
C:\Users\dondo\OneDrive\Documents\ADBU CSE(AI & ML)\5th sem\Minor Project\Project Prototype\Brain-Tumor-Minor-Project\dataset\Brain Tumor MRI images\Tumor\tumor (20).jpg,Brain Tumor MRI images/Tumor/tumor (20).jpg,1,Tumor,MRI,1f72dc9194470d8caac6b079b0bab697d72517e432d2c988ee276b69807fbbfd,1
C:\Users\dondo\OneDrive\Documents\ADBU CSE(AI & ML)\5th sem\Minor Project\Project Prototype\Brain-Tumor-Minor-Project\dataset\Brain Tumor MRI images\Tumor\tumor (200).jpg,Brain Tumor MRI images/Tumor/tumor (200).jpg,1,Tumor,MRI,78a60bb0e43c17234de18982b2fcd20414e8ca953552f22f31d604d581559c83,1
C:\Users\dondo\OneDrive\Documents\ADBU CSE(AI & ML)\5th sem\Minor Project\Project Prototype\Brain-Tumor-Minor-Project\dataset\Brain Tumor MRI images\Tumor\tumor (203).jpg,Brain Tumor MRI images/Tumor/tumor (203).jpg,1,Tumor,MRI,7e75d2b0d68541c9de9e8069eacbcc70655e0b9dbec2c706a099c3df1a0b07d4,1
C:\Users\dondo\OneDrive\Documents\ADBU CSE(AI & ML)\5th sem\Minor Project\Project Prototype\Brain-Tumor-Minor-Project\dataset\Brain Tumor MRI images\Tumor\tumor (205).jpg,Brain Tumor MRI images/Tumor/tumor (205).jpg,1,Tumor,MRI,d33362c59d38ee3ac02515bfd16e00ad7cf43b2f201139a20363a2ebd54bb638,1
C:\Users\dondo\OneDrive\Documents\ADBU CSE(AI & ML)\5th sem\Minor Project\Project Prototype\Brain-Tumor-Minor-Project\dataset\Brain Tumor MRI images\Tumor\tumor (207).jpg,Brain Tumor MRI images/Tumor/tumor (207).jpg,1,Tumor,MRI,727b16acee40cce81bf2bcf2c3571425ba7e823b8b2a8d2c4bb397946b7f484d,1
C:\Users\dondo\OneDrive\Documents\ADBU CSE(AI & ML)\5th sem\Minor Project\Project Prototype\Brain-Tumor-Minor-Project\dataset\Brain Tumor MRI images\Tumor\tumor (211).jpg,Brain Tumor MRI images/Tumor/tumor (211).jpg,1,Tumor,MRI,49f350ac9f72537df374801a58a4c5dec3af188734669dc0055809b7e0e14122,1
C:\Users\dondo\OneDrive\Documents\ADBU CSE(AI & ML)\5th sem\Minor Project\Project Prototype\Brain-Tumor-Minor-Project\dataset\Brain Tumor MRI images\Tumor\tumor (212).jpg,Brain Tumor MRI images/Tumor/tumor (212).jpg,1,Tumor,MRI,e6965e334ce7a23de0e8bb4bbca3e1bf825ae1abe2a856a2fec7fb38df687163,1
C:\Users\dondo\OneDrive\Documents\ADBU CSE(AI & ML)\5th sem\Minor Project\Project Prototype\Brain-Tumor-Minor-Project\dataset\Brain Tumor MRI images\Tumor\tumor (213).jpg,Brain Tumor MRI images/Tumor/tumor (213).jpg,1,Tumor,MRI,f0a5751547633b2c33113a6e3b7b877031d86e4461eaa73587b7a1c5772ab40f,1
C:\Users\dondo\OneDrive\Documents\ADBU CSE(AI & ML)\5th sem\Minor Project\Project Prototype\Brain-Tumor-Minor-Project\dataset\Brain Tumor MRI images\Tumor\tumor (216).jpg,Brain Tumor MRI images/Tumor/tumor (216).jpg,1,Tumor,MRI,2e177106957f3665684cd63e556c7c62c1cd06be34c318fa7356ad0b81334d19,1
C:\Users\dondo\OneDrive\Documents\ADBU CSE(AI & ML)\5th sem\Minor Project\Project Prototype\Brain-Tumor-Minor-Project\dataset\Brain Tumor MRI images\Tumor\tumor (217).jpg,Brain Tumor MRI images/Tumor/tumor (217).jpg,1,Tumor,MRI,567155c0bea47aa62106bb9367504c29f86d93ac00f0488f2e12eec18ce8dafe,1
C:\Users\dondo\OneDrive\Documents\ADBU CSE(AI & ML)\5th sem\Minor Project\Project Prototype\Brain-Tumor-Minor-Project\dataset\Brain Tumor MRI images\Tumor\tumor (218).jpg,Brain Tumor MRI images/Tumor/tumor (218).jpg,1,Tumor,MRI,8623d8286239b1321b0c1eb841c4fe9646caabf3efc49eb3eedefbe15b9050d0,1
C:\Users\dondo\OneDrive\Documents\ADBU CSE(AI & ML)\5th sem\Minor Project\Project Prototype\Brain-Tumor-Minor-Project\dataset\Brain Tumor MRI images\Tumor\tumor (219).jpg,Brain Tumor MRI images/Tumor/tumor (219).jpg,1,Tumor,MRI,258bda1035fcdb1ee23293d0728cb481509fef4c49f360f7ae00b4984a4966fa,1
C:\Users\dondo\OneDrive\Documents\ADBU CSE(AI & ML)\5th sem\Minor Project\Project Prototype\Brain-Tumor-Minor-Project\dataset\Brain Tumor MRI images\Tumor\tumor (22).jpg,Brain Tumor MRI images/Tumor/tumor (22).jpg,1,Tumor,MRI,a087af1fcbd12617ca2bf449465d6b4b998bff59b9896092aaee279b8351411a,1
C:\Users\dondo\OneDrive\Documents\ADBU CSE(AI & ML)\5th sem\Minor Project\Project Prototype\Brain-Tumor-Minor-Project\dataset\Brain Tumor MRI images\Tumor\tumor (221).jpg,Brain Tumor MRI images/Tumor/tumor (221).jpg,1,Tumor,MRI,29758f64ba84a4f20147ad114f2376b1cc38b0891a06e508a9d402acf226c9b8,1
C:\Users\dondo\OneDrive\Documents\ADBU CSE(AI & ML)\5th sem\Minor Project\Project Prototype\Brain-Tumor-Minor-Project\dataset\Brain Tumor MRI images\Tumor\tumor (222).jpg,Brain Tumor MRI images/Tumor/tumor (222).jpg,1,Tumor,MRI,463796f1829cf319ee16cf2ebad064b8338982720b152524695d02652ef55e42,1
C:\Users\dondo\OneDrive\Documents\ADBU CSE(AI & ML)\5th sem\Minor Project\Project Prototype\Brain-Tumor-Minor-Project\dataset\Brain Tumor MRI images\Tumor\tumor (223).jpg,Brain Tumor MRI images/Tumor/tumor (223).jpg,1,Tumor,MRI,532e09d1a0c19c106ed42575ae26819d3647cf939216d133777c5c4cf12e5668,1
C:\Users\dondo\OneDrive\Documents\ADBU CSE(AI & ML)\5th sem\Minor Project\Project Prototype\Brain-Tumor-Minor-Project\dataset\Brain Tumor MRI images\Tumor\tumor (224).jpg,Brain Tumor MRI images/Tumor/tumor (224).jpg,1,Tumor,MRI,24694f0f00e1f9951f8e746ca6755c55ac644c22be414fcc430cfdc978133e17,1
C:\Users\dondo\OneDrive\Documents\ADBU CSE(AI & ML)\5th sem\Minor Project\Project Prototype\Brain-Tumor-Minor-Project\dataset\Brain Tumor MRI images\Tumor\tumor (225).jpg,Brain Tumor MRI images/Tumor/tumor (225).jpg,1,Tumor,MRI,7716e7df6e361db0be80dbfc90df5c7dcb55f2742957f9d474da48e77ae1c82e,1
C:\Users\dondo\OneDrive\Documents\ADBU CSE(AI & ML)\5th sem\Minor Project\Project Prototype\Brain-Tumor-Minor-Project\dataset\Brain Tumor MRI images\Tumor\tumor (226).jpg,Brain Tumor MRI images/Tumor/tumor (226).jpg,1,Tumor,MRI,c8a0d52cba0b6b4565a17313c7c297a6bde25a7f2c05bb4817908bcaedb47822,1
C:\Users\dondo\OneDrive\Documents\ADBU CSE(AI & ML)\5th sem\Minor Project\Project Prototype\Brain-Tumor-Minor-Project\dataset\Brain Tumor MRI images\Tumor\tumor (227).jpg,Brain Tumor MRI images/Tumor/tumor (227).jpg,1,Tumor,MRI,41f3048207b5a634dc1f3b050705f80f652e8a39968005af39db51d5578e539e,1
C:\Users\dondo\OneDrive\Documents\ADBU CSE(AI & ML)\5th sem\Minor Project\Project Prototype\Brain-Tumor-Minor-Project\dataset\Brain Tumor MRI images\Tumor\tumor (228).jpg,Brain Tumor MRI images/Tumor/tumor (228).jpg,1,Tumor,MRI,b71f116df98602ff141e2720fda3090e3c545d46514bc07ea19533cf821b75ba,1
C:\Users\dondo\OneDrive\Documents\ADBU CSE(AI & ML)\5th sem\Minor Project\Project Prototype\Brain-Tumor-Minor-Project\dataset\Brain Tumor MRI images\Tumor\tumor (23).jpg,Brain Tumor MRI images/Tumor/tumor (23).jpg,1,Tumor,MRI,b75de97bb24728265606c4918c5a49a0ce1808808f0692e3bb5e8d99a04087c3,1
C:\Users\dondo\OneDrive\Documents\ADBU CSE(AI & ML)\5th sem\Minor Project\Project Prototype\Brain-Tumor-Minor-Project\dataset\Brain Tumor MRI images\Tumor\tumor (230).jpg,Brain Tumor MRI images/Tumor/tumor (230).jpg,1,Tumor,MRI,47d308a89c7fe3275362f12a3f8be33812146d4a28b67ab4a59234c094f01b91,1
C:\Users\dondo\OneDrive\Documents\ADBU CSE(AI & ML)\5th sem\Minor Project\Project Prototype\Brain-Tumor-Minor-Project\dataset\Brain Tumor MRI images\Tumor\tumor (231).jpg,Brain Tumor MRI images/Tumor/tumor (231).jpg,1,Tumor,MRI,3b89c027ef06802a30ca46a73c6283596753fa91c391a26d20cce009ee14d079,1
C:\Users\dondo\OneDrive\Documents\ADBU CSE(AI & ML)\5th sem\Minor Project\Project Prototype\Brain-Tumor-Minor-Project\dataset\Brain Tumor MRI images\Tumor\tumor (232).jpg,Brain Tumor MRI images/Tumor/tumor (232).jpg,1,Tumor,MRI,99d87ae3896b79c02c935f42bf477d20a5b8ccce04205f10b6ac3c297bc517ce,1
C:\Users\dondo\OneDrive\Documents\ADBU CSE(AI & ML)\5th sem\Minor Project\Project Prototype\Brain-Tumor-Minor-Project\dataset\Brain Tumor MRI images\Tumor\tumor (234).jpg,Brain Tumor MRI images/Tumor/tumor (234).jpg,1,Tumor,MRI,d57bf614089818c4189bcf2655f9024f85d80b006530fadbcd8f3b011977fd3b,1
C:\Users\dondo\OneDrive\Documents\ADBU CSE(AI & ML)\5th sem\Minor Project\Project Prototype\Brain-Tumor-Minor-Project\dataset\Brain Tumor MRI images\Tumor\tumor (235).jpg,Brain Tumor MRI images/Tumor/tumor (235).jpg,1,Tumor,MRI,8c36d523626ab4d25ef733a1550e7ffd341476e882aeb21e18c4f6a47124c9ba,1
C:\Users\dondo\OneDrive\Documents\ADBU CSE(AI & ML)\5th sem\Minor Project\Project Prototype\Brain-Tumor-Minor-Project\dataset\Brain Tumor MRI images\Tumor\tumor (236).jpg,Brain Tumor MRI images/Tumor/tumor (236).jpg,1,Tumor,MRI,ec69a5817c7f64959fba441894261e95759e3f524897a6e084617879a01020d7,1
C:\Users\dondo\OneDrive\Documents\ADBU CSE(AI & ML)\5th sem\Minor Project\Project Prototype\Brain-Tumor-Minor-Project\dataset\Brain Tumor MRI images\Tumor\tumor (238).jpg,Brain Tumor MRI images/Tumor/tumor (238).jpg,1,Tumor,MRI,92478b8e0b1ffcfa28940a53f7076b209acd0f0175e30113f1bc64994115460b,1
C:\Users\dondo\OneDrive\Documents\ADBU CSE(AI & ML)\5th sem\Minor Project\Project Prototype\Brain-Tumor-Minor-Project\dataset\Brain Tumor MRI images\Tumor\tumor (239).jpg,Brain Tumor MRI images/Tumor/tumor (239).jpg,1,Tumor,MRI,16c0d939deb719fd1c137bd96a0aa974fc8c5da61d0f65a7aa0559de83207065,1
C:\Users\dondo\OneDrive\Documents\ADBU CSE(AI & ML)\5th sem\Minor Project\Project Prototype\Brain-Tumor-Minor-Project\dataset\Brain Tumor MRI images\Tumor\tumor (24).jpg,Brain Tumor MRI images/Tumor/tumor (24).jpg,1,Tumor,MRI,5a103941ddff3871adf77e401e948bf1232d77aa84ef65511140a61f598f9bcd,1
C:\Users\dondo\OneDrive\Documents\ADBU CSE(AI & ML)\5th sem\Minor Project\Project Prototype\Brain-Tumor-Minor-Project\dataset\Brain Tumor MRI images\Tumor\tumor (240).jpg,Brain Tumor MRI images/Tumor/tumor (240).jpg,1,Tumor,MRI,84225f7552f3a8e454b14fb8d3300f516a54ee962d87b146cc193bcb5dd839cb,1
C:\Users\dondo\OneDrive\Documents\ADBU CSE(AI & ML)\5th sem\Minor Project\Project Prototype\Brain-Tumor-Minor-Project\dataset\Brain Tumor MRI images\Tumor\tumor (241).jpg,Brain Tumor MRI images/Tumor/tumor (241).jpg,1,Tumor,MRI,d9289f9aa524f8161f92fc64f1428e22bfd5282969a5fe704c55519b614cbc22,1
C:\Users\dondo\OneDrive\Documents\ADBU CSE(AI & ML)\5th sem\Minor Project\Project Prototype\Brain-Tumor-Minor-Project\dataset\Brain Tumor MRI images\Tumor\tumor (242).jpg,Brain Tumor MRI images/Tumor/tumor (242).jpg,1,Tumor,MRI,cc99806d0bf348e071931288713842ebdb50a0245b97950cf609742854ad1eb7,1
C:\Users\dondo\OneDrive\Documents\ADBU CSE(AI & ML)\5th sem\Minor Project\Project Prototype\Brain-Tumor-Minor-Project\dataset\Brain Tumor MRI images\Tumor\tumor (244).jpg,Brain Tumor MRI images/Tumor/tumor (244).jpg,1,Tumor,MRI,0660f704ba18060c2ad636f7e77b8ba9b775ac3116699c1bdf97499be215da10,2
C:\Users\dondo\OneDrive\Documents\ADBU CSE(AI & ML)\5th sem\Minor Project\Project Prototype\Brain-Tumor-Minor-Project\dataset\Brain Tumor MRI images\Tumor\tumor (246).jpg,Brain Tumor MRI images/Tumor/tumor (246).jpg,1,Tumor,MRI,7acb5d6d9d76ed1f34b21fca5988aaf7b0c7f94792944e96c784630ef12a6e23,1
C:\Users\dondo\OneDrive\Documents\ADBU CSE(AI & ML)\5th sem\Minor Project\Project Prototype\Brain-Tumor-Minor-Project\dataset\Brain Tumor MRI images\Tumor\tumor (247).jpg,Brain Tumor MRI images/Tumor/tumor (247).jpg,1,Tumor,MRI,b8a7a6d7405d711bfe90c12689c7be042a2cdf45c31dc7d5be747156dcd27569,1
C:\Users\dondo\OneDrive\Documents\ADBU CSE(AI & ML)\5th sem\Minor Project\Project Prototype\Brain-Tumor-Minor-Project\dataset\Brain Tumor MRI images\Tumor\tumor (248).jpg,Brain Tumor MRI images/Tumor/tumor (248).jpg,1,Tumor,MRI,586111418680dabfb981bc32054998933537d6f9aaaa633ea6543c2efa198354,1
C:\Users\dondo\OneDrive\Documents\ADBU CSE(AI & ML)\5th sem\Minor Project\Project Prototype\Brain-Tumor-Minor-Project\dataset\Brain Tumor MRI images\Tumor\tumor (249).jpg,Brain Tumor MRI images/Tumor/tumor (249).jpg,1,Tumor,MRI,399fcf090cdbb8b6bff8e57d86e6d73f8bc987aa5353e85a149b8ef9942b6ab9,1
C:\Users\dondo\OneDrive\Documents\ADBU CSE(AI & ML)\5th sem\Minor Project\Project Prototype\Brain-Tumor-Minor-Project\dataset\Brain Tumor MRI images\Tumor\tumor (250).jpg,Brain Tumor MRI images/Tumor/tumor (250).jpg,1,Tumor,MRI,8799573ea4982bf38a0fe9a4889b4dd986d47593fbafbf9e4e2617968baaf220,1
C:\Users\dondo\OneDrive\Documents\ADBU CSE(AI & ML)\5th sem\Minor Project\Project Prototype\Brain-Tumor-Minor-Project\dataset\Brain Tumor MRI images\Tumor\tumor (252).jpg,Brain Tumor MRI images/Tumor/tumor (252).jpg,1,Tumor,MRI,f539a9820276ed330c31034f4099109298c97a68c769d511e8a87dbc10200b00,1
C:\Users\dondo\OneDrive\Documents\ADBU CSE(AI & ML)\5th sem\Minor Project\Project Prototype\Brain-Tumor-Minor-Project\dataset\Brain Tumor MRI images\Tumor\tumor (253).jpg,Brain Tumor MRI images/Tumor/tumor (253).jpg,1,Tumor,MRI,edf250abc7646ed61a93e441b304641224a90944ff114b0566615bfeaf63e793,1
C:\Users\dondo\OneDrive\Documents\ADBU CSE(AI & ML)\5th sem\Minor Project\Project Prototype\Brain-Tumor-Minor-Project\dataset\Brain Tumor MRI images\Tumor\tumor (254).jpg,Brain Tumor MRI images/Tumor/tumor (254).jpg,1,Tumor,MRI,e29bcad3a9669e308de687b578cb0b414b4fd17020fc63b1f350b06026337139,2
C:\Users\dondo\OneDrive\Documents\ADBU CSE(AI & ML)\5th sem\Minor Project\Project Prototype\Brain-Tumor-Minor-Project\dataset\Brain Tumor MRI images\Tumor\tumor (255).jpg,Brain Tumor MRI images/Tumor/tumor (255).jpg,1,Tumor,MRI,535e5fd3284fb948f3b07147480899b2df00c0705e3ff3e5808d96bd30be2057,1
C:\Users\dondo\OneDrive\Documents\ADBU CSE(AI & ML)\5th sem\Minor Project\Project Prototype\Brain-Tumor-Minor-Project\dataset\Brain Tumor MRI images\Tumor\tumor (256).jpg,Brain Tumor MRI images/Tumor/tumor (256).jpg,1,Tumor,MRI,c05fcc3657c8950f588e6e56d34a278b3e03e283225f08217c21ec4f12063a64,2
C:\Users\dondo\OneDrive\Documents\ADBU CSE(AI & ML)\5th sem\Minor Project\Project Prototype\Brain-Tumor-Minor-Project\dataset\Brain Tumor MRI images\Tumor\tumor (257).jpg,Brain Tumor MRI images/Tumor/tumor (257).jpg,1,Tumor,MRI,f911601cc62b138e2379f5f8ca0322bc972a137d7a44614e9110d9660021f191,1
C:\Users\dondo\OneDrive\Documents\ADBU CSE(AI & ML)\5th sem\Minor Project\Project Prototype\Brain-Tumor-Minor-Project\dataset\Brain Tumor MRI images\Tumor\tumor (26).jpg,Brain Tumor MRI images/Tumor/tumor (26).jpg,1,Tumor,MRI,2da84f7ba37493de472e429c2a8bbb4e2bb25e694d6ecb9138838e0e500baa62,1
C:\Users\dondo\OneDrive\Documents\ADBU CSE(AI & ML)\5th sem\Minor Project\Project Prototype\Brain-Tumor-Minor-Project\dataset\Brain Tumor MRI images\Tumor\tumor (260).jpg,Brain Tumor MRI images/Tumor/tumor (260).jpg,1,Tumor,MRI,c6651dafc34e218d7f421ca0c9c799eb2b0e8fc33b15f48d41e6920aedda917f,1
C:\Users\dondo\OneDrive\Documents\ADBU CSE(AI & ML)\5th sem\Minor Project\Project Prototype\Brain-Tumor-Minor-Project\dataset\Brain Tumor MRI images\Tumor\tumor (261).jpg,Brain Tumor MRI images/Tumor/tumor (261).jpg,1,Tumor,MRI,8a0eea87f6ecded4e3b109a576a7b8976c4a80186a8eed7974df9fbf4541807a,1
C:\Users\dondo\OneDrive\Documents\ADBU CSE(AI & ML)\5th sem\Minor Project\Project Prototype\Brain-Tumor-Minor-Project\dataset\Brain Tumor MRI images\Tumor\tumor (262).jpg,Brain Tumor MRI images/Tumor/tumor (262).jpg,1,Tumor,MRI,d93cda795ce2d6f3b97c486a95828afef08cce9d1c8dd2bcbdd958899f3b2bab,1
C:\Users\dondo\OneDrive\Documents\ADBU CSE(AI & ML)\5th sem\Minor Project\Project Prototype\Brain-Tumor-Minor-Project\dataset\Brain Tumor MRI images\Tumor\tumor (263).jpg,Brain Tumor MRI images/Tumor/tumor (263).jpg,1,Tumor,MRI,972a80c90751ca8f91155b89bb15754bade7d9b679a48c7bfff9d9dbecd5fe7a,1
C:\Users\dondo\OneDrive\Documents\ADBU CSE(AI & ML)\5th sem\Minor Project\Project Prototype\Brain-Tumor-Minor-Project\dataset\Brain Tumor MRI images\Tumor\tumor (264).jpg,Brain Tumor MRI images/Tumor/tumor (264).jpg,1,Tumor,MRI,b6c68c197027fb06a7f0d9c16bfa4cadc29f08cb04b552fdb1c86401b2b94bf8,1
C:\Users\dondo\OneDrive\Documents\ADBU CSE(AI & ML)\5th sem\Minor Project\Project Prototype\Brain-Tumor-Minor-Project\dataset\Brain Tumor MRI images\Tumor\tumor (267).jpg,Brain Tumor MRI images/Tumor/tumor (267).jpg,1,Tumor,MRI,507c1badd5c1f2609997e5b0eae2bc5db0f0d4b7e0e2b004af188696898702e6,1
C:\Users\dondo\OneDrive\Documents\ADBU CSE(AI & ML)\5th sem\Minor Project\Project Prototype\Brain-Tumor-Minor-Project\dataset\Brain Tumor MRI images\Tumor\tumor (27).jpg,Brain Tumor MRI images/Tumor/tumor (27).jpg,1,Tumor,MRI,6f07fb6c18daa00ce1170b24f2b8d2a24ff028ebe7d841e9db419f82df659d3d,1
C:\Users\dondo\OneDrive\Documents\ADBU CSE(AI & ML)\5th sem\Minor Project\Project Prototype\Brain-Tumor-Minor-Project\dataset\Brain Tumor MRI images\Tumor\tumor (270).jpg,Brain Tumor MRI images/Tumor/tumor (270).jpg,1,Tumor,MRI,7a36e028ead55a50e44078694e583b06ab0cf5a61ab417494c9a78a7b65045db,1
C:\Users\dondo\OneDrive\Documents\ADBU CSE(AI & ML)\5th sem\Minor Project\Project Prototype\Brain-Tumor-Minor-Project\dataset\Brain Tumor MRI images\Tumor\tumor (273).jpg,Brain Tumor MRI images/Tumor/tumor (273).jpg,1,Tumor,MRI,376b4bbc48517c23a961934216a0349a8f3337148e3b301676389f9c12199c18,1
C:\Users\dondo\OneDrive\Documents\ADBU CSE(AI & ML)\5th sem\Minor Project\Project Prototype\Brain-Tumor-Minor-Project\dataset\Brain Tumor MRI images\Tumor\tumor (274).jpg,Brain Tumor MRI images/Tumor/tumor (274).jpg,1,Tumor,MRI,f7523261064ae9c86f140db1ffec5362c0310faf45f288f8adf53b2f5b169b1a,1
C:\Users\dondo\OneDrive\Documents\ADBU CSE(AI & ML)\5th sem\Minor Project\Project Prototype\Brain-Tumor-Minor-Project\dataset\Brain Tumor MRI images\Tumor\tumor (275).jpg,Brain Tumor MRI images/Tumor/tumor (275).jpg,1,Tumor,MRI,ce76b3df38a73ca92acfeb864574006db9ed2d2e3667f9132f1ae4a243fc0366,1
C:\Users\dondo\OneDrive\Documents\ADBU CSE(AI & ML)\5th sem\Minor Project\Project Prototype\Brain-Tumor-Minor-Project\dataset\Brain Tumor MRI images\Tumor\tumor (276).jpg,Brain Tumor MRI images/Tumor/tumor (276).jpg,1,Tumor,MRI,b8dcfc838427d5ea60a950363756aa620bc9af3515c4f6a643e3a4eda10e0691,1
C:\Users\dondo\OneDrive\Documents\ADBU CSE(AI & ML)\5th sem\Minor Project\Project Prototype\Brain-Tumor-Minor-Project\dataset\Brain Tumor MRI images\Tumor\tumor (279).jpg,Brain Tumor MRI images/Tumor/tumor (279).jpg,1,Tumor,MRI,91e2f32257d03fc541665a62a15da6262ebabf7443d3c55f42c68e23ceba34eb,1
C:\Users\dondo\OneDrive\Documents\ADBU CSE(AI & ML)\5th sem\Minor Project\Project Prototype\Brain-Tumor-Minor-Project\dataset\Brain Tumor MRI images\Tumor\tumor (280).jpg,Brain Tumor MRI images/Tumor/tumor (280).jpg,1,Tumor,MRI,003d923c18700d10bf68fbe5b570470252a33b8dcc4e6650bd8648058f09572c,1
C:\Users\dondo\OneDrive\Documents\ADBU CSE(AI & ML)\5th sem\Minor Project\Project Prototype\Brain-Tumor-Minor-Project\dataset\Brain Tumor MRI images\Tumor\tumor (281).jpg,Brain Tumor MRI images/Tumor/tumor (281).jpg,1,Tumor,MRI,d5e26cf6f06d1fa15caab2eb567d2dc113043d37ef61885497b8ecccd0802a6d,1
C:\Users\dondo\OneDrive\Documents\ADBU CSE(AI & ML)\5th sem\Minor Project\Project Prototype\Brain-Tumor-Minor-Project\dataset\Brain Tumor MRI images\Tumor\tumor (283).jpg,Brain Tumor MRI images/Tumor/tumor (283).jpg,1,Tumor,MRI,e33f8b7db8438f4af06b3be17df1a2672cbcc10e216dc92e39e3bd9756468536,1
C:\Users\dondo\OneDrive\Documents\ADBU CSE(AI & ML)\5th sem\Minor Project\Project Prototype\Brain-Tumor-Minor-Project\dataset\Brain Tumor MRI images\Tumor\tumor (284).jpg,Brain Tumor MRI images/Tumor/tumor (284).jpg,1,Tumor,MRI,047bb88b3a461047b4949f1bf449b8d1060583ea53a7cd955c2a662075ff94bd,1
C:\Users\dondo\OneDrive\Documents\ADBU CSE(AI & ML)\5th sem\Minor Project\Project Prototype\Brain-Tumor-Minor-Project\dataset\Brain Tumor MRI images\Tumor\tumor (285).jpg,Brain Tumor MRI images/Tumor/tumor (285).jpg,1,Tumor,MRI,03217b01407c4c90080dbe84f219660eb55db260bffcde6ae6e3563d230e684f,1
C:\Users\dondo\OneDrive\Documents\ADBU CSE(AI & ML)\5th sem\Minor Project\Project Prototype\Brain-Tumor-Minor-Project\dataset\Brain Tumor MRI images\Tumor\tumor (286).jpg,Brain Tumor MRI images/Tumor/tumor (286).jpg,1,Tumor,MRI,b4687000b707f9bcb3361f3d91bd753362f321b72f0c2c86c553bcc329dcf494,1
C:\Users\dondo\OneDrive\Documents\ADBU CSE(AI & ML)\5th sem\Minor Project\Project Prototype\Brain-Tumor-Minor-Project\dataset\Brain Tumor MRI images\Tumor\tumor (287).jpg,Brain Tumor MRI images/Tumor/tumor (287).jpg,1,Tumor,MRI,13f751b218c584b741a7b718384d3e30042e7e85dfd3656e55111f8f0c295d9d,1
C:\Users\dondo\OneDrive\Documents\ADBU CSE(AI & ML)\5th sem\Minor Project\Project Prototype\Brain-Tumor-Minor-Project\dataset\Brain Tumor MRI images\Tumor\tumor (288).jpg,Brain Tumor MRI images/Tumor/tumor (288).jpg,1,Tumor,MRI,b29b0db44331ebc0cc643c9c94b2f1870bb8efb7ce5caaa50633ee87d37aaa2e,1
C:\Users\dondo\OneDrive\Documents\ADBU CSE(AI & ML)\5th sem\Minor Project\Project Prototype\Brain-Tumor-Minor-Project\dataset\Brain Tumor MRI images\Tumor\tumor (289).jpg,Brain Tumor MRI images/Tumor/tumor (289).jpg,1,Tumor,MRI,3f253cddbe02014df5a162afee9eb329bad3b555335271b53397410a117baff6,1
C:\Users\dondo\OneDrive\Documents\ADBU CSE(AI & ML)\5th sem\Minor Project\Project Prototype\Brain-Tumor-Minor-Project\dataset\Brain Tumor MRI images\Tumor\tumor (29).jpg,Brain Tumor MRI images/Tumor/tumor (29).jpg,1,Tumor,MRI,1d3bec9e7bc6e200774538743be31a44852a570c361469537ea80195f778243c,1
C:\Users\dondo\OneDrive\Documents\ADBU CSE(AI & ML)\5th sem\Minor Project\Project Prototype\Brain-Tumor-Minor-Project\dataset\Brain Tumor MRI images\Tumor\tumor (290).jpg,Brain Tumor MRI images/Tumor/tumor (290).jpg,1,Tumor,MRI,a575292cd6496beb0d5ea4d29058a8aaa93b1af84fccb1b60ae35bdc6fe211fe,1
C:\Users\dondo\OneDrive\Documents\ADBU CSE(AI & ML)\5th sem\Minor Project\Project Prototype\Brain-Tumor-Minor-Project\dataset\Brain Tumor MRI images\Tumor\tumor (293).jpg,Brain Tumor MRI images/Tumor/tumor (293).jpg,1,Tumor,MRI,66e26f2f23fe790174e384715e58e9baa8e299960caeb87ce46b2201c1cf0549,1
C:\Users\dondo\OneDrive\Documents\ADBU CSE(AI & ML)\5th sem\Minor Project\Project Prototype\Brain-Tumor-Minor-Project\dataset\Brain Tumor MRI images\Tumor\tumor (294).jpg,Brain Tumor MRI images/Tumor/tumor (294).jpg,1,Tumor,MRI,89f1838f6e565868a3cd8dc0d17fdc1e7525c9001cdf86634ca700da2ffd2c1e,1
C:\Users\dondo\OneDrive\Documents\ADBU CSE(AI & ML)\5th sem\Minor Project\Project Prototype\Brain-Tumor-Minor-Project\dataset\Brain Tumor MRI images\Tumor\tumor (295).jpg,Brain Tumor MRI images/Tumor/tumor (295).jpg,1,Tumor,MRI,079880c6272665c57e9c4d7fe30ad374f0457ac087721e9370648b0a3d5e0fc3,1
C:\Users\dondo\OneDrive\Documents\ADBU CSE(AI & ML)\5th sem\Minor Project\Project Prototype\Brain-Tumor-Minor-Project\dataset\Brain Tumor MRI images\Tumor\tumor (296).jpg,Brain Tumor MRI images/Tumor/tumor (296).jpg,1,Tumor,MRI,d10770944c42e603dd6ebc73029984f8e1b88743739bf33fac6f0375cd1a5d85,1
C:\Users\dondo\OneDrive\Documents\ADBU CSE(AI & ML)\5th sem\Minor Project\Project Prototype\Brain-Tumor-Minor-Project\dataset\Brain Tumor MRI images\Tumor\tumor (297).jpg,Brain Tumor MRI images/Tumor/tumor (297).jpg,1,Tumor,MRI,2512f95ad9fd640be6faee7c8970fd5c2ce80b0455e4acbe7d1f161f19786631,1
C:\Users\dondo\OneDrive\Documents\ADBU CSE(AI & ML)\5th sem\Minor Project\Project Prototype\Brain-Tumor-Minor-Project\dataset\Brain Tumor MRI images\Tumor\tumor (299).jpg,Brain Tumor MRI images/Tumor/tumor (299).jpg,1,Tumor,MRI,dd9c10a9ed13c459b8f6bd8f4f7f4ea3bdfa39c7dc1f494dd333d2cb8e459187,1
C:\Users\dondo\OneDrive\Documents\ADBU CSE(AI & ML)\5th sem\Minor Project\Project Prototype\Brain-Tumor-Minor-Project\dataset\Brain Tumor MRI images\Tumor\tumor (300).jpg,Brain Tumor MRI images/Tumor/tumor (300).jpg,1,Tumor,MRI,4846bd92ea4af7c9898a214b8794c5db46b15c28b6605c7b12b9179321172499,1
C:\Users\dondo\OneDrive\Documents\ADBU CSE(AI & ML)\5th sem\Minor Project\Project Prototype\Brain-Tumor-Minor-Project\dataset\Brain Tumor MRI images\Tumor\tumor (301).jpg,Brain Tumor MRI images/Tumor/tumor (301).jpg,1,Tumor,MRI,4b2e6b1b70c39cafad402e2ec2a0979b9a3d854978676ea839036643005e858d,1
C:\Users\dondo\OneDrive\Documents\ADBU CSE(AI & ML)\5th sem\Minor Project\Project Prototype\Brain-Tumor-Minor-Project\dataset\Brain Tumor MRI images\Tumor\tumor (302).jpg,Brain Tumor MRI images/Tumor/tumor (302).jpg,1,Tumor,MRI,504598297e1fefef3344ac5b454d7acf7a3efadb2d3279d802288830c1b2f5db,1
C:\Users\dondo\OneDrive\Documents\ADBU CSE(AI & ML)\5th sem\Minor Project\Project Prototype\Brain-Tumor-Minor-Project\dataset\Brain Tumor MRI images\Tumor\tumor (304).jpg,Brain Tumor MRI images/Tumor/tumor (304).jpg,1,Tumor,MRI,ad86fa28ec4d05c5c48e64900ba7767f308836fa5a87fff4433b063bffaf63be,1
C:\Users\dondo\OneDrive\Documents\ADBU CSE(AI & ML)\5th sem\Minor Project\Project Prototype\Brain-Tumor-Minor-Project\dataset\Brain Tumor MRI images\Tumor\tumor (305).jpg,Brain Tumor MRI images/Tumor/tumor (305).jpg,1,Tumor,MRI,ba994d2be42f11700eeb34bbe755dd3596f8f374365fad42b8a6eb59ee0d8759,1
C:\Users\dondo\OneDrive\Documents\ADBU CSE(AI & ML)\5th sem\Minor Project\Project Prototype\Brain-Tumor-Minor-Project\dataset\Brain Tumor MRI images\Tumor\tumor (307).jpg,Brain Tumor MRI images/Tumor/tumor (307).jpg,1,Tumor,MRI,fecf67c7c6c8fd0bf379b16847f193995b4c87c03a6e08c13f974c881b765509,1
C:\Users\dondo\OneDrive\Documents\ADBU CSE(AI & ML)\5th sem\Minor Project\Project Prototype\Brain-Tumor-Minor-Project\dataset\Brain Tumor MRI images\Tumor\tumor (308).jpg,Brain Tumor MRI images/Tumor/tumor (308).jpg,1,Tumor,MRI,6c930de9f66942bce15716fd3dee84287e72df9c203b2504fbba7f30f8aeeed5,1
C:\Users\dondo\OneDrive\Documents\ADBU CSE(AI & ML)\5th sem\Minor Project\Project Prototype\Brain-Tumor-Minor-Project\dataset\Brain Tumor MRI images\Tumor\tumor (309).jpg,Brain Tumor MRI images/Tumor/tumor (309).jpg,1,Tumor,MRI,742305323d8028a2c55753021c2cd7283d3e964b892c88c0d8a6b8a8309d99cb,1
C:\Users\dondo\OneDrive\Documents\ADBU CSE(AI & ML)\5th sem\Minor Project\Project Prototype\Brain-Tumor-Minor-Project\dataset\Brain Tumor MRI images\Tumor\tumor (31).jpg,Brain Tumor MRI images/Tumor/tumor (31).jpg,1,Tumor,MRI,13e68717a9886f7b1c5c287218de60d67cdcad0d8f5a55942ccc1bfd87064848,1
C:\Users\dondo\OneDrive\Documents\ADBU CSE(AI & ML)\5th sem\Minor Project\Project Prototype\Brain-Tumor-Minor-Project\dataset\Brain Tumor MRI images\Tumor\tumor (310).jpg,Brain Tumor MRI images/Tumor/tumor (310).jpg,1,Tumor,MRI,76cd22d08dfacf58b618633fd3f4770fa9d71ca6d767922b28859e08a8006fb1,1
C:\Users\dondo\OneDrive\Documents\ADBU CSE(AI & ML)\5th sem\Minor Project\Project Prototype\Brain-Tumor-Minor-Project\dataset\Brain Tumor MRI images\Tumor\tumor (311).jpg,Brain Tumor MRI images/Tumor/tumor (311).jpg,1,Tumor,MRI,6348f3d7c2d2b1aa67e314d4006e03cc86b28d2b122776e4d4d17bc74dcc7b91,1
C:\Users\dondo\OneDrive\Documents\ADBU CSE(AI & ML)\5th sem\Minor Project\Project Prototype\Brain-Tumor-Minor-Project\dataset\Brain Tumor MRI images\Tumor\tumor (312).jpg,Brain Tumor MRI images/Tumor/tumor (312).jpg,1,Tumor,MRI,be8ce27cc17d1ac522526417bf5f8d710008d8e29b2e32ea6aeb72f4f70b01de,1
C:\Users\dondo\OneDrive\Documents\ADBU CSE(AI & ML)\5th sem\Minor Project\Project Prototype\Brain-Tumor-Minor-Project\dataset\Brain Tumor MRI images\Tumor\tumor (314).jpg,Brain Tumor MRI images/Tumor/tumor (314).jpg,1,Tumor,MRI,17de3b28cbc77f12a97dc475a420c9df1b7b73d4ab462438b0ae1ca6b1b328eb,1
C:\Users\dondo\OneDrive\Documents\ADBU CSE(AI & ML)\5th sem\Minor Project\Project Prototype\Brain-Tumor-Minor-Project\dataset\Brain Tumor MRI images\Tumor\tumor (315).jpg,Brain Tumor MRI images/Tumor/tumor (315).jpg,1,Tumor,MRI,b7133b72f3af9ff2d98986c732cb37bfeebc910010ccc24c6ea8481b9e11780f,1
C:\Users\dondo\OneDrive\Documents\ADBU CSE(AI & ML)\5th sem\Minor Project\Project Prototype\Brain-Tumor-Minor-Project\dataset\Brain Tumor MRI images\Tumor\tumor (318).jpg,Brain Tumor MRI images/Tumor/tumor (318).jpg,1,Tumor,MRI,afb11d657c31cd964d904585a6b1d00e4a5a6c24f60c762b16f5f0ef3448bf74,1
C:\Users\dondo\OneDrive\Documents\ADBU CSE(AI & ML)\5th sem\Minor Project\Project Prototype\Brain-Tumor-Minor-Project\dataset\Brain Tumor MRI images\Tumor\tumor (32).jpg,Brain Tumor MRI images/Tumor/tumor (32).jpg,1,Tumor,MRI,03c64db227a147688b83b23a3e1a149610315b9ddd4338f1ae14aba4b371f99c,1
C:\Users\dondo\OneDrive\Documents\ADBU CSE(AI & ML)\5th sem\Minor Project\Project Prototype\Brain-Tumor-Minor-Project\dataset\Brain Tumor MRI images\Tumor\tumor (320).jpg,Brain Tumor MRI images/Tumor/tumor (320).jpg,1,Tumor,MRI,79d2e277c89e5f5bf0d41472b717767a86f69fd4b0c55181d5f1b4e603e61068,1
C:\Users\dondo\OneDrive\Documents\ADBU CSE(AI & ML)\5th sem\Minor Project\Project Prototype\Brain-Tumor-Minor-Project\dataset\Brain Tumor MRI images\Tumor\tumor (321).jpg,Brain Tumor MRI images/Tumor/tumor (321).jpg,1,Tumor,MRI,35e6c8e8a6a1e6b6d8691175c8ec091f759045fd73bbb9543a4fe29fe1794c1a,1
C:\Users\dondo\OneDrive\Documents\ADBU CSE(AI & ML)\5th sem\Minor Project\Project Prototype\Brain-Tumor-Minor-Project\dataset\Brain Tumor MRI images\Tumor\tumor (322).jpg,Brain Tumor MRI images/Tumor/tumor (322).jpg,1,Tumor,MRI,0908d1a91ab0006895738ce3c18bf0ff0bfc8308cb9fd13fbd4b8e1766dbe0ea,1
C:\Users\dondo\OneDrive\Documents\ADBU CSE(AI & ML)\5th sem\Minor Project\Project Prototype\Brain-Tumor-Minor-Project\dataset\Brain Tumor MRI images\Tumor\tumor (323).jpg,Brain Tumor MRI images/Tumor/tumor (323).jpg,1,Tumor,MRI,e8beb567ef9fd041d85dea070642eb31e0aa80ec77edeb05a5a7f55a298e4751,1
C:\Users\dondo\OneDrive\Documents\ADBU CSE(AI & ML)\5th sem\Minor Project\Project Prototype\Brain-Tumor-Minor-Project\dataset\Brain Tumor MRI images\Tumor\tumor (326).jpg,Brain Tumor MRI images/Tumor/tumor (326).jpg,1,Tumor,MRI,88b67024fdefbff05467055188402a9036dede7e9443da9dc8474df35e4016f7,1
C:\Users\dondo\OneDrive\Documents\ADBU CSE(AI & ML)\5th sem\Minor Project\Project Prototype\Brain-Tumor-Minor-Project\dataset\Brain Tumor MRI images\Tumor\tumor (328).jpg,Brain Tumor MRI images/Tumor/tumor (328).jpg,1,Tumor,MRI,7d39842353a737627f4d47ba9e14c3b18438eb271209597cb48ba493640243b5,1
C:\Users\dondo\OneDrive\Documents\ADBU CSE(AI & ML)\5th sem\Minor Project\Project Prototype\Brain-Tumor-Minor-Project\dataset\Brain Tumor MRI images\Tumor\tumor (331).jpg,Brain Tumor MRI images/Tumor/tumor (331).jpg,1,Tumor,MRI,24f09f91af40e42f2798bbc29df353ce17e6a0c0b533fb923b2fa8f75df6b496,3
C:\Users\dondo\OneDrive\Documents\ADBU CSE(AI & ML)\5th sem\Minor Project\Project Prototype\Brain-Tumor-Minor-Project\dataset\Brain Tumor MRI images\Tumor\tumor (332).jpg,Brain Tumor MRI images/Tumor/tumor (332).jpg,1,Tumor,MRI,11873a8683abe28361c6bade8af7887b5b84ff0d3e73971b9ea38f8acfea9008,1
C:\Users\dondo\OneDrive\Documents\ADBU CSE(AI & ML)\5th sem\Minor Project\Project Prototype\Brain-Tumor-Minor-Project\dataset\Brain Tumor MRI images\Tumor\tumor (334).jpg,Brain Tumor MRI images/Tumor/tumor (334).jpg,1,Tumor,MRI,7e93bc227b48e72c38365bbc077e3ac58b5be977cce4a752e09df9f1402c22fb,1
C:\Users\dondo\OneDrive\Documents\ADBU CSE(AI & ML)\5th sem\Minor Project\Project Prototype\Brain-Tumor-Minor-Project\dataset\Brain Tumor MRI images\Tumor\tumor (335).jpg,Brain Tumor MRI images/Tumor/tumor (335).jpg,1,Tumor,MRI,1db9c81ca21c0ec3f145865ef84c439d9e3fd951b8478cef6a3a2d31a6e7c5d1,1
C:\Users\dondo\OneDrive\Documents\ADBU CSE(AI & ML)\5th sem\Minor Project\Project Prototype\Brain-Tumor-Minor-Project\dataset\Brain Tumor MRI images\Tumor\tumor (336).jpg,Brain Tumor MRI images/Tumor/tumor (336).jpg,1,Tumor,MRI,8014da7bd1038ca29824ab595a45f36d1bf1316872250c8c3110a05c74ac0d3b,1
C:\Users\dondo\OneDrive\Documents\ADBU CSE(AI & ML)\5th sem\Minor Project\Project Prototype\Brain-Tumor-Minor-Project\dataset\Brain Tumor MRI images\Tumor\tumor (341).jpg,Brain Tumor MRI images/Tumor/tumor (341).jpg,1,Tumor,MRI,4dee52eb749d6ef80648eb84b951b084a60543ad6e60e878bfb8c5d5dcfab4bd,1
C:\Users\dondo\OneDrive\Documents\ADBU CSE(AI & ML)\5th sem\Minor Project\Project Prototype\Brain-Tumor-Minor-Project\dataset\Brain Tumor MRI images\Tumor\tumor (342).jpg,Brain Tumor MRI images/Tumor/tumor (342).jpg,1,Tumor,MRI,c4eae93e7fb065a8f96e0c916bced76f23e218331d5c540451200114f1dc4084,1
C:\Users\dondo\OneDrive\Documents\ADBU CSE(AI & ML)\5th sem\Minor Project\Project Prototype\Brain-Tumor-Minor-Project\dataset\Brain Tumor MRI images\Tumor\tumor (343).jpg,Brain Tumor MRI images/Tumor/tumor (343).jpg,1,Tumor,MRI,eb9fb089c64c264e1b69fa99df94d15eaeea7fe1e1abf02067a54bb2c7831900,1
C:\Users\dondo\OneDrive\Documents\ADBU CSE(AI & ML)\5th sem\Minor Project\Project Prototype\Brain-Tumor-Minor-Project\dataset\Brain Tumor MRI images\Tumor\tumor (344).jpg,Brain Tumor MRI images/Tumor/tumor (344).jpg,1,Tumor,MRI,44c5b942e58c6d70f1c96fdc7c9b3a0b960c2d41bb74546d96006f8d588c9b03,2
C:\Users\dondo\OneDrive\Documents\ADBU CSE(AI & ML)\5th sem\Minor Project\Project Prototype\Brain-Tumor-Minor-Project\dataset\Brain Tumor MRI images\Tumor\tumor (345).jpg,Brain Tumor MRI images/Tumor/tumor (345).jpg,1,Tumor,MRI,887770a828d268a2487b833f31281d0291951557c1ecd96ed38f3e8966d0def0,1
C:\Users\dondo\OneDrive\Documents\ADBU CSE(AI & ML)\5th sem\Minor Project\Project Prototype\Brain-Tumor-Minor-Project\dataset\Brain Tumor MRI images\Tumor\tumor (347).jpg,Brain Tumor MRI images/Tumor/tumor (347).jpg,1,Tumor,MRI,7efcd87636c28a674f2abf3bc6255eb1e786c12f40e794e4a3292c7381be4f66,1
C:\Users\dondo\OneDrive\Documents\ADBU CSE(AI & ML)\5th sem\Minor Project\Project Prototype\Brain-Tumor-Minor-Project\dataset\Brain Tumor MRI images\Tumor\tumor (348).jpg,Brain Tumor MRI images/Tumor/tumor (348).jpg,1,Tumor,MRI,7aed0c5305f66cb3c67a0d617ef6e73e3f965cff91bedcc3bc074fba768d152e,1
C:\Users\dondo\OneDrive\Documents\ADBU CSE(AI & ML)\5th sem\Minor Project\Project Prototype\Brain-Tumor-Minor-Project\dataset\Brain Tumor MRI images\Tumor\tumor (35).jpg,Brain Tumor MRI images/Tumor/tumor (35).jpg,1,Tumor,MRI,d32614746b508a537ce0083fece92eab721b65b56c530d051f256a03a2599e28,1
C:\Users\dondo\OneDrive\Documents\ADBU CSE(AI & ML)\5th sem\Minor Project\Project Prototype\Brain-Tumor-Minor-Project\dataset\Brain Tumor MRI images\Tumor\tumor (351).jpg,Brain Tumor MRI images/Tumor/tumor (351).jpg,1,Tumor,MRI,8e7f03d49cb8deaee3062b08512d7aa7c9dad950828678dd03fd076f0b3f3e88,1
C:\Users\dondo\OneDrive\Documents\ADBU CSE(AI & ML)\5th sem\Minor Project\Project Prototype\Brain-Tumor-Minor-Project\dataset\Brain Tumor MRI images\Tumor\tumor (354).jpg,Brain Tumor MRI images/Tumor/tumor (354).jpg,1,Tumor,MRI,0c7d71051f276819c1811d2cd311f32cf8c4618939f1f31bc7f64fb417950dbf,1
C:\Users\dondo\OneDrive\Documents\ADBU CSE(AI & ML)\5th sem\Minor Project\Project Prototype\Brain-Tumor-Minor-Project\dataset\Brain Tumor MRI images\Tumor\tumor (356).jpg,Brain Tumor MRI images/Tumor/tumor (356).jpg,1,Tumor,MRI,989297d05b6c7b2c798c7efeccfff51fdf412e9e774b87cbe25d9f3909d49111,2
C:\Users\dondo\OneDrive\Documents\ADBU CSE(AI & ML)\5th sem\Minor Project\Project Prototype\Brain-Tumor-Minor-Project\dataset\Brain Tumor MRI images\Tumor\tumor (358).jpg,Brain Tumor MRI images/Tumor/tumor (358).jpg,1,Tumor,MRI,0393684019b077c8ca1612bffafae672b08a84ed5e66d5290eb93d541a9face9,2
C:\Users\dondo\OneDrive\Documents\ADBU CSE(AI & ML)\5th sem\Minor Project\Project Prototype\Brain-Tumor-Minor-Project\dataset\Brain Tumor MRI images\Tumor\tumor (360).jpg,Brain Tumor MRI images/Tumor/tumor (360).jpg,1,Tumor,MRI,ac3b5057b4ed5d49532b1a442243bdb6cc9e5ccf417421c0a0fbf7478a50c504,1
C:\Users\dondo\OneDrive\Documents\ADBU CSE(AI & ML)\5th sem\Minor Project\Project Prototype\Brain-Tumor-Minor-Project\dataset\Brain Tumor MRI images\Tumor\tumor (361).jpg,Brain Tumor MRI images/Tumor/tumor (361).jpg,1,Tumor,MRI,2675eef8145df6693b593880acefd680b77d1fdb3d719ed36fc478f54baea924,1
C:\Users\dondo\OneDrive\Documents\ADBU CSE(AI & ML)\5th sem\Minor Project\Project Prototype\Brain-Tumor-Minor-Project\dataset\Brain Tumor MRI images\Tumor\tumor (362).jpg,Brain Tumor MRI images/Tumor/tumor (362).jpg,1,Tumor,MRI,c8f4e6c756ce13736de8efe827079034e0265bd4dc9379f194c819c90dee49e1,2
C:\Users\dondo\OneDrive\Documents\ADBU CSE(AI & ML)\5th sem\Minor Project\Project Prototype\Brain-Tumor-Minor-Project\dataset\Brain Tumor MRI images\Tumor\tumor (364).jpg,Brain Tumor MRI images/Tumor/tumor (364).jpg,1,Tumor,MRI,5f1854d281a205eb8e3e28005722cff3dfd7679cf6e4a40221643712cdcb8d22,2
C:\Users\dondo\OneDrive\Documents\ADBU CSE(AI & ML)\5th sem\Minor Project\Project Prototype\Brain-Tumor-Minor-Project\dataset\Brain Tumor MRI images\Tumor\tumor (365).jpg,Brain Tumor MRI images/Tumor/tumor (365).jpg,1,Tumor,MRI,7175b47dfa055e75fdc07d1a044b3f05c3112581652d11f742901a7688f33d9d,1
C:\Users\dondo\OneDrive\Documents\ADBU CSE(AI & ML)\5th sem\Minor Project\Project Prototype\Brain-Tumor-Minor-Project\dataset\Brain Tumor MRI images\Tumor\tumor (368).jpg,Brain Tumor MRI images/Tumor/tumor (368).jpg,1,Tumor,MRI,6945d0818591c230af3fe1342ded9ff9e18ffd9823a084faf7eb57661a2d1bf8,1
C:\Users\dondo\OneDrive\Documents\ADBU CSE(AI & ML)\5th sem\Minor Project\Project Prototype\Brain-Tumor-Minor-Project\dataset\Brain Tumor MRI images\Tumor\tumor (369).jpg,Brain Tumor MRI images/Tumor/tumor (369).jpg,1,Tumor,MRI,7f9822e49ceddfd70c845cedeedcf12dce1f8241ada530640d6fab7ed07394c1,1
C:\Users\dondo\OneDrive\Documents\ADBU CSE(AI & ML)\5th sem\Minor Project\Project Prototype\Brain-Tumor-Minor-Project\dataset\Brain Tumor MRI images\Tumor\tumor (37).jpg,Brain Tumor MRI images/Tumor/tumor (37).jpg,1,Tumor,MRI,40c2a8d0db91f2c9b21a2e6b5aeda24e851dfee8cea54e8b40e50bc869841c9f,1
C:\Users\dondo\OneDrive\Documents\ADBU CSE(AI & ML)\5th sem\Minor Project\Project Prototype\Brain-Tumor-Minor-Project\dataset\Brain Tumor MRI images\Tumor\tumor (371).jpg,Brain Tumor MRI images/Tumor/tumor (371).jpg,1,Tumor,MRI,1957e555c80d35490e6d86481c8850fe4cd113947e7ea46b97cdd4afba6990e9,2
C:\Users\dondo\OneDrive\Documents\ADBU CSE(AI & ML)\5th sem\Minor Project\Project Prototype\Brain-Tumor-Minor-Project\dataset\Brain Tumor MRI images\Tumor\tumor (372).jpg,Brain Tumor MRI images/Tumor/tumor (372).jpg,1,Tumor,MRI,53ba53d9c8bc97e8cd55a16c809479cd825f1bc9185d4c418eca2b1a8a2f8495,1
C:\Users\dondo\OneDrive\Documents\ADBU CSE(AI & ML)\5th sem\Minor Project\Project Prototype\Brain-Tumor-Minor-Project\dataset\Brain Tumor MRI images\Tumor\tumor (374).jpg,Brain Tumor MRI images/Tumor/tumor (374).jpg,1,Tumor,MRI,04a160bcbcc9c401ab07f39f2df0447d3a9c59c2b57b4a969316b46417046a55,1
C:\Users\dondo\OneDrive\Documents\ADBU CSE(AI & ML)\5th sem\Minor Project\Project Prototype\Brain-Tumor-Minor-Project\dataset\Brain Tumor MRI images\Tumor\tumor (375).jpg,Brain Tumor MRI images/Tumor/tumor (375).jpg,1,Tumor,MRI,72772e75720098b0b3fa1ab4f4c5811f6531c1dbc1ce99bb09be6b8d01fd388d,1
C:\Users\dondo\OneDrive\Documents\ADBU CSE(AI & ML)\5th sem\Minor Project\Project Prototype\Brain-Tumor-Minor-Project\dataset\Brain Tumor MRI images\Tumor\tumor (377).jpg,Brain Tumor MRI images/Tumor/tumor (377).jpg,1,Tumor,MRI,9879d1a47ab7c12bf21c9b22a87c47089181f23e9952c505dbf242e95c9f1ff2,1
C:\Users\dondo\OneDrive\Documents\ADBU CSE(AI & ML)\5th sem\Minor Project\Project Prototype\Brain-Tumor-Minor-Project\dataset\Brain Tumor MRI images\Tumor\tumor (379).jpg,Brain Tumor MRI images/Tumor/tumor (379).jpg,1,Tumor,MRI,fccafde850490fe103983f0f1fdb9dd1c1a2b14af837c1c6b4380b59db277d8a,1
C:\Users\dondo\OneDrive\Documents\ADBU CSE(AI & ML)\5th sem\Minor Project\Project Prototype\Brain-Tumor-Minor-Project\dataset\Brain Tumor MRI images\Tumor\tumor (381).jpg,Brain Tumor MRI images/Tumor/tumor (381).jpg,1,Tumor,MRI,3389e0f8a2a8baeaa4d709d8e0ada30c18b6b7975505b4cd8156776aeb8d291e,1
C:\Users\dondo\OneDrive\Documents\ADBU CSE(AI & ML)\5th sem\Minor Project\Project Prototype\Brain-Tumor-Minor-Project\dataset\Brain Tumor MRI images\Tumor\tumor (382).jpg,Brain Tumor MRI images/Tumor/tumor (382).jpg,1,Tumor,MRI,e0d358db25462ed2907061e77a1215ab5ef2b9d490552173ab5fbd89a5fa6fcd,1
C:\Users\dondo\OneDrive\Documents\ADBU CSE(AI & ML)\5th sem\Minor Project\Project Prototype\Brain-Tumor-Minor-Project\dataset\Brain Tumor MRI images\Tumor\tumor (383).jpg,Brain Tumor MRI images/Tumor/tumor (383).jpg,1,Tumor,MRI,a21ff77f35b0dc253b49a4663d76e42402f1003e541840eddc4c4fad0fc1b0eb,1
C:\Users\dondo\OneDrive\Documents\ADBU CSE(AI & ML)\5th sem\Minor Project\Project Prototype\Brain-Tumor-Minor-Project\dataset\Brain Tumor MRI images\Tumor\tumor (384).jpg,Brain Tumor MRI images/Tumor/tumor (384).jpg,1,Tumor,MRI,f8dcc0d99971ea44a352c1deba9aa4d39836ca77b61924b7a79c5a87adb5364a,1
C:\Users\dondo\OneDrive\Documents\ADBU CSE(AI & ML)\5th sem\Minor Project\Project Prototype\Brain-Tumor-Minor-Project\dataset\Brain Tumor MRI images\Tumor\tumor (385).jpg,Brain Tumor MRI images/Tumor/tumor (385).jpg,1,Tumor,MRI,f5905c9492f81b7728f69be3050ee4413600bb35fd534b0437b47f02b6f56866,1
C:\Users\dondo\OneDrive\Documents\ADBU CSE(AI & ML)\5th sem\Minor Project\Project Prototype\Brain-Tumor-Minor-Project\dataset\Brain Tumor MRI images\Tumor\tumor (386).jpg,Brain Tumor MRI images/Tumor/tumor (386).jpg,1,Tumor,MRI,67f1a077a737645858b407a21a36edbdd42c8a51c2023306938f3fb18edfdf05,1
C:\Users\dondo\OneDrive\Documents\ADBU CSE(AI & ML)\5th sem\Minor Project\Project Prototype\Brain-Tumor-Minor-Project\dataset\Brain Tumor MRI images\Tumor\tumor (388).jpg,Brain Tumor MRI images/Tumor/tumor (388).jpg,1,Tumor,MRI,f05e30abc50d55228aa766573c16d5c185afef67197bec069b6345965a2accf7,1
C:\Users\dondo\OneDrive\Documents\ADBU CSE(AI & ML)\5th sem\Minor Project\Project Prototype\Brain-Tumor-Minor-Project\dataset\Brain Tumor MRI images\Tumor\tumor (389).jpg,Brain Tumor MRI images/Tumor/tumor (389).jpg,1,Tumor,MRI,528cac23406624f50c8f4613b4227cdb47ce088956bd3363368b211b7b212a28,2
C:\Users\dondo\OneDrive\Documents\ADBU CSE(AI & ML)\5th sem\Minor Project\Project Prototype\Brain-Tumor-Minor-Project\dataset\Brain Tumor MRI images\Tumor\tumor (390).jpg,Brain Tumor MRI images/Tumor/tumor (390).jpg,1,Tumor,MRI,3cc9e95ff309e1864d8ae698afff2c81a539022fedcd272dc0b46e98e1c368fc,1
C:\Users\dondo\OneDrive\Documents\ADBU CSE(AI & ML)\5th sem\Minor Project\Project Prototype\Brain-Tumor-Minor-Project\dataset\Brain Tumor MRI images\Tumor\tumor (391).jpg,Brain Tumor MRI images/Tumor/tumor (391).jpg,1,Tumor,MRI,7a43c34278b4e1e3c323f60ae784707e0bea986ff6ec9b935600feb3cc0e9c17,1
C:\Users\dondo\OneDrive\Documents\ADBU CSE(AI & ML)\5th sem\Minor Project\Project Prototype\Brain-Tumor-Minor-Project\dataset\Brain Tumor MRI images\Tumor\tumor (393).jpg,Brain Tumor MRI images/Tumor/tumor (393).jpg,1,Tumor,MRI,f0321a6700ed7a9e6595a2d235465a312f4de5bbac07b2d0b13b6d2721bd403c,1
C:\Users\dondo\OneDrive\Documents\ADBU CSE(AI & ML)\5th sem\Minor Project\Project Prototype\Brain-Tumor-Minor-Project\dataset\Brain Tumor MRI images\Tumor\tumor (394).jpg,Brain Tumor MRI images/Tumor/tumor (394).jpg,1,Tumor,MRI,5485d81400e8424662b8dd3c597fd85450eb58103c1dab73b3af54690c8647a6,1
C:\Users\dondo\OneDrive\Documents\ADBU CSE(AI & ML)\5th sem\Minor Project\Project Prototype\Brain-Tumor-Minor-Project\dataset\Brain Tumor MRI images\Tumor\tumor (395).jpg,Brain Tumor MRI images/Tumor/tumor (395).jpg,1,Tumor,MRI,a3a7037d0f74aaaa8f13ddefa0c3518594f0a3c690c4c356786cc37809416cb2,1
C:\Users\dondo\OneDrive\Documents\ADBU CSE(AI & ML)\5th sem\Minor Project\Project Prototype\Brain-Tumor-Minor-Project\dataset\Brain Tumor MRI images\Tumor\tumor (397).jpg,Brain Tumor MRI images/Tumor/tumor (397).jpg,1,Tumor,MRI,3c1468d8eb2ecd984f69261de8445de72e7a448ec2d095ec5a0865bd49d77019,1
C:\Users\dondo\OneDrive\Documents\ADBU CSE(AI & ML)\5th sem\Minor Project\Project Prototype\Brain-Tumor-Minor-Project\dataset\Brain Tumor MRI images\Tumor\tumor (398).jpg,Brain Tumor MRI images/Tumor/tumor (398).jpg,1,Tumor,MRI,296f0ac03b09e428c8a10d7b2b8ccc9601ddcdfbfc458dd308d88ecce9c4b644,1
C:\Users\dondo\OneDrive\Documents\ADBU CSE(AI & ML)\5th sem\Minor Project\Project Prototype\Brain-Tumor-Minor-Project\dataset\Brain Tumor MRI images\Tumor\tumor (399).jpg,Brain Tumor MRI images/Tumor/tumor (399).jpg,1,Tumor,MRI,732b052c052fea699ab9c3deff5b18eb84affd95ffaf0975c719f5d259ceb0a7,1
C:\Users\dondo\OneDrive\Documents\ADBU CSE(AI & ML)\5th sem\Minor Project\Project Prototype\Brain-Tumor-Minor-Project\dataset\Brain Tumor MRI images\Tumor\tumor (4).jpeg,Brain Tumor MRI images/Tumor/tumor (4).jpeg,1,Tumor,MRI,ba4fbb06c9cbd774cd27e66f47d00eb5945045d9d8ff7809db5b0277d6c4548c,1
C:\Users\dondo\OneDrive\Documents\ADBU CSE(AI & ML)\5th sem\Minor Project\Project Prototype\Brain-Tumor-Minor-Project\dataset\Brain Tumor MRI images\Tumor\tumor (4).jpg,Brain Tumor MRI images/Tumor/tumor (4).jpg,1,Tumor,MRI,e405c5c7e8cc8d9ec216acdc678acb03c16c4db71ca050e6e8bbbb78287c5049,1
C:\Users\dondo\OneDrive\Documents\ADBU CSE(AI & ML)\5th sem\Minor Project\Project Prototype\Brain-Tumor-Minor-Project\dataset\Brain Tumor MRI images\Tumor\tumor (40).jpg,Brain Tumor MRI images/Tumor/tumor (40).jpg,1,Tumor,MRI,7dee0edad9267549948e6a176b520596ec63ffa74189d3fa3aabd0df81ff9060,1
C:\Users\dondo\OneDrive\Documents\ADBU CSE(AI & ML)\5th sem\Minor Project\Project Prototype\Brain-Tumor-Minor-Project\dataset\Brain Tumor MRI images\Tumor\tumor (401).jpg,Brain Tumor MRI images/Tumor/tumor (401).jpg,1,Tumor,MRI,1fc820365052f94497ae7eb13a797f471bc073478c22a677c4945990458a9e49,1
C:\Users\dondo\OneDrive\Documents\ADBU CSE(AI & ML)\5th sem\Minor Project\Project Prototype\Brain-Tumor-Minor-Project\dataset\Brain Tumor MRI images\Tumor\tumor (402).jpg,Brain Tumor MRI images/Tumor/tumor (402).jpg,1,Tumor,MRI,6fb19dc4f283d82e1a19e860bc86f152135a84f4216bfee62fd9618695ed7ada,1
C:\Users\dondo\OneDrive\Documents\ADBU CSE(AI & ML)\5th sem\Minor Project\Project Prototype\Brain-Tumor-Minor-Project\dataset\Brain Tumor MRI images\Tumor\tumor (403).jpg,Brain Tumor MRI images/Tumor/tumor (403).jpg,1,Tumor,MRI,3d4e9bc9632f737a1ebe8683b299b274cde62f79a8bcf0191cbebc54e90136c0,1
C:\Users\dondo\OneDrive\Documents\ADBU CSE(AI & ML)\5th sem\Minor Project\Project Prototype\Brain-Tumor-Minor-Project\dataset\Brain Tumor MRI images\Tumor\tumor (404).jpg,Brain Tumor MRI images/Tumor/tumor (404).jpg,1,Tumor,MRI,b8c191b32f6186c59497bb579b5cda241bdce3db3ec638f637f6f2a4d438298e,1
C:\Users\dondo\OneDrive\Documents\ADBU CSE(AI & ML)\5th sem\Minor Project\Project Prototype\Brain-Tumor-Minor-Project\dataset\Brain Tumor MRI images\Tumor\tumor (406).jpg,Brain Tumor MRI images/Tumor/tumor (406).jpg,1,Tumor,MRI,0edd7205f86939ddf0c5714c562f8c293d486ff076a36f7e0b7c974319fd98ca,1
C:\Users\dondo\OneDrive\Documents\ADBU CSE(AI & ML)\5th sem\Minor Project\Project Prototype\Brain-Tumor-Minor-Project\dataset\Brain Tumor MRI images\Tumor\tumor (407).jpg,Brain Tumor MRI images/Tumor/tumor (407).jpg,1,Tumor,MRI,efeba53ac52dc6e29ea8d1fe3efece182516a433a168d61fe95fb780e452fac6,1
C:\Users\dondo\OneDrive\Documents\ADBU CSE(AI & ML)\5th sem\Minor Project\Project Prototype\Brain-Tumor-Minor-Project\dataset\Brain Tumor MRI images\Tumor\tumor (408).jpg,Brain Tumor MRI images/Tumor/tumor (408).jpg,1,Tumor,MRI,5b9cf595842206d941aef38d87fa6f10027a206f73949e9689add2738ac7a12f,1
C:\Users\dondo\OneDrive\Documents\ADBU CSE(AI & ML)\5th sem\Minor Project\Project Prototype\Brain-Tumor-Minor-Project\dataset\Brain Tumor MRI images\Tumor\tumor (41).jpg,Brain Tumor MRI images/Tumor/tumor (41).jpg,1,Tumor,MRI,6fa2b99af0b659b11424e5f34a6cf74c899d6ba38b6ee2d3d06e7cff9ed491cd,1
C:\Users\dondo\OneDrive\Documents\ADBU CSE(AI & ML)\5th sem\Minor Project\Project Prototype\Brain-Tumor-Minor-Project\dataset\Brain Tumor MRI images\Tumor\tumor (410).jpg,Brain Tumor MRI images/Tumor/tumor (410).jpg,1,Tumor,MRI,767464369d23a22110a4361dcd56d7b465cf5e07ab6e1647ce597d5bba929f17,1
C:\Users\dondo\OneDrive\Documents\ADBU CSE(AI & ML)\5th sem\Minor Project\Project Prototype\Brain-Tumor-Minor-Project\dataset\Brain Tumor MRI images\Tumor\tumor (411).jpg,Brain Tumor MRI images/Tumor/tumor (411).jpg,1,Tumor,MRI,2fb8fe8d8f3e34130dfbabd5f85740b47ff64f4c9f6f3ea5d5184c95ece1e65b,1
C:\Users\dondo\OneDrive\Documents\ADBU CSE(AI & ML)\5th sem\Minor Project\Project Prototype\Brain-Tumor-Minor-Project\dataset\Brain Tumor MRI images\Tumor\tumor (413).jpg,Brain Tumor MRI images/Tumor/tumor (413).jpg,1,Tumor,MRI,fd96f61075f420f133b29b587e13aee2367858cf827052cafcc2e2bc93cc1725,1
C:\Users\dondo\OneDrive\Documents\ADBU CSE(AI & ML)\5th sem\Minor Project\Project Prototype\Brain-Tumor-Minor-Project\dataset\Brain Tumor MRI images\Tumor\tumor (414).jpg,Brain Tumor MRI images/Tumor/tumor (414).jpg,1,Tumor,MRI,f3dc74813c4e426cf64cca43a839087afa4a6f95c9ab5e3b525ce883d59580a9,1
C:\Users\dondo\OneDrive\Documents\ADBU CSE(AI & ML)\5th sem\Minor Project\Project Prototype\Brain-Tumor-Minor-Project\dataset\Brain Tumor MRI images\Tumor\tumor (418).jpg,Brain Tumor MRI images/Tumor/tumor (418).jpg,1,Tumor,MRI,3b98d7475dce789e28566e1130ab037d0047df68495da5fdaab8a06e8089acc6,1
C:\Users\dondo\OneDrive\Documents\ADBU CSE(AI & ML)\5th sem\Minor Project\Project Prototype\Brain-Tumor-Minor-Project\dataset\Brain Tumor MRI images\Tumor\tumor (420).jpg,Brain Tumor MRI images/Tumor/tumor (420).jpg,1,Tumor,MRI,09e1ce2c903e3fdc1b11be4bce0e219654b908c0d1439a2f6d62891608c4c58c,1
C:\Users\dondo\OneDrive\Documents\ADBU CSE(AI & ML)\5th sem\Minor Project\Project Prototype\Brain-Tumor-Minor-Project\dataset\Brain Tumor MRI images\Tumor\tumor (421).jpg,Brain Tumor MRI images/Tumor/tumor (421).jpg,1,Tumor,MRI,052302e135d5193b0dc257615d4159155366c7691911cf494d881dde0b377bcf,1
C:\Users\dondo\OneDrive\Documents\ADBU CSE(AI & ML)\5th sem\Minor Project\Project Prototype\Brain-Tumor-Minor-Project\dataset\Brain Tumor MRI images\Tumor\tumor (422).jpg,Brain Tumor MRI images/Tumor/tumor (422).jpg,1,Tumor,MRI,de72e62e60b906fad89cf8a790e35ba97ee180a6d1057b7c2a7709c961ac6bbc,1
C:\Users\dondo\OneDrive\Documents\ADBU CSE(AI & ML)\5th sem\Minor Project\Project Prototype\Brain-Tumor-Minor-Project\dataset\Brain Tumor MRI images\Tumor\tumor (423).jpg,Brain Tumor MRI images/Tumor/tumor (423).jpg,1,Tumor,MRI,b20f71c8d2e9875674b2f3e3758e92b1339e5cbc5e4d02e768181c33f35159a9,1
C:\Users\dondo\OneDrive\Documents\ADBU CSE(AI & ML)\5th sem\Minor Project\Project Prototype\Brain-Tumor-Minor-Project\dataset\Brain Tumor MRI images\Tumor\tumor (424).jpg,Brain Tumor MRI images/Tumor/tumor (424).jpg,1,Tumor,MRI,e9ee20f9456d8b399e58a9aa89c7bbbc5ac973feb9ee052f0ee8f1797f980f90,1
C:\Users\dondo\OneDrive\Documents\ADBU CSE(AI & ML)\5th sem\Minor Project\Project Prototype\Brain-Tumor-Minor-Project\dataset\Brain Tumor MRI images\Tumor\tumor (428).jpg,Brain Tumor MRI images/Tumor/tumor (428).jpg,1,Tumor,MRI,96ce5b2756df90d30963a0b3fe491274d477be2307253a4ac8c9cffb5f95c2f7,1
C:\Users\dondo\OneDrive\Documents\ADBU CSE(AI & ML)\5th sem\Minor Project\Project Prototype\Brain-Tumor-Minor-Project\dataset\Brain Tumor MRI images\Tumor\tumor (429).jpg,Brain Tumor MRI images/Tumor/tumor (429).jpg,1,Tumor,MRI,5c706a6c586ce154bdc6fd3007107005b74469496982f7be068c71c6021cf08b,1
C:\Users\dondo\OneDrive\Documents\ADBU CSE(AI & ML)\5th sem\Minor Project\Project Prototype\Brain-Tumor-Minor-Project\dataset\Brain Tumor MRI images\Tumor\tumor (430).jpg,Brain Tumor MRI images/Tumor/tumor (430).jpg,1,Tumor,MRI,885cecb938c53d7f2bfe28d57b6a4f5120b6e5f3037a2f6954dd29fb1c51fd28,1
C:\Users\dondo\OneDrive\Documents\ADBU CSE(AI & ML)\5th sem\Minor Project\Project Prototype\Brain-Tumor-Minor-Project\dataset\Brain Tumor MRI images\Tumor\tumor (431).jpg,Brain Tumor MRI images/Tumor/tumor (431).jpg,1,Tumor,MRI,1157a58902cc645532fef0601dfd731b5eb8d3c97b7aa66fa429dc5c3411b6d8,1
C:\Users\dondo\OneDrive\Documents\ADBU CSE(AI & ML)\5th sem\Minor Project\Project Prototype\Brain-Tumor-Minor-Project\dataset\Brain Tumor MRI images\Tumor\tumor (432).jpg,Brain Tumor MRI images/Tumor/tumor (432).jpg,1,Tumor,MRI,c6e6747c2a90baf4477cd418595c17181ddd6c5dbd28a9d2861596d5a762a4d4,1
C:\Users\dondo\OneDrive\Documents\ADBU CSE(AI & ML)\5th sem\Minor Project\Project Prototype\Brain-Tumor-Minor-Project\dataset\Brain Tumor MRI images\Tumor\tumor (433).jpg,Brain Tumor MRI images/Tumor/tumor (433).jpg,1,Tumor,MRI,a92b123ab55c08dfd65a736ce96ee6a377dd547a7cd5c973fae03c71b9442ba7,1
C:\Users\dondo\OneDrive\Documents\ADBU CSE(AI & ML)\5th sem\Minor Project\Project Prototype\Brain-Tumor-Minor-Project\dataset\Brain Tumor MRI images\Tumor\tumor (434).jpg,Brain Tumor MRI images/Tumor/tumor (434).jpg,1,Tumor,MRI,9e909e51ad2e16c3405d90c4c566bc8f273e987c17ccb9157219e630753bda41,1
C:\Users\dondo\OneDrive\Documents\ADBU CSE(AI & ML)\5th sem\Minor Project\Project Prototype\Brain-Tumor-Minor-Project\dataset\Brain Tumor MRI images\Tumor\tumor (436).jpg,Brain Tumor MRI images/Tumor/tumor (436).jpg,1,Tumor,MRI,82f522cc9842ff1e672704d6bce678c501228f9ca819acc1d451e08b8c42596d,1
C:\Users\dondo\OneDrive\Documents\ADBU CSE(AI & ML)\5th sem\Minor Project\Project Prototype\Brain-Tumor-Minor-Project\dataset\Brain Tumor MRI images\Tumor\tumor (437).jpg,Brain Tumor MRI images/Tumor/tumor (437).jpg,1,Tumor,MRI,7c22cfafcc7fda2242a65bbd1cf9b6e81ebaa189166cd60ea98f3555a08519cb,1
C:\Users\dondo\OneDrive\Documents\ADBU CSE(AI & ML)\5th sem\Minor Project\Project Prototype\Brain-Tumor-Minor-Project\dataset\Brain Tumor MRI images\Tumor\tumor (438).jpg,Brain Tumor MRI images/Tumor/tumor (438).jpg,1,Tumor,MRI,2e54360d9e94b798df3c643033976439f052349b30b86d1c5eb615e588ffe3fc,1
C:\Users\dondo\OneDrive\Documents\ADBU CSE(AI & ML)\5th sem\Minor Project\Project Prototype\Brain-Tumor-Minor-Project\dataset\Brain Tumor MRI images\Tumor\tumor (439).jpg,Brain Tumor MRI images/Tumor/tumor (439).jpg,1,Tumor,MRI,51638eb9eddc111fb650b3d6a3fe0af81c55f37e8ca7ef06d5457eb3dcb4bc99,1
C:\Users\dondo\OneDrive\Documents\ADBU CSE(AI & ML)\5th sem\Minor Project\Project Prototype\Brain-Tumor-Minor-Project\dataset\Brain Tumor MRI images\Tumor\tumor (44).jpg,Brain Tumor MRI images/Tumor/tumor (44).jpg,1,Tumor,MRI,25964e794a8d93ed6360b3b416d863506f49246ff3759331aa42bfd29c3c4a09,1
C:\Users\dondo\OneDrive\Documents\ADBU CSE(AI & ML)\5th sem\Minor Project\Project Prototype\Brain-Tumor-Minor-Project\dataset\Brain Tumor MRI images\Tumor\tumor (440).jpg,Brain Tumor MRI images/Tumor/tumor (440).jpg,1,Tumor,MRI,25b6f16fc01e08a2ab13a238bb19185204a62a55c42cc595abdfeded1ca590f3,1
C:\Users\dondo\OneDrive\Documents\ADBU CSE(AI & ML)\5th sem\Minor Project\Project Prototype\Brain-Tumor-Minor-Project\dataset\Brain Tumor MRI images\Tumor\tumor (441).jpg,Brain Tumor MRI images/Tumor/tumor (441).jpg,1,Tumor,MRI,4f9ae54e2d77e9e5023430e9dd1633242aac23a2aecfca5bb56b0c14f47a834b,1
C:\Users\dondo\OneDrive\Documents\ADBU CSE(AI & ML)\5th sem\Minor Project\Project Prototype\Brain-Tumor-Minor-Project\dataset\Brain Tumor MRI images\Tumor\tumor (442).jpg,Brain Tumor MRI images/Tumor/tumor (442).jpg,1,Tumor,MRI,6fb2c3864c8bd27fcb53c90374bc88863adaec34767bd49216c445c8db0f5032,1
C:\Users\dondo\OneDrive\Documents\ADBU CSE(AI & ML)\5th sem\Minor Project\Project Prototype\Brain-Tumor-Minor-Project\dataset\Brain Tumor MRI images\Tumor\tumor (443).jpg,Brain Tumor MRI images/Tumor/tumor (443).jpg,1,Tumor,MRI,0b5840925c87ef6303806b1bda39a2050c94b72cbd1d6c801ff1696f9af76f44,1
C:\Users\dondo\OneDrive\Documents\ADBU CSE(AI & ML)\5th sem\Minor Project\Project Prototype\Brain-Tumor-Minor-Project\dataset\Brain Tumor MRI images\Tumor\tumor (444).jpg,Brain Tumor MRI images/Tumor/tumor (444).jpg,1,Tumor,MRI,6d87796fb7f45343afa6f86d1de3b34a8e9353fe88f58a57efd621f3feedf3be,1
C:\Users\dondo\OneDrive\Documents\ADBU CSE(AI & ML)\5th sem\Minor Project\Project Prototype\Brain-Tumor-Minor-Project\dataset\Brain Tumor MRI images\Tumor\tumor (445).jpg,Brain Tumor MRI images/Tumor/tumor (445).jpg,1,Tumor,MRI,71453db46b5e828317c7af421754e4f5c330bd0c9809b0f5b4cc379f9fd12203,1
C:\Users\dondo\OneDrive\Documents\ADBU CSE(AI & ML)\5th sem\Minor Project\Project Prototype\Brain-Tumor-Minor-Project\dataset\Brain Tumor MRI images\Tumor\tumor (446).jpg,Brain Tumor MRI images/Tumor/tumor (446).jpg,1,Tumor,MRI,915e846e6a88989837e1908c4ff14d5cef48d2a1a4972710e43dd873da170f65,1
C:\Users\dondo\OneDrive\Documents\ADBU CSE(AI & ML)\5th sem\Minor Project\Project Prototype\Brain-Tumor-Minor-Project\dataset\Brain Tumor MRI images\Tumor\tumor (447).jpg,Brain Tumor MRI images/Tumor/tumor (447).jpg,1,Tumor,MRI,36f9eb52d7a1388bb5be74df3506c848be26e74b82fb19dfed0d106e7c8365e9,1
C:\Users\dondo\OneDrive\Documents\ADBU CSE(AI & ML)\5th sem\Minor Project\Project Prototype\Brain-Tumor-Minor-Project\dataset\Brain Tumor MRI images\Tumor\tumor (449).jpg,Brain Tumor MRI images/Tumor/tumor (449).jpg,1,Tumor,MRI,b00b285ad24f536b0bf44291d2706ea81dd75fc7a2d65c7c1d6649b688060531,1
C:\Users\dondo\OneDrive\Documents\ADBU CSE(AI & ML)\5th sem\Minor Project\Project Prototype\Brain-Tumor-Minor-Project\dataset\Brain Tumor MRI images\Tumor\tumor (45).jpg,Brain Tumor MRI images/Tumor/tumor (45).jpg,1,Tumor,MRI,c84ce013da39a62569150455442181580ce04eb18c91b4d254c6bbdd7b31c792,1
C:\Users\dondo\OneDrive\Documents\ADBU CSE(AI & ML)\5th sem\Minor Project\Project Prototype\Brain-Tumor-Minor-Project\dataset\Brain Tumor MRI images\Tumor\tumor (451).jpg,Brain Tumor MRI images/Tumor/tumor (451).jpg,1,Tumor,MRI,0eb2c2d68b0be8288ad9aee320b38ab0843a5275b91c5647faee0a26b828a636,1
C:\Users\dondo\OneDrive\Documents\ADBU CSE(AI & ML)\5th sem\Minor Project\Project Prototype\Brain-Tumor-Minor-Project\dataset\Brain Tumor MRI images\Tumor\tumor (452).jpg,Brain Tumor MRI images/Tumor/tumor (452).jpg,1,Tumor,MRI,b3d9645a1c1beb542ff1dcdbd358bfc892e22b2d99e2ee0625c7d6107bf73f4b,1
C:\Users\dondo\OneDrive\Documents\ADBU CSE(AI & ML)\5th sem\Minor Project\Project Prototype\Brain-Tumor-Minor-Project\dataset\Brain Tumor MRI images\Tumor\tumor (453).jpg,Brain Tumor MRI images/Tumor/tumor (453).jpg,1,Tumor,MRI,09ab8d7d982f9d699b66ed9bbbaaf0e0d91c48d214931ac4a696498fbed78bc5,1
C:\Users\dondo\OneDrive\Documents\ADBU CSE(AI & ML)\5th sem\Minor Project\Project Prototype\Brain-Tumor-Minor-Project\dataset\Brain Tumor MRI images\Tumor\tumor (455).jpg,Brain Tumor MRI images/Tumor/tumor (455).jpg,1,Tumor,MRI,ee7148579fbe1c972f85d39057192e7c8ec89c1b0664c2e2208d1706d3e378fc,1
C:\Users\dondo\OneDrive\Documents\ADBU CSE(AI & ML)\5th sem\Minor Project\Project Prototype\Brain-Tumor-Minor-Project\dataset\Brain Tumor MRI images\Tumor\tumor (457).jpg,Brain Tumor MRI images/Tumor/tumor (457).jpg,1,Tumor,MRI,9cc871b2ba543965965d648db45cb2003a22b159ff43c119958efc8deacf43fc,1
C:\Users\dondo\OneDrive\Documents\ADBU CSE(AI & ML)\5th sem\Minor Project\Project Prototype\Brain-Tumor-Minor-Project\dataset\Brain Tumor MRI images\Tumor\tumor (458).jpg,Brain Tumor MRI images/Tumor/tumor (458).jpg,1,Tumor,MRI,2488964d32e3cbd0a7828aaf56233fa2b5240da59cf564a065e57874195ee903,1
C:\Users\dondo\OneDrive\Documents\ADBU CSE(AI & ML)\5th sem\Minor Project\Project Prototype\Brain-Tumor-Minor-Project\dataset\Brain Tumor MRI images\Tumor\tumor (46).jpg,Brain Tumor MRI images/Tumor/tumor (46).jpg,1,Tumor,MRI,0ed16a34ff09dac0e44101c700208f43b35139bd786d7fb11302555f31122d83,1
C:\Users\dondo\OneDrive\Documents\ADBU CSE(AI & ML)\5th sem\Minor Project\Project Prototype\Brain-Tumor-Minor-Project\dataset\Brain Tumor MRI images\Tumor\tumor (460).jpg,Brain Tumor MRI images/Tumor/tumor (460).jpg,1,Tumor,MRI,b138d88411171d7cbd74b88c641461100f88475c97bab91003d33d4277b6a5e5,1
C:\Users\dondo\OneDrive\Documents\ADBU CSE(AI & ML)\5th sem\Minor Project\Project Prototype\Brain-Tumor-Minor-Project\dataset\Brain Tumor MRI images\Tumor\tumor (461).jpg,Brain Tumor MRI images/Tumor/tumor (461).jpg,1,Tumor,MRI,d19a72e0c3a14ed794fe7d2fc72a60100df29529230fb31ec8806b0b7d1a5e1b,1
C:\Users\dondo\OneDrive\Documents\ADBU CSE(AI & ML)\5th sem\Minor Project\Project Prototype\Brain-Tumor-Minor-Project\dataset\Brain Tumor MRI images\Tumor\tumor (462).jpg,Brain Tumor MRI images/Tumor/tumor (462).jpg,1,Tumor,MRI,59d126ae8e7905ed3f2d863551bf532f74ad5cb03643c5ff317df887930900ea,1
C:\Users\dondo\OneDrive\Documents\ADBU CSE(AI & ML)\5th sem\Minor Project\Project Prototype\Brain-Tumor-Minor-Project\dataset\Brain Tumor MRI images\Tumor\tumor (465).jpg,Brain Tumor MRI images/Tumor/tumor (465).jpg,1,Tumor,MRI,e06a67a62fba68810ad4b4b9292049a651ab362718d7240b8bf078c34844f6bc,1
C:\Users\dondo\OneDrive\Documents\ADBU CSE(AI & ML)\5th sem\Minor Project\Project Prototype\Brain-Tumor-Minor-Project\dataset\Brain Tumor MRI images\Tumor\tumor (467).jpg,Brain Tumor MRI images/Tumor/tumor (467).jpg,1,Tumor,MRI,a7e761aacfb8fade13fdb56bb5c42d15109d22358271c205eb65679432031ed1,1
C:\Users\dondo\OneDrive\Documents\ADBU CSE(AI & ML)\5th sem\Minor Project\Project Prototype\Brain-Tumor-Minor-Project\dataset\Brain Tumor MRI images\Tumor\tumor (468).jpg,Brain Tumor MRI images/Tumor/tumor (468).jpg,1,Tumor,MRI,3560a0d4f72cd975ff70205f57562f6ae5ae2ca4acab513812a3b522a9b9a5bf,1
C:\Users\dondo\OneDrive\Documents\ADBU CSE(AI & ML)\5th sem\Minor Project\Project Prototype\Brain-Tumor-Minor-Project\dataset\Brain Tumor MRI images\Tumor\tumor (469).jpg,Brain Tumor MRI images/Tumor/tumor (469).jpg,1,Tumor,MRI,9803bc82ec9bcedc169547de2a8c169eb7e51d809c1c19a408c2c4e1ddc1a22e,1
C:\Users\dondo\OneDrive\Documents\ADBU CSE(AI & ML)\5th sem\Minor Project\Project Prototype\Brain-Tumor-Minor-Project\dataset\Brain Tumor MRI images\Tumor\tumor (47).jpg,Brain Tumor MRI images/Tumor/tumor (47).jpg,1,Tumor,MRI,d6bef8939d870d95409530a93fcd7893d436ea40f8d34bc155baf47b99a04e57,1
C:\Users\dondo\OneDrive\Documents\ADBU CSE(AI & ML)\5th sem\Minor Project\Project Prototype\Brain-Tumor-Minor-Project\dataset\Brain Tumor MRI images\Tumor\tumor (471).jpg,Brain Tumor MRI images/Tumor/tumor (471).jpg,1,Tumor,MRI,8903c891157b9a6daaeddc06598655e5c94581fb98494fe51631d2aacb1167a5,1
C:\Users\dondo\OneDrive\Documents\ADBU CSE(AI & ML)\5th sem\Minor Project\Project Prototype\Brain-Tumor-Minor-Project\dataset\Brain Tumor MRI images\Tumor\tumor (473).jpg,Brain Tumor MRI images/Tumor/tumor (473).jpg,1,Tumor,MRI,8b950ae4ea8eea30c7de353071c40758c064707f9549b6cbbf39699726af94b2,1
C:\Users\dondo\OneDrive\Documents\ADBU CSE(AI & ML)\5th sem\Minor Project\Project Prototype\Brain-Tumor-Minor-Project\dataset\Brain Tumor MRI images\Tumor\tumor (474).jpg,Brain Tumor MRI images/Tumor/tumor (474).jpg,1,Tumor,MRI,7bc72f6ff0862559cc337c538f8f968fa599b2c5d2efe0f1fa14ac029e69bd54,1
C:\Users\dondo\OneDrive\Documents\ADBU CSE(AI & ML)\5th sem\Minor Project\Project Prototype\Brain-Tumor-Minor-Project\dataset\Brain Tumor MRI images\Tumor\tumor (475).jpg,Brain Tumor MRI images/Tumor/tumor (475).jpg,1,Tumor,MRI,54efcb01b46c90f1ff109a201fd953332a6f2511ed05f6af0f6977fb0cb563a6,1
C:\Users\dondo\OneDrive\Documents\ADBU CSE(AI & ML)\5th sem\Minor Project\Project Prototype\Brain-Tumor-Minor-Project\dataset\Brain Tumor MRI images\Tumor\tumor (476).jpg,Brain Tumor MRI images/Tumor/tumor (476).jpg,1,Tumor,MRI,48aae09aefec0aa581048c85064a62c5f4ff1697dd75e18c06acef9a7ddb9668,1
C:\Users\dondo\OneDrive\Documents\ADBU CSE(AI & ML)\5th sem\Minor Project\Project Prototype\Brain-Tumor-Minor-Project\dataset\Brain Tumor MRI images\Tumor\tumor (477).jpg,Brain Tumor MRI images/Tumor/tumor (477).jpg,1,Tumor,MRI,7b7021431a20ad94647f6dd1774a39cd20b6b70d562017082080202a1d41da41,1
C:\Users\dondo\OneDrive\Documents\ADBU CSE(AI & ML)\5th sem\Minor Project\Project Prototype\Brain-Tumor-Minor-Project\dataset\Brain Tumor MRI images\Tumor\tumor (478).jpg,Brain Tumor MRI images/Tumor/tumor (478).jpg,1,Tumor,MRI,2191aac794a01752c0b147c3bf7985ce1a07c52849f0df930709701e873c396c,1
C:\Users\dondo\OneDrive\Documents\ADBU CSE(AI & ML)\5th sem\Minor Project\Project Prototype\Brain-Tumor-Minor-Project\dataset\Brain Tumor MRI images\Tumor\tumor (48).jpg,Brain Tumor MRI images/Tumor/tumor (48).jpg,1,Tumor,MRI,42fa87c73e2ffa632a6a9c779f814197fe4053558e6f30fb6736134520ac1986,1
C:\Users\dondo\OneDrive\Documents\ADBU CSE(AI & ML)\5th sem\Minor Project\Project Prototype\Brain-Tumor-Minor-Project\dataset\Brain Tumor MRI images\Tumor\tumor (483).jpg,Brain Tumor MRI images/Tumor/tumor (483).jpg,1,Tumor,MRI,cc6908b6ebd23f1243683283919101c89d46a1cf190c56b3a99c66e439a98e36,1
C:\Users\dondo\OneDrive\Documents\ADBU CSE(AI & ML)\5th sem\Minor Project\Project Prototype\Brain-Tumor-Minor-Project\dataset\Brain Tumor MRI images\Tumor\tumor (484).jpg,Brain Tumor MRI images/Tumor/tumor (484).jpg,1,Tumor,MRI,ea5ff865c7410ee161d29dee0961f4af1bdadb792edf1224097559198803868c,1
C:\Users\dondo\OneDrive\Documents\ADBU CSE(AI & ML)\5th sem\Minor Project\Project Prototype\Brain-Tumor-Minor-Project\dataset\Brain Tumor MRI images\Tumor\tumor (485).jpg,Brain Tumor MRI images/Tumor/tumor (485).jpg,1,Tumor,MRI,bae7c6b71956a61a22b99808a0918d1558f05da698648165ef8c26a6670b8398,1
C:\Users\dondo\OneDrive\Documents\ADBU CSE(AI & ML)\5th sem\Minor Project\Project Prototype\Brain-Tumor-Minor-Project\dataset\Brain Tumor MRI images\Tumor\tumor (488).jpg,Brain Tumor MRI images/Tumor/tumor (488).jpg,1,Tumor,MRI,e5680259fadddd27a14e82cb701a5414ed5df292db813ef20e36d0aa5831e313,1
C:\Users\dondo\OneDrive\Documents\ADBU CSE(AI & ML)\5th sem\Minor Project\Project Prototype\Brain-Tumor-Minor-Project\dataset\Brain Tumor MRI images\Tumor\tumor (489).jpg,Brain Tumor MRI images/Tumor/tumor (489).jpg,1,Tumor,MRI,8fa0f1b0bad36d5bd71216ede76d56161464a390dd2600b0b1cbb81038188c39,1
C:\Users\dondo\OneDrive\Documents\ADBU CSE(AI & ML)\5th sem\Minor Project\Project Prototype\Brain-Tumor-Minor-Project\dataset\Brain Tumor MRI images\Tumor\tumor (49).jpg,Brain Tumor MRI images/Tumor/tumor (49).jpg,1,Tumor,MRI,033096d009ebba0f25c1f08d74ddd7e7bbe45edbb6c616cb36690d322213139d,1
C:\Users\dondo\OneDrive\Documents\ADBU CSE(AI & ML)\5th sem\Minor Project\Project Prototype\Brain-Tumor-Minor-Project\dataset\Brain Tumor MRI images\Tumor\tumor (492).jpg,Brain Tumor MRI images/Tumor/tumor (492).jpg,1,Tumor,MRI,556f561ec1c7743e7a8dfec5de7d34c0ab28e60352c21c677b2bb7354baeff1f,1
C:\Users\dondo\OneDrive\Documents\ADBU CSE(AI & ML)\5th sem\Minor Project\Project Prototype\Brain-Tumor-Minor-Project\dataset\Brain Tumor MRI images\Tumor\tumor (493).jpg,Brain Tumor MRI images/Tumor/tumor (493).jpg,1,Tumor,MRI,99f6632afb9629ee8b0f9994a819e797ff7f1513c471da4fda70e81420eb6f51,1
C:\Users\dondo\OneDrive\Documents\ADBU CSE(AI & ML)\5th sem\Minor Project\Project Prototype\Brain-Tumor-Minor-Project\dataset\Brain Tumor MRI images\Tumor\tumor (495).jpg,Brain Tumor MRI images/Tumor/tumor (495).jpg,1,Tumor,MRI,f260fc621e5ae555a5eaaab2dcb29d491386a3849191b0ff9556bdf18a5ada76,1
C:\Users\dondo\OneDrive\Documents\ADBU CSE(AI & ML)\5th sem\Minor Project\Project Prototype\Brain-Tumor-Minor-Project\dataset\Brain Tumor MRI images\Tumor\tumor (496).jpg,Brain Tumor MRI images/Tumor/tumor (496).jpg,1,Tumor,MRI,b27ac167c8160d312a57ec533957914bb1a29c2ebd1b6670449cd8ddbe987e2e,1
C:\Users\dondo\OneDrive\Documents\ADBU CSE(AI & ML)\5th sem\Minor Project\Project Prototype\Brain-Tumor-Minor-Project\dataset\Brain Tumor MRI images\Tumor\tumor (497).jpg,Brain Tumor MRI images/Tumor/tumor (497).jpg,1,Tumor,MRI,7ae82ad05ee2fd7dc4d6ee5f4793ac4fc8c416bba68b698a2df7d59d76b1cd2b,1
C:\Users\dondo\OneDrive\Documents\ADBU CSE(AI & ML)\5th sem\Minor Project\Project Prototype\Brain-Tumor-Minor-Project\dataset\Brain Tumor MRI images\Tumor\tumor (5).jpeg,Brain Tumor MRI images/Tumor/tumor (5).jpeg,1,Tumor,MRI,bfdecb6c85f9da2ca56f58918d91bab0d87e11eee7634e631120ea1e37cdcf4f,1
C:\Users\dondo\OneDrive\Documents\ADBU CSE(AI & ML)\5th sem\Minor Project\Project Prototype\Brain-Tumor-Minor-Project\dataset\Brain Tumor MRI images\Tumor\tumor (5).jpg,Brain Tumor MRI images/Tumor/tumor (5).jpg,1,Tumor,MRI,f92bcdd4d79ff0a7518cc7a69bfe5b1da160f915207eba26b0125e261ddb2e48,1
C:\Users\dondo\OneDrive\Documents\ADBU CSE(AI & ML)\5th sem\Minor Project\Project Prototype\Brain-Tumor-Minor-Project\dataset\Brain Tumor MRI images\Tumor\tumor (50).jpg,Brain Tumor MRI images/Tumor/tumor (50).jpg,1,Tumor,MRI,e313d8849f154d3c5f6947fe6e72200a7fa288026efdb677fda35bf74caa4a60,1
C:\Users\dondo\OneDrive\Documents\ADBU CSE(AI & ML)\5th sem\Minor Project\Project Prototype\Brain-Tumor-Minor-Project\dataset\Brain Tumor MRI images\Tumor\tumor (501).jpg,Brain Tumor MRI images/Tumor/tumor (501).jpg,1,Tumor,MRI,ce8b974baddb2dc8bac4115b3f5c9c3006cd7a0134c3722906ef5c08d3294150,1
C:\Users\dondo\OneDrive\Documents\ADBU CSE(AI & ML)\5th sem\Minor Project\Project Prototype\Brain-Tumor-Minor-Project\dataset\Brain Tumor MRI images\Tumor\tumor (502).jpg,Brain Tumor MRI images/Tumor/tumor (502).jpg,1,Tumor,MRI,1f8de2ac3bde04fbeeafe1d774b248297d76d5e9721408c96e9892d5a3acc218,1
C:\Users\dondo\OneDrive\Documents\ADBU CSE(AI & ML)\5th sem\Minor Project\Project Prototype\Brain-Tumor-Minor-Project\dataset\Brain Tumor MRI images\Tumor\tumor (510).jpg,Brain Tumor MRI images/Tumor/tumor (510).jpg,1,Tumor,MRI,b59d01fe0c847a7647f905d8a7e4efca2cba06d0bca161540334ee600f400723,1
C:\Users\dondo\OneDrive\Documents\ADBU CSE(AI & ML)\5th sem\Minor Project\Project Prototype\Brain-Tumor-Minor-Project\dataset\Brain Tumor MRI images\Tumor\tumor (511).jpg,Brain Tumor MRI images/Tumor/tumor (511).jpg,1,Tumor,MRI,fe9a521194f1dc36568a0a448069a0b8f37e6ed6a1fd29d06bbbed8b38c5e68a,1
C:\Users\dondo\OneDrive\Documents\ADBU CSE(AI & ML)\5th sem\Minor Project\Project Prototype\Brain-Tumor-Minor-Project\dataset\Brain Tumor MRI images\Tumor\tumor (512).jpg,Brain Tumor MRI images/Tumor/tumor (512).jpg,1,Tumor,MRI,a372d8c6924c24613af73093d77cd978330f6eac3efc17af86aa9442f941c2d0,1
C:\Users\dondo\OneDrive\Documents\ADBU CSE(AI & ML)\5th sem\Minor Project\Project Prototype\Brain-Tumor-Minor-Project\dataset\Brain Tumor MRI images\Tumor\tumor (514).jpg,Brain Tumor MRI images/Tumor/tumor (514).jpg,1,Tumor,MRI,d26f37de4f6139ac174fa680e0d2e60d3afa4b1cdd5fa5d6aeb569a191db5efa,1
C:\Users\dondo\OneDrive\Documents\ADBU CSE(AI & ML)\5th sem\Minor Project\Project Prototype\Brain-Tumor-Minor-Project\dataset\Brain Tumor MRI images\Tumor\tumor (515).jpg,Brain Tumor MRI images/Tumor/tumor (515).jpg,1,Tumor,MRI,e8494979800b90e7046ac8933b067e8e181f2719abe7efa667c61946534b8eb0,1
C:\Users\dondo\OneDrive\Documents\ADBU CSE(AI & ML)\5th sem\Minor Project\Project Prototype\Brain-Tumor-Minor-Project\dataset\Brain Tumor MRI images\Tumor\tumor (516).jpg,Brain Tumor MRI images/Tumor/tumor (516).jpg,1,Tumor,MRI,d72d10761864d0db4c9d18b312f0cb08ee026d99d15ba6aebf750b3214a37051,1
C:\Users\dondo\OneDrive\Documents\ADBU CSE(AI & ML)\5th sem\Minor Project\Project Prototype\Brain-Tumor-Minor-Project\dataset\Brain Tumor MRI images\Tumor\tumor (52).jpg,Brain Tumor MRI images/Tumor/tumor (52).jpg,1,Tumor,MRI,1b685972da7d4a295d49f1636c609249cb772eb17dc155cbabb95c9dde6616da,1
C:\Users\dondo\OneDrive\Documents\ADBU CSE(AI & ML)\5th sem\Minor Project\Project Prototype\Brain-Tumor-Minor-Project\dataset\Brain Tumor MRI images\Tumor\tumor (520).jpg,Brain Tumor MRI images/Tumor/tumor (520).jpg,1,Tumor,MRI,f3dea2b9dca650c21e73ec616f66a6ea251c5417c6f34c133e165c2e3f231803,1
C:\Users\dondo\OneDrive\Documents\ADBU CSE(AI & ML)\5th sem\Minor Project\Project Prototype\Brain-Tumor-Minor-Project\dataset\Brain Tumor MRI images\Tumor\tumor (521).jpg,Brain Tumor MRI images/Tumor/tumor (521).jpg,1,Tumor,MRI,f66da3f36e67589ec865f439cf26218191ddff2675d049f21daef8ef5ba776b2,1
C:\Users\dondo\OneDrive\Documents\ADBU CSE(AI & ML)\5th sem\Minor Project\Project Prototype\Brain-Tumor-Minor-Project\dataset\Brain Tumor MRI images\Tumor\tumor (522).jpg,Brain Tumor MRI images/Tumor/tumor (522).jpg,1,Tumor,MRI,535a2baf2db7beb8640c031591f764e33e66f48ed86dedb8f75792ef297a49c0,1
C:\Users\dondo\OneDrive\Documents\ADBU CSE(AI & ML)\5th sem\Minor Project\Project Prototype\Brain-Tumor-Minor-Project\dataset\Brain Tumor MRI images\Tumor\tumor (524).jpg,Brain Tumor MRI images/Tumor/tumor (524).jpg,1,Tumor,MRI,bb255925d1926b4c8a6f92d08a8aa75976b47e1925e47f81bab67631d4360e2a,1
C:\Users\dondo\OneDrive\Documents\ADBU CSE(AI & ML)\5th sem\Minor Project\Project Prototype\Brain-Tumor-Minor-Project\dataset\Brain Tumor MRI images\Tumor\tumor (527).jpg,Brain Tumor MRI images/Tumor/tumor (527).jpg,1,Tumor,MRI,f6c0966fcc0e652b009142f1462f65fde9565268a4803ad52ab6b2ecd240fb1e,1
C:\Users\dondo\OneDrive\Documents\ADBU CSE(AI & ML)\5th sem\Minor Project\Project Prototype\Brain-Tumor-Minor-Project\dataset\Brain Tumor MRI images\Tumor\tumor (528).jpg,Brain Tumor MRI images/Tumor/tumor (528).jpg,1,Tumor,MRI,f6e7d095f7bab27e10854c4d8d4ed1f1b8a00267e959ded7deb8d89796672ac9,1
C:\Users\dondo\OneDrive\Documents\ADBU CSE(AI & ML)\5th sem\Minor Project\Project Prototype\Brain-Tumor-Minor-Project\dataset\Brain Tumor MRI images\Tumor\tumor (529).jpg,Brain Tumor MRI images/Tumor/tumor (529).jpg,1,Tumor,MRI,28208e4331cf46fc55b530573828835e7137b36387517ee1aba6a2724ac486f0,1
C:\Users\dondo\OneDrive\Documents\ADBU CSE(AI & ML)\5th sem\Minor Project\Project Prototype\Brain-Tumor-Minor-Project\dataset\Brain Tumor MRI images\Tumor\tumor (530).jpg,Brain Tumor MRI images/Tumor/tumor (530).jpg,1,Tumor,MRI,1d5709ad9190b07ffb337246963c18fdc355f6d4a964d51825aabf474cd7ec82,1
C:\Users\dondo\OneDrive\Documents\ADBU CSE(AI & ML)\5th sem\Minor Project\Project Prototype\Brain-Tumor-Minor-Project\dataset\Brain Tumor MRI images\Tumor\tumor (531).jpg,Brain Tumor MRI images/Tumor/tumor (531).jpg,1,Tumor,MRI,46f9052c034db957c95bd30de2bc63a2da16044dc2f698d62aa66b2f4973d4c7,1
C:\Users\dondo\OneDrive\Documents\ADBU CSE(AI & ML)\5th sem\Minor Project\Project Prototype\Brain-Tumor-Minor-Project\dataset\Brain Tumor MRI images\Tumor\tumor (532).jpg,Brain Tumor MRI images/Tumor/tumor (532).jpg,1,Tumor,MRI,ef1523785fc28ae76340f831e45b824916ba0b8697360dff051937802ee718f0,1
C:\Users\dondo\OneDrive\Documents\ADBU CSE(AI & ML)\5th sem\Minor Project\Project Prototype\Brain-Tumor-Minor-Project\dataset\Brain Tumor MRI images\Tumor\tumor (533).jpg,Brain Tumor MRI images/Tumor/tumor (533).jpg,1,Tumor,MRI,bd03822a12050320ef712ef0b6e12146dc41b50e68dd6555a2721669546909c8,1
C:\Users\dondo\OneDrive\Documents\ADBU CSE(AI & ML)\5th sem\Minor Project\Project Prototype\Brain-Tumor-Minor-Project\dataset\Brain Tumor MRI images\Tumor\tumor (535).jpg,Brain Tumor MRI images/Tumor/tumor (535).jpg,1,Tumor,MRI,a2cca123ea78706db2802de90980a32d97e84eeaf0a4b08b5af4e5d4f73519bd,1
C:\Users\dondo\OneDrive\Documents\ADBU CSE(AI & ML)\5th sem\Minor Project\Project Prototype\Brain-Tumor-Minor-Project\dataset\Brain Tumor MRI images\Tumor\tumor (536).jpg,Brain Tumor MRI images/Tumor/tumor (536).jpg,1,Tumor,MRI,e4cf760997fa3b39d5834843362ac514b89e4d3b7192aadea5ef8872bb57b358,1
C:\Users\dondo\OneDrive\Documents\ADBU CSE(AI & ML)\5th sem\Minor Project\Project Prototype\Brain-Tumor-Minor-Project\dataset\Brain Tumor MRI images\Tumor\tumor (537).jpg,Brain Tumor MRI images/Tumor/tumor (537).jpg,1,Tumor,MRI,b34810d0804622c37395da5bdda94a935c636de31b45e267902bedbf8dbc2803,1
C:\Users\dondo\OneDrive\Documents\ADBU CSE(AI & ML)\5th sem\Minor Project\Project Prototype\Brain-Tumor-Minor-Project\dataset\Brain Tumor MRI images\Tumor\tumor (538).jpg,Brain Tumor MRI images/Tumor/tumor (538).jpg,1,Tumor,MRI,1d6a6ced3db1997b2ab25ee8858868975ab022d9187a146ddb3f76329d32384b,1
C:\Users\dondo\OneDrive\Documents\ADBU CSE(AI & ML)\5th sem\Minor Project\Project Prototype\Brain-Tumor-Minor-Project\dataset\Brain Tumor MRI images\Tumor\tumor (539).jpg,Brain Tumor MRI images/Tumor/tumor (539).jpg,1,Tumor,MRI,e74dddb4b95faba88f5fe9678d74ed4a2a5f52c126ddbc218f86c3bd1637bf0d,1
C:\Users\dondo\OneDrive\Documents\ADBU CSE(AI & ML)\5th sem\Minor Project\Project Prototype\Brain-Tumor-Minor-Project\dataset\Brain Tumor MRI images\Tumor\tumor (540).jpg,Brain Tumor MRI images/Tumor/tumor (540).jpg,1,Tumor,MRI,1158db9f1479a89bdcfc60e5e3ca6854ca9849c9ccd5ca16198910ecbe5dc508,1
C:\Users\dondo\OneDrive\Documents\ADBU CSE(AI & ML)\5th sem\Minor Project\Project Prototype\Brain-Tumor-Minor-Project\dataset\Brain Tumor MRI images\Tumor\tumor (543).jpg,Brain Tumor MRI images/Tumor/tumor (543).jpg,1,Tumor,MRI,8870ce93c9be0b37cc81ce3b8c5ed9f737187e039054ece85345956734b3199d,1
C:\Users\dondo\OneDrive\Documents\ADBU CSE(AI & ML)\5th sem\Minor Project\Project Prototype\Brain-Tumor-Minor-Project\dataset\Brain Tumor MRI images\Tumor\tumor (544).jpg,Brain Tumor MRI images/Tumor/tumor (544).jpg,1,Tumor,MRI,c3362744c0994ebd0642a9355466c22916434e2c3924f282f4ae6068630b7ee7,1
C:\Users\dondo\OneDrive\Documents\ADBU CSE(AI & ML)\5th sem\Minor Project\Project Prototype\Brain-Tumor-Minor-Project\dataset\Brain Tumor MRI images\Tumor\tumor (545).jpg,Brain Tumor MRI images/Tumor/tumor (545).jpg,1,Tumor,MRI,d0179dc2484764f0e0eab0b57af706705d96985d0e2d09a003b39f18be90f205,1
C:\Users\dondo\OneDrive\Documents\ADBU CSE(AI & ML)\5th sem\Minor Project\Project Prototype\Brain-Tumor-Minor-Project\dataset\Brain Tumor MRI images\Tumor\tumor (546).jpg,Brain Tumor MRI images/Tumor/tumor (546).jpg,1,Tumor,MRI,aa6942a9edaba84b70a661135622d5d3c2aa7c294222087c6437ce2bdb23c8a9,1
C:\Users\dondo\OneDrive\Documents\ADBU CSE(AI & ML)\5th sem\Minor Project\Project Prototype\Brain-Tumor-Minor-Project\dataset\Brain Tumor MRI images\Tumor\tumor (547).jpg,Brain Tumor MRI images/Tumor/tumor (547).jpg,1,Tumor,MRI,323c3d7f7e2ba0d4a45c551d953269f29be99420dfd1221a63dfd34b6a83edc5,1
C:\Users\dondo\OneDrive\Documents\ADBU CSE(AI & ML)\5th sem\Minor Project\Project Prototype\Brain-Tumor-Minor-Project\dataset\Brain Tumor MRI images\Tumor\tumor (548).jpg,Brain Tumor MRI images/Tumor/tumor (548).jpg,1,Tumor,MRI,5645d1fc065c1af595184e5031bfd97cdff05204f3d43d88058e9913ff4c2c09,1
C:\Users\dondo\OneDrive\Documents\ADBU CSE(AI & ML)\5th sem\Minor Project\Project Prototype\Brain-Tumor-Minor-Project\dataset\Brain Tumor MRI images\Tumor\tumor (549).jpg,Brain Tumor MRI images/Tumor/tumor (549).jpg,1,Tumor,MRI,1ddc07b40dd80b396ce695e57eaf6c1fb2f77ada6b89cb41593ed172ce143386,1
C:\Users\dondo\OneDrive\Documents\ADBU CSE(AI & ML)\5th sem\Minor Project\Project Prototype\Brain-Tumor-Minor-Project\dataset\Brain Tumor MRI images\Tumor\tumor (55).jpg,Brain Tumor MRI images/Tumor/tumor (55).jpg,1,Tumor,MRI,78d6cefe3297cf49267508438184ea990fc32445cc3b478728d14e15a0e9dd7f,1
C:\Users\dondo\OneDrive\Documents\ADBU CSE(AI & ML)\5th sem\Minor Project\Project Prototype\Brain-Tumor-Minor-Project\dataset\Brain Tumor MRI images\Tumor\tumor (550).jpg,Brain Tumor MRI images/Tumor/tumor (550).jpg,1,Tumor,MRI,694ccac77557acb2df1e007464b596d8bb2101a3c035f8fe2b81a6e0f24ccb9d,1
C:\Users\dondo\OneDrive\Documents\ADBU CSE(AI & ML)\5th sem\Minor Project\Project Prototype\Brain-Tumor-Minor-Project\dataset\Brain Tumor MRI images\Tumor\tumor (551).jpg,Brain Tumor MRI images/Tumor/tumor (551).jpg,1,Tumor,MRI,35c0a701abb6578a77312b9d5a5bc84d438283f52f3fc435e3995753541171ce,1
C:\Users\dondo\OneDrive\Documents\ADBU CSE(AI & ML)\5th sem\Minor Project\Project Prototype\Brain-Tumor-Minor-Project\dataset\Brain Tumor MRI images\Tumor\tumor (552).jpg,Brain Tumor MRI images/Tumor/tumor (552).jpg,1,Tumor,MRI,b75d3b17c45d310834ba37802dac2af44f72f92f033af6e5279ce998786abdc1,1
C:\Users\dondo\OneDrive\Documents\ADBU CSE(AI & ML)\5th sem\Minor Project\Project Prototype\Brain-Tumor-Minor-Project\dataset\Brain Tumor MRI images\Tumor\tumor (553).jpg,Brain Tumor MRI images/Tumor/tumor (553).jpg,1,Tumor,MRI,a1278dd9f48181c7e6581138c39a743a9ccec3e562719354edc8764404f739fb,1
C:\Users\dondo\OneDrive\Documents\ADBU CSE(AI & ML)\5th sem\Minor Project\Project Prototype\Brain-Tumor-Minor-Project\dataset\Brain Tumor MRI images\Tumor\tumor (555).jpg,Brain Tumor MRI images/Tumor/tumor (555).jpg,1,Tumor,MRI,fcd13413446c18f4014df86eb650ae3d1d734951308df23b580bb21e3ccb1d60,1
C:\Users\dondo\OneDrive\Documents\ADBU CSE(AI & ML)\5th sem\Minor Project\Project Prototype\Brain-Tumor-Minor-Project\dataset\Brain Tumor MRI images\Tumor\tumor (556).jpg,Brain Tumor MRI images/Tumor/tumor (556).jpg,1,Tumor,MRI,47659f0b7a3739148ba3a036ec2204283a0a233876b0a0458bf251bfae9c2da8,1
C:\Users\dondo\OneDrive\Documents\ADBU CSE(AI & ML)\5th sem\Minor Project\Project Prototype\Brain-Tumor-Minor-Project\dataset\Brain Tumor MRI images\Tumor\tumor (558).jpg,Brain Tumor MRI images/Tumor/tumor (558).jpg,1,Tumor,MRI,69328c57ae068628af63643557d386f2318ee123b924c151a595299c56682b3c,1
C:\Users\dondo\OneDrive\Documents\ADBU CSE(AI & ML)\5th sem\Minor Project\Project Prototype\Brain-Tumor-Minor-Project\dataset\Brain Tumor MRI images\Tumor\tumor (559).jpg,Brain Tumor MRI images/Tumor/tumor (559).jpg,1,Tumor,MRI,ebe6e738091b6e8e1388698bb4136d56f899a9beba92650b273e615527a97505,1
C:\Users\dondo\OneDrive\Documents\ADBU CSE(AI & ML)\5th sem\Minor Project\Project Prototype\Brain-Tumor-Minor-Project\dataset\Brain Tumor MRI images\Tumor\tumor (56).jpg,Brain Tumor MRI images/Tumor/tumor (56).jpg,1,Tumor,MRI,2568ab8c0862cead03b28c6af614e5da74890d86512c149c1a4a7d3f03f98f2b,1
C:\Users\dondo\OneDrive\Documents\ADBU CSE(AI & ML)\5th sem\Minor Project\Project Prototype\Brain-Tumor-Minor-Project\dataset\Brain Tumor MRI images\Tumor\tumor (560).jpg,Brain Tumor MRI images/Tumor/tumor (560).jpg,1,Tumor,MRI,4ed28a901ad410724e09fd59e31b339afddda9646c2a1235d9363ea86a174031,1
C:\Users\dondo\OneDrive\Documents\ADBU CSE(AI & ML)\5th sem\Minor Project\Project Prototype\Brain-Tumor-Minor-Project\dataset\Brain Tumor MRI images\Tumor\tumor (561).jpg,Brain Tumor MRI images/Tumor/tumor (561).jpg,1,Tumor,MRI,8889ecfb71b4bdbbc96afdd20f3ecb3ee411f75f48fec93600e4928cecd0aef1,1
C:\Users\dondo\OneDrive\Documents\ADBU CSE(AI & ML)\5th sem\Minor Project\Project Prototype\Brain-Tumor-Minor-Project\dataset\Brain Tumor MRI images\Tumor\tumor (562).jpg,Brain Tumor MRI images/Tumor/tumor (562).jpg,1,Tumor,MRI,0ae8bf426bdc0ca9fbdc0650d6bc63704c1bc6fdae606644e532a39795b70717,1
C:\Users\dondo\OneDrive\Documents\ADBU CSE(AI & ML)\5th sem\Minor Project\Project Prototype\Brain-Tumor-Minor-Project\dataset\Brain Tumor MRI images\Tumor\tumor (564).jpg,Brain Tumor MRI images/Tumor/tumor (564).jpg,1,Tumor,MRI,98e43989ca09a7cb73af0e1aa710d63d4d8d8a31ab35dbfe50fbd88b1df71c56,1
C:\Users\dondo\OneDrive\Documents\ADBU CSE(AI & ML)\5th sem\Minor Project\Project Prototype\Brain-Tumor-Minor-Project\dataset\Brain Tumor MRI images\Tumor\tumor (565).jpg,Brain Tumor MRI images/Tumor/tumor (565).jpg,1,Tumor,MRI,ed8066f5cf4eb2eec87f30ba65c8ccebfed6b84c123ecfccf679332bcbc92762,1
C:\Users\dondo\OneDrive\Documents\ADBU CSE(AI & ML)\5th sem\Minor Project\Project Prototype\Brain-Tumor-Minor-Project\dataset\Brain Tumor MRI images\Tumor\tumor (566).jpg,Brain Tumor MRI images/Tumor/tumor (566).jpg,1,Tumor,MRI,0761381702aaf26daaadc8ea2e01d2bb8201369c19567d3010606eb905973c6c,1
C:\Users\dondo\OneDrive\Documents\ADBU CSE(AI & ML)\5th sem\Minor Project\Project Prototype\Brain-Tumor-Minor-Project\dataset\Brain Tumor MRI images\Tumor\tumor (568).jpg,Brain Tumor MRI images/Tumor/tumor (568).jpg,1,Tumor,MRI,a9e482d311de23a0814b7028107da7fde870d14fe90f94dadd3931adc0f36a8c,1
C:\Users\dondo\OneDrive\Documents\ADBU CSE(AI & ML)\5th sem\Minor Project\Project Prototype\Brain-Tumor-Minor-Project\dataset\Brain Tumor MRI images\Tumor\tumor (569).jpg,Brain Tumor MRI images/Tumor/tumor (569).jpg,1,Tumor,MRI,c62d5368feb0e9f07bcc479c9388d4ee19e37070ca636c6cf62e33699e18f409,1
C:\Users\dondo\OneDrive\Documents\ADBU CSE(AI & ML)\5th sem\Minor Project\Project Prototype\Brain-Tumor-Minor-Project\dataset\Brain Tumor MRI images\Tumor\tumor (57).jpg,Brain Tumor MRI images/Tumor/tumor (57).jpg,1,Tumor,MRI,ce3baa48b3d16cac42e9ccfa0ea214edddb9b0d736033a5da61866ab47b97924,1
C:\Users\dondo\OneDrive\Documents\ADBU CSE(AI & ML)\5th sem\Minor Project\Project Prototype\Brain-Tumor-Minor-Project\dataset\Brain Tumor MRI images\Tumor\tumor (570).jpg,Brain Tumor MRI images/Tumor/tumor (570).jpg,1,Tumor,MRI,739e2c4af7b509d6e3a480ac3111597598caa80f8b549bac6073242bce0aa5ea,1
C:\Users\dondo\OneDrive\Documents\ADBU CSE(AI & ML)\5th sem\Minor Project\Project Prototype\Brain-Tumor-Minor-Project\dataset\Brain Tumor MRI images\Tumor\tumor (571).jpg,Brain Tumor MRI images/Tumor/tumor (571).jpg,1,Tumor,MRI,e2f6410661952320de21ab8b143176c664e3de4d957b89c1f0a06b32b49a77de,1
C:\Users\dondo\OneDrive\Documents\ADBU CSE(AI & ML)\5th sem\Minor Project\Project Prototype\Brain-Tumor-Minor-Project\dataset\Brain Tumor MRI images\Tumor\tumor (58).jpg,Brain Tumor MRI images/Tumor/tumor (58).jpg,1,Tumor,MRI,7d5115f430c628c5cbd34ac2beb22cc8beec7ee83d0828b37d10aad184847211,1
C:\Users\dondo\OneDrive\Documents\ADBU CSE(AI & ML)\5th sem\Minor Project\Project Prototype\Brain-Tumor-Minor-Project\dataset\Brain Tumor MRI images\Tumor\tumor (59).jpg,Brain Tumor MRI images/Tumor/tumor (59).jpg,1,Tumor,MRI,6deb5b57c87a129b5b2e4e996f5a4262a6fcd956348e0bffbd91c3c92d764328,2
C:\Users\dondo\OneDrive\Documents\ADBU CSE(AI & ML)\5th sem\Minor Project\Project Prototype\Brain-Tumor-Minor-Project\dataset\Brain Tumor MRI images\Tumor\tumor (6).jpg,Brain Tumor MRI images/Tumor/tumor (6).jpg,1,Tumor,MRI,d23054e199b1a5847b6187e1ed3e3f4fa43eb6f87e38a2cf33418d2cf662d8ad,1
C:\Users\dondo\OneDrive\Documents\ADBU CSE(AI & ML)\5th sem\Minor Project\Project Prototype\Brain-Tumor-Minor-Project\dataset\Brain Tumor MRI images\Tumor\tumor (60).jpg,Brain Tumor MRI images/Tumor/tumor (60).jpg,1,Tumor,MRI,839ace8bb18d07c78797b06fa97f5be1ef6d7261b07aa83d5e80fbcf4701acd0,1
C:\Users\dondo\OneDrive\Documents\ADBU CSE(AI & ML)\5th sem\Minor Project\Project Prototype\Brain-Tumor-Minor-Project\dataset\Brain Tumor MRI images\Tumor\tumor (61).jpg,Brain Tumor MRI images/Tumor/tumor (61).jpg,1,Tumor,MRI,511b5551d70080bba98180278b9f4198e52021db2b1e54c9add10bdf2deca0a7,1
C:\Users\dondo\OneDrive\Documents\ADBU CSE(AI & ML)\5th sem\Minor Project\Project Prototype\Brain-Tumor-Minor-Project\dataset\Brain Tumor MRI images\Tumor\tumor (62).jpg,Brain Tumor MRI images/Tumor/tumor (62).jpg,1,Tumor,MRI,8165dc0f58c381d380d4ec5117bb0fedf9d4d76656de11c0ce4b16d3911eeb8f,1
C:\Users\dondo\OneDrive\Documents\ADBU CSE(AI & ML)\5th sem\Minor Project\Project Prototype\Brain-Tumor-Minor-Project\dataset\Brain Tumor MRI images\Tumor\tumor (63).jpg,Brain Tumor MRI images/Tumor/tumor (63).jpg,1,Tumor,MRI,15efdeabc79184af75a14e3a23717e731b49625c7d5c565e3dc28126bd554e95,1
C:\Users\dondo\OneDrive\Documents\ADBU CSE(AI & ML)\5th sem\Minor Project\Project Prototype\Brain-Tumor-Minor-Project\dataset\Brain Tumor MRI images\Tumor\tumor (64).jpg,Brain Tumor MRI images/Tumor/tumor (64).jpg,1,Tumor,MRI,39357da331e76214d56b9463e588bb3dc8bea10e6f60ee5e700352506cdaf613,1
C:\Users\dondo\OneDrive\Documents\ADBU CSE(AI & ML)\5th sem\Minor Project\Project Prototype\Brain-Tumor-Minor-Project\dataset\Brain Tumor MRI images\Tumor\tumor (65).jpg,Brain Tumor MRI images/Tumor/tumor (65).jpg,1,Tumor,MRI,3f3f0eed8a3bdd3905b3796bea744e5cbdba2273fcab8f6524346a8a19627f72,1
C:\Users\dondo\OneDrive\Documents\ADBU CSE(AI & ML)\5th sem\Minor Project\Project Prototype\Brain-Tumor-Minor-Project\dataset\Brain Tumor MRI images\Tumor\tumor (66).jpg,Brain Tumor MRI images/Tumor/tumor (66).jpg,1,Tumor,MRI,f663fe0320803b2d9561634a858f42dd3070b7e09a08b6bb52984ab23c8a8ef3,1
C:\Users\dondo\OneDrive\Documents\ADBU CSE(AI & ML)\5th sem\Minor Project\Project Prototype\Brain-Tumor-Minor-Project\dataset\Brain Tumor MRI images\Tumor\tumor (67).jpg,Brain Tumor MRI images/Tumor/tumor (67).jpg,1,Tumor,MRI,99efb6a2b5470d76b1a405421935cc0aa6b5413a53d29619c768ed0c23b963fb,1
C:\Users\dondo\OneDrive\Documents\ADBU CSE(AI & ML)\5th sem\Minor Project\Project Prototype\Brain-Tumor-Minor-Project\dataset\Brain Tumor MRI images\Tumor\tumor (72).jpg,Brain Tumor MRI images/Tumor/tumor (72).jpg,1,Tumor,MRI,d4db827d932c9bf1b6435514f16e8728ba03b2de8058180c16b14915f7488e71,1
C:\Users\dondo\OneDrive\Documents\ADBU CSE(AI & ML)\5th sem\Minor Project\Project Prototype\Brain-Tumor-Minor-Project\dataset\Brain Tumor MRI images\Tumor\tumor (74).jpg,Brain Tumor MRI images/Tumor/tumor (74).jpg,1,Tumor,MRI,a2f2e0924557859449c54f2cd4a83f48ea8435757a22fdae659599f98963186c,1
C:\Users\dondo\OneDrive\Documents\ADBU CSE(AI & ML)\5th sem\Minor Project\Project Prototype\Brain-Tumor-Minor-Project\dataset\Brain Tumor MRI images\Tumor\tumor (75).jpg,Brain Tumor MRI images/Tumor/tumor (75).jpg,1,Tumor,MRI,1d3cc89309cbd3a24decd543e1b4de425ec6979f22a895056398767f6a6cac43,1
C:\Users\dondo\OneDrive\Documents\ADBU CSE(AI & ML)\5th sem\Minor Project\Project Prototype\Brain-Tumor-Minor-Project\dataset\Brain Tumor MRI images\Tumor\tumor (76).jpg,Brain Tumor MRI images/Tumor/tumor (76).jpg,1,Tumor,MRI,785cfce879dc8e29c1e47f4cb1551f9f11f5c9196e670e2667e19b08b39cf8e0,1
C:\Users\dondo\OneDrive\Documents\ADBU CSE(AI & ML)\5th sem\Minor Project\Project Prototype\Brain-Tumor-Minor-Project\dataset\Brain Tumor MRI images\Tumor\tumor (77).jpg,Brain Tumor MRI images/Tumor/tumor (77).jpg,1,Tumor,MRI,03b0e9ce1652d53fc03167bc25093a7015fddd86104f0e5e2822fc42c933e0f7,1
C:\Users\dondo\OneDrive\Documents\ADBU CSE(AI & ML)\5th sem\Minor Project\Project Prototype\Brain-Tumor-Minor-Project\dataset\Brain Tumor MRI images\Tumor\tumor (78).jpg,Brain Tumor MRI images/Tumor/tumor (78).jpg,1,Tumor,MRI,6b4871682a12be73ccd2125e7e9fc2b82ebd67851b2d94c4895d0f8b00614035,1
C:\Users\dondo\OneDrive\Documents\ADBU CSE(AI & ML)\5th sem\Minor Project\Project Prototype\Brain-Tumor-Minor-Project\dataset\Brain Tumor MRI images\Tumor\tumor (8).jpeg,Brain Tumor MRI images/Tumor/tumor (8).jpeg,1,Tumor,MRI,e253eaff1d0cc69745a8f80765e8de8619d80be01ca715d39af795ae6b80bd1e,1
C:\Users\dondo\OneDrive\Documents\ADBU CSE(AI & ML)\5th sem\Minor Project\Project Prototype\Brain-Tumor-Minor-Project\dataset\Brain Tumor MRI images\Tumor\tumor (80).jpg,Brain Tumor MRI images/Tumor/tumor (80).jpg,1,Tumor,MRI,9314c469faf38df05d080e8b3966887b8d310ed78fd82742dda19f88642649df,1
C:\Users\dondo\OneDrive\Documents\ADBU CSE(AI & ML)\5th sem\Minor Project\Project Prototype\Brain-Tumor-Minor-Project\dataset\Brain Tumor MRI images\Tumor\tumor (81).jpg,Brain Tumor MRI images/Tumor/tumor (81).jpg,1,Tumor,MRI,d5b48a085753c442b95a8b1c7b72762b89fd3844462fa69c38372bc9f8240595,1
C:\Users\dondo\OneDrive\Documents\ADBU CSE(AI & ML)\5th sem\Minor Project\Project Prototype\Brain-Tumor-Minor-Project\dataset\Brain Tumor MRI images\Tumor\tumor (82).jpg,Brain Tumor MRI images/Tumor/tumor (82).jpg,1,Tumor,MRI,9ec96190aa45bb87b998c80010871fd2f85ad1b3d0099f76df99122f5f6eae02,1
C:\Users\dondo\OneDrive\Documents\ADBU CSE(AI & ML)\5th sem\Minor Project\Project Prototype\Brain-Tumor-Minor-Project\dataset\Brain Tumor MRI images\Tumor\tumor (83).jpg,Brain Tumor MRI images/Tumor/tumor (83).jpg,1,Tumor,MRI,90d089860c1c43e43da49b0c79d68a9f385f94125c834f9c7e099ecaade401f7,1
C:\Users\dondo\OneDrive\Documents\ADBU CSE(AI & ML)\5th sem\Minor Project\Project Prototype\Brain-Tumor-Minor-Project\dataset\Brain Tumor MRI images\Tumor\tumor (84).jpg,Brain Tumor MRI images/Tumor/tumor (84).jpg,1,Tumor,MRI,66dab7f86418e558156be075490c472bd3831768681b9ec136c16baed3506bcb,1
C:\Users\dondo\OneDrive\Documents\ADBU CSE(AI & ML)\5th sem\Minor Project\Project Prototype\Brain-Tumor-Minor-Project\dataset\Brain Tumor MRI images\Tumor\tumor (86).jpg,Brain Tumor MRI images/Tumor/tumor (86).jpg,1,Tumor,MRI,91348a722df4ebdfedb07acbace140e2d4677cf078f4226ee1b5d4c0dba7d8db,1
C:\Users\dondo\OneDrive\Documents\ADBU CSE(AI & ML)\5th sem\Minor Project\Project Prototype\Brain-Tumor-Minor-Project\dataset\Brain Tumor MRI images\Tumor\tumor (87).jpg,Brain Tumor MRI images/Tumor/tumor (87).jpg,1,Tumor,MRI,9c6be5d7010ec91b3b4603bec064ce68632aa985a342cd4c8c977566234c0647,1
C:\Users\dondo\OneDrive\Documents\ADBU CSE(AI & ML)\5th sem\Minor Project\Project Prototype\Brain-Tumor-Minor-Project\dataset\Brain Tumor MRI images\Tumor\tumor (88).jpg,Brain Tumor MRI images/Tumor/tumor (88).jpg,1,Tumor,MRI,5005eddbffcc82bd0245932dc0da5adb1ef217d818f84819e542739221b9a157,1
C:\Users\dondo\OneDrive\Documents\ADBU CSE(AI & ML)\5th sem\Minor Project\Project Prototype\Brain-Tumor-Minor-Project\dataset\Brain Tumor MRI images\Tumor\tumor (9).jpeg,Brain Tumor MRI images/Tumor/tumor (9).jpeg,1,Tumor,MRI,5b8afb2dda27ee3a862e7de9e110a58a15058cb640809abf0cdffc66cdcd92e7,1
C:\Users\dondo\OneDrive\Documents\ADBU CSE(AI & ML)\5th sem\Minor Project\Project Prototype\Brain-Tumor-Minor-Project\dataset\Brain Tumor MRI images\Tumor\tumor (90).jpg,Brain Tumor MRI images/Tumor/tumor (90).jpg,1,Tumor,MRI,1d9ca96753b08e88de4a9e020bf8c252d771ac10aaea9872ade7e1c80e3d3599,1
C:\Users\dondo\OneDrive\Documents\ADBU CSE(AI & ML)\5th sem\Minor Project\Project Prototype\Brain-Tumor-Minor-Project\dataset\Brain Tumor MRI images\Tumor\tumor (92).jpg,Brain Tumor MRI images/Tumor/tumor (92).jpg,1,Tumor,MRI,d5072581d5ad3c9d23f89ad99bbe5ea608c34ef500f56efc6afb6dbf9c0598e7,1
C:\Users\dondo\OneDrive\Documents\ADBU CSE(AI & ML)\5th sem\Minor Project\Project Prototype\Brain-Tumor-Minor-Project\dataset\Brain Tumor MRI images\Tumor\tumor (93).jpg,Brain Tumor MRI images/Tumor/tumor (93).jpg,1,Tumor,MRI,1310766edf68b2c57888f136cc6ddc6b2ea2cefe129c87402f757a1cb91e5209,1
C:\Users\dondo\OneDrive\Documents\ADBU CSE(AI & ML)\5th sem\Minor Project\Project Prototype\Brain-Tumor-Minor-Project\dataset\Brain Tumor MRI images\Tumor\tumor (94).jpg,Brain Tumor MRI images/Tumor/tumor (94).jpg,1,Tumor,MRI,4311fed7b7523d27f4fb2e3571cdc8842ce52834948feb52cdcb9451d6ed713a,1
C:\Users\dondo\OneDrive\Documents\ADBU CSE(AI & ML)\5th sem\Minor Project\Project Prototype\Brain-Tumor-Minor-Project\dataset\Brain Tumor MRI images\Tumor\tumor (96).jpg,Brain Tumor MRI images/Tumor/tumor (96).jpg,1,Tumor,MRI,002d2df8bb13d455c9f9e7dbc3e22ac5a723fadf2e0bf4cab07497374da03e44,1
C:\Users\dondo\OneDrive\Documents\ADBU CSE(AI & ML)\5th sem\Minor Project\Project Prototype\Brain-Tumor-Minor-Project\dataset\Brain Tumor MRI images\Tumor\tumor (97).jpg,Brain Tumor MRI images/Tumor/tumor (97).jpg,1,Tumor,MRI,7422155254e5b29a4fe425f8c34e3ee75597214262cfa174b5e043bd736ae243,1
C:\Users\dondo\OneDrive\Documents\ADBU CSE(AI & ML)\5th sem\Minor Project\Project Prototype\Brain-Tumor-Minor-Project\dataset\Brain Tumor MRI images\Tumor\tumor (98).jpg,Brain Tumor MRI images/Tumor/tumor (98).jpg,1,Tumor,MRI,6466c2a0f15916e089926fbeb1dc1e09bcd990bd5f0651c819d3039c6a0636b3,1
